iter,tag,objective_value,triangle_area,var_restore,gini_restore,p90_restore,sequence
-1,baseline,485.2698995999999,212.25759365702748,39586.51188763073,0.6025472084063204,485.2698995999999,[(9, 10), 28, 11, 17, 15, 32, (11, 14)]
0,opt_equity_p90_restore_sa_init,485.2698995999999,212.25759365702748,39586.51188763073,0.6025472084063204,485.2698995999999,[(9, 10), 28, 11, 17, 15, 32, (11, 14)]
1,opt_equity_p90_restore_sa_it0000,468.27263300000004,187.10435254145492,37295.72869420763,0.5950433193009936,468.27263300000004,[(9, 10), 28, 11, (11, 14), 15, 32, 17]
2,opt_equity_p90_restore_sa_it0001,485.2698995999999,212.25759365702748,39586.51188763073,0.6025472084063204,485.2698995999999,[(9, 10), 28, 11, 17, 15, 32, (11, 14)]
3,opt_equity_p90_restore_sa_it0002,439.608661,178.2734754646449,31642.216651606246,0.5916866029275256,439.608661,[(9, 10), 28, 11, 15, (11, 14), 32, 17]
4,opt_equity_p90_restore_sa_it0003,439.608661,179.29865419764164,31884.91395438403,0.5882020830670021,439.608661,[(9, 10), 28, 15, 11, (11, 14), 32, 17]
5,opt_equity_p90_restore_sa_it0004,439.608661,178.2734754646449,31642.216651606246,0.5916866029275256,439.608661,[(9, 10), 28, 11, 15, (11, 14), 32, 17]
6,opt_equity_p90_restore_sa_it0005,311.652994,115.34821068278421,16893.478032182553,0.5652699717003375,311.652994,[(9, 10), (11, 14), 11, 15, 28, 32, 17]
7,opt_equity_p90_restore_sa_it0006,439.608661,178.2734754646449,31642.216651606246,0.5916866029275256,439.608661,[(9, 10), 28, 11, 15, (11, 14), 32, 17]
8,opt_equity_p90_restore_sa_it0007,395.86102400000004,249.72969820116015,31157.78557703076,0.5156370483457948,395.86102400000004,[17, (11, 14), 11, 15, 28, 32, (9, 10)]
9,opt_equity_p90_restore_sa_it0008,443.347961,163.41133693901887,33923.56584148267,0.5682950166795842,443.347961,[(9, 10), (11, 14), 28, 15, 11, 32, 17]
10,opt_equity_p90_restore_sa_it0009,303.561897,110.1182503362804,15559.120138092587,0.5665258691603885,303.561897,[(9, 10), (11, 14), 11, 15, 17, 32, 28]
11,opt_equity_p90_restore_sa_it0010,312.016702,108.0698613054087,16786.182144057562,0.5929451852858858,312.016702,[(9, 10), 11, (11, 14), 15, 17, 32, 28]
12,opt_equity_p90_restore_sa_it0011,479.925258,273.0336884884687,39302.34977532229,0.4775440214735738,479.925258,[32, (11, 14), 11, 15, 17, (9, 10), 28]
13,opt_equity_p90_restore_sa_it0012,360.393368,197.02316489167112,21967.814763325772,0.52080440064763,360.393368,[17, (11, 14), 11, 15, (9, 10), 32, 28]
14,opt_equity_p90_restore_sa_it0013,379.214624,139.57293099091913,24628.73648577947,0.562807367337055,379.214624,[(9, 10), (11, 14), 17, 15, 11, 32, 28]
15,opt_equity_p90_restore_sa_it0014,328.23211200000003,125.67186168548376,17786.85696124947,0.5871280696325931,328.23211200000003,[(9, 10), 17, 11, 15, (11, 14), 32, 28]
16,opt_equity_p90_restore_sa_it0015,311.652994,115.34821068278421,16893.478032182553,0.5652699717003375,311.652994,[(9, 10), (11, 14), 11, 15, 28, 32, 17]
17,opt_equity_p90_restore_sa_it0016,311.652994,115.34821068278421,16893.478032182553,0.5652699717003375,311.652994,[(9, 10), (11, 14), 11, 15, 28, 32, 17]
18,opt_equity_p90_restore_sa_it0017,479.925258,273.0336884884687,39302.34977532229,0.4775440214735738,479.925258,[32, (11, 14), 11, 15, 17, (9, 10), 28]
19,opt_equity_p90_restore_sa_it0018,303.561897,110.1182503362804,15559.120138092587,0.5665258691603885,303.561897,[(9, 10), (11, 14), 11, 15, 17, 28, 32]
20,opt_equity_p90_restore_sa_it0019,479.925258,273.0336884884687,38692.19440953964,0.5046070611301963,479.925258,[28, (11, 14), 11, 15, 17, (9, 10), 32]
21,opt_equity_p90_restore_sa_it0020,519.436638,187.76881286294866,42612.14474165158,0.5828180555518689,519.436638,[(9, 10), (11, 14), 32, 15, 17, 28, 11]
22,opt_equity_p90_restore_sa_it0021,519.337667,180.0621194800288,42638.749723929875,0.582796715616819,519.337667,[(9, 10), (11, 14), 28, 15, 17, 11, 32]
23,opt_equity_p90_restore_sa_it0022,328.23211200000003,125.67186168548376,17786.85696124947,0.5871280696325931,328.23211200000003,[(9, 10), 17, 11, 15, (11, 14), 28, 32]
24,opt_equity_p90_restore_sa_it0023,401.1890965999999,184.4968604812826,27958.936961984928,0.5829362935069196,401.1890965999999,[(9, 10), 32, 11, 15, 17, 28, (11, 14)]
25,opt_equity_p90_restore_sa_it0024,284.795131,132.98184314048885,13466.307818757765,0.5539397519759848,284.795131,[15, (11, 14), 11, (9, 10), 17, 28, 32]
26,opt_equity_p90_restore_sa_it0025,284.795131,132.98184314048885,13081.287139936148,0.5300066025585024,284.795131,[11, (11, 14), 15, (9, 10), 17, 28, 32]
27,opt_equity_p90_restore_sa_it0026,349.733791,172.98187385601548,20326.352631032296,0.5338795445881797,349.733791,[11, (11, 14), 15, 17, (9, 10), 28, 32]
28,opt_equity_p90_restore_sa_it0027,368.527286,172.37438751197453,22001.66206053733,0.5321146826140066,368.527286,[11, (11, 14), 17, (9, 10), 15, 28, 32]
29,opt_equity_p90_restore_sa_it0028,368.527286,172.37438751197453,22001.66206053733,0.5321146826140066,368.527286,[11, (11, 14), 17, (9, 10), 15, 28, 32]
30,opt_equity_p90_restore_sa_it0029,338.871493,160.1090867369614,18062.79941760482,0.5351251144172284,338.871493,[11, 17, 15, (9, 10), (11, 14), 28, 32]
31,opt_equity_p90_restore_sa_it0030,292.886228,138.2118034869927,14240.36944333288,0.5301593515909659,292.886228,[11, (11, 14), 15, (9, 10), 32, 28, 17]
32,opt_equity_p90_restore_sa_it0031,303.561897,111.46243402045695,15559.120138092587,0.5665258691603885,303.561897,[(9, 10), (11, 14), 15, 11, 17, 28, 32]
33,opt_equity_p90_restore_sa_it0032,303.58862600000003,128.51202114093732,14915.256886184849,0.5415027590077819,303.58862600000003,[11, (11, 14), (9, 10), 15, 17, 28, 32]
34,opt_equity_p90_restore_sa_it0033,276.36705500000005,124.66919836500094,12412.12188645877,0.5518804415278924,276.36705500000005,[11, 15, (11, 14), (9, 10), 17, 28, 32]
35,opt_equity_p90_restore_sa_it0034,388.421105,181.78877560018762,21917.215045674355,0.5065399025768744,388.421105,[11, 32, (11, 14), (9, 10), 17, 28, 15]
36,opt_equity_p90_restore_sa_it0035,330.887582,171.03343698877163,16800.808831006074,0.531084623583711,330.887582,[11, 15, 28, (9, 10), 17, (11, 14), 32]
37,opt_equity_p90_restore_sa_it0036,527.706878,278.2052927360281,42760.034869586125,0.5284916402172042,527.706878,[28, 15, (11, 14), (9, 10), 17, 11, 32]
38,opt_equity_p90_restore_sa_it0037,276.36705500000005,124.66919836500094,12546.042652361548,0.5570113185594334,276.36705500000005,[15, 11, (11, 14), (9, 10), 17, 28, 32]
39,opt_equity_p90_restore_sa_it0038,527.8058490000001,271.09752337429614,42774.7727364918,0.4947595526008606,527.8058490000001,[32, 11, (11, 14), (9, 10), 17, 28, 15]
40,opt_equity_p90_restore_sa_it0039,284.45815200000004,129.89915871150475,13711.085292397582,0.5560484709983682,284.45815200000004,[15, 11, (11, 14), (9, 10), 32, 28, 17]
41,opt_equity_p90_restore_sa_it0040,276.36705500000005,124.66919836500094,12546.042652361548,0.5570113185594334,276.36705500000005,[15, 11, (11, 14), (9, 10), 17, 32, 28]
42,opt_equity_p90_restore_sa_it0041,311.601965,136.3050212992034,15371.25066844536,0.5618375045533817,311.601965,[15, 11, 17, (9, 10), (11, 14), 32, 28]
43,opt_equity_p90_restore_sa_it0042,388.421105,194.05187360524602,22469.860635362504,0.551206723548076,388.421105,[15, 28, (11, 14), (9, 10), 17, 32, 11]
44,opt_equity_p90_restore_sa_it0043,341.30571499999996,164.66922908052751,19825.6933675652,0.5556885079643223,341.30571499999996,[15, 11, (11, 14), 17, (9, 10), 32, 28]
45,opt_equity_p90_restore_sa_it0044,307.778414,184.13576915122505,18876.86719076684,0.5363737448368391,307.778414,[15, 11, (11, 14), 28, 17, 32, (9, 10)]
46,opt_equity_p90_restore_sa_it0045,330.887582,171.03343698877163,17094.143534824616,0.5270882962446044,330.887582,[15, 11, 32, (9, 10), 17, (11, 14), 28]
47,opt_equity_p90_restore_sa_it0046,387.66942900000004,195.64675560564615,24716.06362826064,0.5314671650458196,387.66942900000004,[17, 11, (11, 14), (9, 10), 15, 32, 28]
48,opt_equity_p90_restore_sa_it0047,330.887582,171.03343698877163,17094.143534824616,0.5270882962446044,330.887582,[15, 11, 32, (9, 10), 17, (11, 14), 28]
49,opt_equity_p90_restore_sa_it0048,276.36705500000005,124.66919836500094,12412.12188645877,0.5518804415278924,276.36705500000005,[11, 15, (11, 14), (9, 10), 17, 32, 28]
50,opt_equity_p90_restore_sa_it0049,330.887582,171.03343698877163,16918.73697843573,0.5230826607724457,330.887582,[11, 15, 32, (9, 10), 17, (11, 14), 28]
