link_id,from_node,to_node,local_fft,dstap_fft
167,275,3510,0.72000072,36.000036
168,3510,275,0.72000072,36.000036
179,203,1172,1.26000126,63.000063
180,1172,203,1.26000126,63.000063
311,471,3017,0.63000063,31.5000315
312,3017,471,0.63000063,31.5000315
349,476,3118,0.69000069,34.5000345
350,3118,476,0.69000069,34.5000345
437,457,3183,1.26000126,63.000063
438,3183,457,1.26000126,63.000063
439,457,3185,0.75000075,37.5000375
440,3185,457,0.75000075,37.5000375
449,456,3214,2.01000201,100.5001005
450,3214,456,2.01000201,100.5001005
451,477,3032,0.69000069,34.5000345
452,3032,477,0.69000069,34.5000345
453,477,3215,1.11000111,55.5000555
454,3215,477,1.11000111,55.5000555
591,326,3630,0.54000054,27.000027
592,3630,326,0.54000054,27.000027
739,287,3634,1.14000114,57.000057
740,3634,287,1.14000114,57.000057
747,287,3653,0.66000066,33.000033
748,3653,287,0.66000066,33.000033
787,218,3965,1.02000102,51.000051
788,3965,218,1.02000102,51.000051
825,261,4016,1.17000117,58.5000585
826,4016,261,1.17000117,58.5000585
851,260,4005,0.45000045,22.5000225
852,4005,260,0.45000045,22.5000225
853,247,4024,0.78000078,39.000039
854,4024,247,0.78000078,39.000039
859,260,4007,0.51000051,25.5000255
860,4007,260,0.51000051,25.5000255
873,234,4067,1.05000105,52.5000525
874,4067,234,1.05000105,52.5000525
891,218,4148,0.69000069,34.5000345
892,4148,218,0.69000069,34.5000345
1003,202,3595,2.07000207,103.5001035
1004,3595,202,2.07000207,103.5001035
1011,202,4447,1.35000135,67.5000675
1012,4447,202,1.35000135,67.5000675
1133,450,1778,1.391998886,69.5999443
1134,1778,450,1.391998886,69.5999443
1201,469,1775,0.59999952,29.999976
1202,1775,469,0.59999952,29.999976
2081,339,1737,0.82,41.0
2082,1737,339,0.82,41.0
2575,133,6866,1.5,75.0
2576,6866,133,1.5,75.0
2791,442,2870,0.84,42.0
2792,2870,442,0.84,42.0
2811,444,3428,1.48,74.0
2812,3428,444,1.48,74.0
2813,443,3430,0.58,29.0
2814,3430,443,0.58,29.0
2915,159,4851,1.2,60.0
2916,4851,159,1.2,60.0
2945,193,5042,0.56,28.0
2946,5042,193,0.56,28.0
2947,159,4850,1.54,77.0
2948,4850,159,1.54,77.0
3737,595,5414,1.889999055,94.49995275
3738,5414,595,1.889999055,94.49995275
4007,983,5648,1.904999048,95.2499524
4008,5648,983,1.904999048,95.2499524
4131,16,6966,2.534998733,126.7499367
4132,6966,16,2.534998733,126.7499367
4249,983,7177,1.214999393,60.74996965
4250,7177,983,1.214999393,60.74996965
4271,976,7187,2.75999862,137.999931
4272,7187,976,2.75999862,137.999931
4273,976,7189,2.849998575,142.4999287
4274,7189,976,2.849998575,142.4999287
4279,981,7193,1.304999348,65.2499674
4280,7193,981,1.304999348,65.2499674
4527,52,2221,1.004999498,50.2499749
4528,2221,52,1.004999498,50.2499749
4575,52,2355,1.709999145,85.49995725
4576,2355,52,1.709999145,85.49995725
4579,52,2222,0.944999528,47.2499764
4580,2222,52,0.944999528,47.2499764
4581,55,2385,1.169999415,58.49997075
4582,2385,55,1.169999415,58.49997075
4587,42,2212,0.629999685,31.49998425
4588,2212,42,0.629999685,31.49998425
4771,557,5380,1.049999475,52.49997375
4772,5380,557,1.049999475,52.49997375
4895,603,6520,2.369998815,118.4999408
4896,6520,603,2.369998815,118.4999408
5120,3036,3212,0.482927065,24.14635325
5121,3217,3044,0.570731986,28.5365993
5182,6167,5046,0.488371866,24.4185933
5186,5045,5132,0.976743732,48.8371866
5600,6014,6012,1.779309731,88.96548655
5601,6013,6019,0.610344617,30.51723085
5666,6878,6884,0.455172257,22.75861285
5667,5973,6881,0.444827433,22.24137165
5714,3719,3628,0.285714286,14.2857143
5717,3744,3625,0.342857143,17.14285715
5746,4071,3961,0.742857143,37.14285715
5748,4074,4027,0.242857143,12.14285715
5919,2477,2483,0.773333333,38.66666665
5934,2482,2467,0.536170441,26.80852205
6050,6187,6185,0.164999918,8.2499959
6051,6184,6186,0.164999918,8.2499959
6063,6949,6952,0.164999918,8.2499959
6064,6953,6948,0.17999991,8.9999955
6219,3648,3907,0.127272727,6.36363635
6220,3907,3648,0.127272727,6.36363635
6251,4005,4058,0.290909091,14.54545455
6252,4058,4005,0.290909091,14.54545455
6365,6509,2844,1.383333333,69.16666665
6604,6508,6505,0.1375,6.875
6621,6876,5379,0.45,22.5
6647,2273,2275,0.45,22.5
6648,2275,2273,0.45,22.5
6759,3453,3454,0.25,12.5
6761,3411,3451,0.8,40.0
6933,3138,1775,0.843750527,42.18752635
6934,1775,3138,0.843750527,42.18752635
7201,3510,3511,0.672727273,33.63636365
7202,3511,3510,0.672727273,33.63636365
7399,4072,3965,0.6,30.0
7400,3965,4072,0.6,30.0
7497,5037,5041,0.854545455,42.72727275
7498,5041,5037,0.854545455,42.72727275
7543,6571,5035,1.018181818,50.9090909
7544,5035,6571,1.018181818,50.9090909
7759,2646,2634,0.45,22.5
7760,2634,2646,0.45,22.5
7837,3431,3434,0.066666667,3.33333335
7838,3434,3431,0.066666667,3.33333335
8239,4851,7453,0.4,20.0
8240,7453,4851,0.4,20.0
8423,5392,6393,1.416666667,70.83333335
8424,6393,5392,1.416666667,70.83333335
8759,5970,5379,0.175,8.75
8760,5379,5970,0.175,8.75
9013,3121,3122,0.272727273,13.63636365
9014,3122,3121,0.272727273,13.63636365
9037,3194,3186,0.563636364,28.1818182
9038,3186,3194,0.563636364,28.1818182
9103,4007,4055,0.345454545,17.27272725
9104,4055,4007,0.345454545,17.27272725
9127,3596,4097,0.527272727,26.36363635
9128,4097,3596,0.527272727,26.36363635
9267,5087,5058,0.316666667,15.83333335
9268,5058,5087,0.316666667,15.83333335
9321,2212,2229,2.0375,101.875
9322,2229,2212,2.0375,101.875
9671,6505,2840,0.054545455,2.72727275
9672,2840,6505,0.054545455,2.72727275
10177,7329,5685,2.029788098,101.4894049
10178,5685,7329,2.029788098,101.4894049
10491,3634,3911,0.599999613,29.99998065
10492,3911,3634,0.599999613,29.99998065
10531,7301,2999,0.096774131,4.83870655
10532,2999,7301,0.096774131,4.83870655
10710,2366,2367,1.127272727,56.36363635
10711,2367,2366,1.127272727,56.36363635
10728,2885,3186,0.727272727,36.36363635
10729,3186,2885,0.727272727,36.36363635
11005,2215,2211,1.327660139,66.38300695
11006,2211,2215,1.327660139,66.38300695
11133,5647,5696,0.765957773,38.29788865
11134,5696,5647,0.765957773,38.29788865
11337,3120,3122,0.620690083,31.03450415
11338,3122,3120,0.620690083,31.03450415
11351,3141,1775,0.806897108,40.3448554
11352,1775,3141,0.806897108,40.3448554
11399,3185,3227,0.475862397,23.79311985
11400,3227,3185,0.475862397,23.79311985
11401,3188,3185,0.310345042,15.5172521
11402,3185,3188,0.310345042,15.5172521
11461,3511,3527,0.827586778,41.3793389
11462,3527,3511,0.827586778,41.3793389
11469,3630,3631,0.848276447,42.41382235
11470,3631,3630,0.848276447,42.41382235
11661,1778,2598,0.82,41.0
11662,2598,1778,0.82,41.0
12089,2627,2628,1.687501055,84.37505275
12090,2628,2627,1.687501055,84.37505275
12093,2636,2635,0.618750387,30.93751935
12094,2635,2636,0.618750387,30.93751935
12095,1737,2639,0.975000609,48.75003045
12096,2639,1737,0.975000609,48.75003045
12133,2664,2637,0.506250316,25.3125158
12134,2637,2664,0.506250316,25.3125158
12205,3406,3403,1.575000984,78.7500492
12206,3403,3406,1.575000984,78.7500492
12385,5393,6393,0.506250316,25.3125158
12386,6393,5393,0.506250316,25.3125158
12391,5393,6394,0.750000469,37.50002345
12392,6394,5393,0.750000469,37.50002345
12639,7351,2220,0.918750574,45.9375287
12640,2220,7351,0.918750574,45.9375287
12795,1377,1247,1.67999916,83.999958
12796,1247,1377,1.67999916,83.999958
12799,1381,1382,4.31999784,215.999892
12800,1382,1381,4.31999784,215.999892
13095,2221,2229,2.894998553,144.7499277
13096,2229,2221,2.894998553,144.7499277
13161,2222,2382,0.569999715,28.49998575
13162,2382,2222,0.569999715,28.49998575
13541,5413,6666,0.35999982,17.999991
13542,6666,5413,0.35999982,17.999991
13555,5418,5412,0.89999955,44.9999775
13556,5412,5418,0.89999955,44.9999775
13897,5687,5684,0.95999952,47.999976
13898,5684,5687,0.95999952,47.999976
13899,5686,5687,0.524999738,26.2499869
13900,5687,5686,0.524999738,26.2499869
13925,5695,7192,2.114998943,105.7499472
13926,7192,5695,2.114998943,105.7499472
13929,5694,5681,1.124999438,56.2499719
13930,5681,5694,1.124999438,56.2499719
13995,5784,7183,0.29999985,14.9999925
13996,7183,5784,0.29999985,14.9999925
14013,5648,5646,1.85999907,92.9999535
14014,5646,5648,1.85999907,92.9999535
14277,6566,2363,0.35999982,17.999991
14278,2363,6566,0.35999982,17.999991
14301,6640,1216,2.789998605,139.4999303
14302,1216,6640,2.789998605,139.4999303
14759,7189,7179,2.729998635,136.4999318
14760,7179,7189,2.729998635,136.4999318
14935,7457,5694,1.484999258,74.2499629
14936,5694,7457,1.484999258,74.2499629
14977,3016,3086,0.413793389,20.68966945
14978,3086,3016,0.413793389,20.68966945
15041,3647,3746,0.248276033,12.41380165
15042,3746,3647,0.248276033,12.41380165
15093,3632,3899,0.248276033,12.41380165
15094,3899,3632,0.248276033,12.41380165
15141,4067,4019,0.186207025,9.31035125
15142,4019,4067,0.186207025,9.31035125
15151,4147,4148,0.496552067,24.82760335
15152,4148,4147,0.496552067,24.82760335
15375,3614,3615,0.243750152,12.1875076
15376,3615,3614,0.243750152,12.1875076
16072,1294,2204,4.994997503,249.7498751
16073,2204,1294,4.994997503,249.7498751
16155,1230,1229,0.78000078,39.000039
16156,1229,1230,0.78000078,39.000039
16177,3191,3192,0.6000006,30.00003
16178,3192,3191,0.6000006,30.00003
16181,3183,3194,1.89000189,94.5000945
16182,3194,3183,1.89000189,94.5000945
16189,3226,3222,1.29000129,64.5000645
16190,3222,3226,1.29000129,64.5000645
16195,3191,3238,0.93000093,46.5000465
16196,3238,3191,0.93000093,46.5000465
16243,3630,3664,0.3000003,15.000015
16244,3664,3630,0.3000003,15.000015
16311,3601,4452,0.69000069,34.5000345
16312,4452,3601,0.69000069,34.5000345
16319,5074,1229,0.78000078,39.000039
16320,1229,5074,0.78000078,39.000039
16323,5058,1228,1.17000117,58.5000585
16324,1228,5058,1.17000117,58.5000585
16329,3058,3059,0.99000099,49.5000495
16330,3059,3058,0.99000099,49.5000495
16591,3236,3190,0.82,41.0
16592,3190,3236,0.82,41.0
16623,3662,3663,2.12,106.0
16624,3663,3662,2.12,106.0
16685,5085,5063,0.92,46.0
16686,5063,5085,0.92,46.0
16761,3721,3628,0.35172438,17.586219
16928,2482,6954,0.71612857,35.8064285
16966,5134,5132,0.15483861,7.7419305
16968,5049,5047,0.135483784,6.7741892
16986,5126,5136,0.15483861,7.7419305
17252,6013,6017,0.35217376,17.608688
17311,6881,6882,0.417391123,20.86955615
17548,4070,4025,0.563636364,28.1818182
17551,4076,4072,0.127272727,6.36363635
17648,6143,3215,0.218181818,10.9090909
17726,5130,5128,0.818181818,40.9090909
17772,3219,3227,0.272727273,13.63636365
17853,5129,5133,0.854545455,42.72727275
17903,2478,6949,0.308571605,15.42858025
17985,6951,2481,0.565714609,28.28573045
18141,6882,6875,0.425,21.25
18694,6874,6876,0.3625,18.125
