stage,strategy,metric,n,mean,median,p95,minimum,maximum,sample_sd,incomplete
a-main,CEN,censored_access_zones,24,0,0.0,0.0,0,0,0.0,0
a-main,CEN,censored_cri_zones,24,0,0.0,0.0,0,0,0.0,0
a-main,CEN,completion_or_censor_time,24,942.5876594474389,808.7431763377663,1565.047896713631,443.75345254977015,2146.8998082158764,366.83546028383324,0
a-main,CEN,gini_access_restore,24,0.8953035361854447,0.9799033629640012,0.9968368012824782,0.3882359892502727,0.9983164983164983,0.18502761622678468,0
a-main,CEN,gini_final_cri,24,0.0,0.0,0.0,0.0,0.0,0.0,0
a-main,CEN,gini_restore,24,0.8679121720908486,0.9306223830951008,0.9860438884695423,0.37586705981781865,0.9900615330191598,0.18349299288683943,0
a-main,CEN,maximin_time_avg_cri_loss,24,0.13279973550082405,0.1318345246972989,0.21109634550991105,0.03795935462558875,0.22316455243858824,0.05094100693607908,0
a-main,CEN,mean_final_cri,24,1.0,1.0,1.0,1.0,1.0,0.0,0
a-main,CEN,mean_time_avg_cri,24,0.9836562168041156,0.9883019309626706,0.9974406011636069,0.9290050091896567,0.9980486732562829,0.015806256767101096,0
a-main,CEN,min_final_cri,24,1.0,1.0,1.0,1.0,1.0,0.0,0
a-main,CEN,min_time_avg_cri,24,0.867200264499176,0.868165475302701,0.9478487107155196,0.7768354475614118,0.9620406453744113,0.05094100693607908,0
a-main,CEN,p90_access_restore,24,39.87690332848131,0.0,248.1970632556357,0.0,326.3265725045395,87.81839819597018,0
a-main,CEN,p90_restore,24,56.3810522487606,0.0,248.1970632556357,0.0,326.3265725045395,88.8417493791258,0
a-main,CEN,p95_access_restore,24,62.512446480385854,0.0,273.73625825108684,0.0,326.3265725045395,98.9212367774548,0
a-main,CEN,p95_restore,24,141.41841088638367,114.89850783774087,359.3984718468176,0.0,574.3763049231354,143.4572054620857,0
a-main,CEN,power_loss,24,49.70824390282459,38.66298872140039,100.56559088974609,3.536125542898888,212.01689690706218,45.14913368392696,0
a-main,CEN,road_loss,24,4.798724057795682,1.9408786402010283,21.99588060069277,0.3491484300016088,35.593293912915236,8.156013750595145,0
a-main,CEN,shelter_access_final,24,1.0,1.0,1.0,1.0,1.0,0.0,0
a-main,CEN,shelter_access_initial,24,0.9620768437505212,0.9964672224638742,1.0,0.7930077873173604,1.0,0.06878449316345099,0
a-main,CEN,triangle_area,24,54.50696796062028,41.32319281924322,120.52810273875714,9.987014502075137,213.47579886125737,47.31543182246759,0
a-main,CEN,var_restore,24,8151.108413960659,5255.212751361381,21740.217177446862,343.03205734466746,36343.36080125243,8318.214545387562,0
a-main,CEN,weighted_triangle_area,24,64.505368227982,44.57898065448277,188.35042167226075,12.89350505062837,216.3390470017499,56.216443592294596,0
a-main,JSH,censored_access_zones,24,0,0.0,0.0,0,0,0.0,0
a-main,JSH,censored_cri_zones,24,0,0.0,0.0,0,0,0.0,0
a-main,JSH,completion_or_censor_time,24,962.0503656820886,833.7916849473592,1573.1532158136308,504.03056254977014,2355.120925215876,397.3715292888091,0
a-main,JSH,gini_access_restore,24,0.8989904058802982,0.9754817706968488,0.9958800479666298,0.4211180499797065,0.9983164983164983,0.17648943355166472,0
a-main,JSH,gini_final_cri,24,0.0,0.0,0.0,0.0,0.0,0.0,0
a-main,JSH,gini_restore,24,0.868805531065085,0.9369135955989641,0.9794238625751067,0.39442513846133576,0.9843103312269499,0.1795348477349598,0
a-main,JSH,maximin_time_avg_cri_loss,24,0.1647515638181981,0.13314122648500676,0.47675836479293193,0.028627824778069133,0.5581728338942121,0.13890463134868428,0
a-main,JSH,mean_final_cri,24,1.0,1.0,1.0,1.0,1.0,0.0,0
a-main,JSH,mean_time_avg_cri,24,0.9749111476104029,0.989103091834724,0.9969224184302227,0.8516308437590983,0.9978657315266332,0.037928966065159074,0
a-main,JSH,min_final_cri,24,1.0,1.0,1.0,1.0,1.0,0.0,0
a-main,JSH,min_time_avg_cri,24,0.8352484361818019,0.8668587735149933,0.964437197384952,0.44182716610578787,0.9713721752219309,0.13890463134868428,0
a-main,JSH,p90_access_restore,24,160.9305136857505,0.0,811.1800689054448,0.0,2301.962045337991,499.97078996176094,0
a-main,JSH,p90_restore,24,189.77199631736576,0.0,811.1800689054448,0.0,2301.962045337991,495.8893375597571,0
a-main,JSH,p95_access_restore,24,188.67034225022508,0.0,811.1800689054448,0.0,2301.962045337991,495.4481430053902,0
a-main,JSH,p95_restore,24,259.99041689774583,83.76400829724466,811.1800689054448,0.0,2301.962045337991,482.5570038793183,0
a-main,JSH,power_loss,24,69.73366206903266,32.96098452824128,193.66174336312943,2.8394207302437233,439.36011927615687,96.70950081623026,0
a-main,JSH,road_loss,24,12.848367141135292,2.3807596778907865,45.066372936316476,0.6656932662806861,181.0484934940646,37.279180664781514,0
a-main,JSH,shelter_access_final,24,1.0,1.0,1.0,1.0,1.0,0.0,0
a-main,JSH,shelter_access_initial,24,0.9620768437505212,0.9964672224638742,1.0,0.7930077873173604,1.0,0.06878449316345099,0
a-main,JSH,triangle_area,24,82.58202921016795,34.67431977640214,220.09057454704757,9.229477456176697,620.4086127702213,130.5424235486536,0
a-main,JSH,var_restore,24,68458.5790013427,4537.027119477372,132607.967140369,220.29862749174478,1283049.4502816454,260589.83692926983,0
a-main,JSH,weighted_triangle_area,24,115.47306139919294,39.46563660895481,319.32124863938924,11.012436247819268,1112.4235505899342,226.8086927406254,0
a-main,IJSH,censored_access_zones,24,0,0.0,0.0,0,0,0.0,0
a-main,IJSH,censored_cri_zones,24,0,0.0,0.0,0,0,0.0,0
a-main,IJSH,completion_or_censor_time,24,952.6297079793492,816.8623252702616,1573.1532158136308,495.4422005497702,2292.379836215876,386.40047973282304,0
a-main,IJSH,gini_access_restore,24,0.8972668461009957,0.9758524227051636,0.995879542854042,0.42045908902940377,0.9983164983164983,0.17658891237131516,0
a-main,IJSH,gini_final_cri,24,0.0,0.0,0.0,0.0,0.0,0.0,0
a-main,IJSH,gini_restore,24,0.868321357073411,0.9353877550987901,0.9794177956314525,0.3966627442936357,0.9843103312269499,0.17927524701268782,0
a-main,IJSH,maximin_time_avg_cri_loss,24,0.14934926122348793,0.11822266952382277,0.4570458781476036,0.028627824778069133,0.5577600967271872,0.13109556989115675,0
a-main,IJSH,mean_final_cri,24,1.0,1.0,1.0,1.0,1.0,0.0,0
a-main,IJSH,mean_time_avg_cri,24,0.9770589752464398,0.9895617944268418,0.9969224184302227,0.851793344650471,0.9978657315266332,0.03438795706327341,0
a-main,IJSH,min_final_cri,24,1.0,1.0,1.0,1.0,1.0,0.0,0
a-main,IJSH,min_time_avg_cri,24,0.8506507387765121,0.8817773304761772,0.9646414513802092,0.4422399032728129,0.9713721752219309,0.13109556989115675,0
a-main,IJSH,p90_access_restore,24,152.33782854010803,0.0,802.5072431756444,0.0,2239.220956337991,483.43913134503174,0
a-main,IJSH,p90_restore,24,177.92259326061122,0.0,802.5072431756444,0.0,2239.220956337991,479.3142198547858,0
a-main,IJSH,p95_access_restore,24,180.53683176940422,0.0,802.5072431756444,0.0,2239.220956337991,479.1800471448038,0
a-main,IJSH,p95_restore,24,243.7333894377021,86.88475644675032,808.5670591723297,0.0,2239.220956337991,468.6452577086846,0
a-main,IJSH,power_loss,24,67.99095546839735,29.80931261806553,199.6141891521878,2.8394207302437233,427.54366534066344,95.09790348720371,0
a-main,IJSH,road_loss,24,11.884870368279694,2.058333976318925,31.195908899592624,0.6656932662806861,176.32481086434765,35.83653600592051,0
a-main,IJSH,shelter_access_final,24,1.0,1.0,1.0,1.0,1.0,0.0,0
a-main,IJSH,shelter_access_initial,24,0.9620768437505212,0.9964672224638742,1.0,0.7930077873173604,1.0,0.06878449316345099,0
a-main,IJSH,triangle_area,24,79.87582583667704,31.23269549867063,221.6920397976853,9.229477456176697,603.868476205011,127.24706278235048,0
a-main,IJSH,var_restore,24,63535.623334025106,3818.334184502921,134617.3194694613,220.29862749174478,1214288.4659156913,247046.65593169254,0
a-main,IJSH,weighted_triangle_area,24,109.92044363206084,36.882433220239726,256.8041034426008,10.398890162544518,1082.3907098402,219.0626784356224,0
b-main,baseline_reference,censored_access_zones,6,0,0.0,0.0,0,0,0.0,0
b-main,baseline_reference,censored_cri_zones,6,0,0.0,0.0,0,0,0.0,0
b-main,baseline_reference,completion_or_censor_time,6,835.2791130999184,817.9708800815504,1074.6194163921643,515.7069310502432,1080.426090912012,213.25049755557887,0
b-main,baseline_reference,gini_access_restore,6,0.8977577723837509,0.9837472668039035,0.9934342483886056,0.4813541923206879,0.9951738351129782,0.20447804468297737,0
b-main,baseline_reference,gini_final_cri,6,0.0,0.0,0.0,0.0,0.0,0.0,0
b-main,baseline_reference,gini_restore,6,0.8772833431545848,0.9525044707141325,0.9798316605795079,0.5107165076448039,0.9846954054056707,0.18189817739187725,0
b-main,baseline_reference,maximin_time_avg_cri_loss,6,0.2093254345986344,0.14806833557827714,0.3846097727528066,0.12421801933499044,0.4174578738631871,0.11827642612120122,0
b-main,baseline_reference,mean_final_cri,6,1.0,1.0,1.0,1.0,1.0,0.0,0
b-main,baseline_reference,mean_time_avg_cri,6,0.9821649017780363,0.9876141953853647,0.9910767569118475,0.9519350510117616,0.9910846255740572,0.01509123864642413,0
b-main,baseline_reference,min_final_cri,6,1.0,1.0,1.0,1.0,1.0,0.0,0
b-main,baseline_reference,min_time_avg_cri,6,0.7906745654013656,0.8519316644217229,0.8738178420449048,0.5825421261368129,0.8757819806650096,0.11827642612120122,0
b-main,baseline_reference,p90_access_restore,6,24.49577494564569,0.0,110.2309872554056,0.0,146.97464967387413,60.00214947088428,0
b-main,baseline_reference,p90_restore,6,37.37799777897902,0.0,129.5543215054056,0.0,146.97464967387413,61.956628835922686,0
b-main,baseline_reference,p95_access_restore,6,24.49577494564569,0.0,110.2309872554056,0.0,146.97464967387413,60.00214947088428,0
b-main,baseline_reference,p95_restore,6,185.73215196627478,161.36799428400818,422.6669281507366,0.0,466.29749127101957,177.07859295509041,0
b-main,baseline_reference,power_loss,6,50.57829698033903,36.49278926402137,120.53473946726666,3.9097874961896326,134.68877934737938,48.57128923412291,0
b-main,baseline_reference,road_loss,6,8.02007672282806,6.087978212922497,18.579496331850446,1.106263534485186,20.29649801113067,7.523841367350616,0
b-main,baseline_reference,shelter_access_final,6,1.0,1.0,1.0,1.0,1.0,0.0,0
b-main,baseline_reference,shelter_access_initial,6,0.9628928368591095,0.9966364144037683,0.9997904805180052,0.7972576928699548,1.0,0.08126824233570137,0
b-main,baseline_reference,triangle_area,6,58.598373703167084,43.76366044677512,136.03367885923592,9.764941635523805,154.98527735851002,52.96123586527398,0
b-main,baseline_reference,var_restore,6,11079.806286956888,7179.960243538272,26105.756160884528,5055.480853643212,31850.454307443066,10255.36478463617,0
b-main,baseline_reference,weighted_triangle_area,6,82.02033968519525,51.19615942973298,205.68695481777877,21.752792699808705,248.92925452218185,83.61734226176506,0
b-main,single_triangle,censored_access_zones,6,0,0.0,0.0,0,0,0.0,0
b-main,single_triangle,censored_cri_zones,6,0,0.0,0.0,0,0,0.0,0
b-main,single_triangle,completion_or_censor_time,6,791.6408945999184,746.3834042183166,1076.4590076024688,486.65772605024335,1087.5989368326211,238.46060118126388,0
b-main,single_triangle,gini_access_restore,6,0.8999191361016432,0.9855247926337599,0.9933269398238758,0.48700973120567026,0.994949494949495,0.20268285452804696,0
b-main,single_triangle,gini_final_cri,6,0.0,0.0,0.0,0.0,0.0,0.0,0
b-main,single_triangle,gini_restore,6,0.8813984430869602,0.9523581346320655,0.978303483936621,0.5226953793725237,0.9836186470827846,0.1771304521993561,0
b-main,single_triangle,maximin_time_avg_cri_loss,6,0.17143959646964127,0.16586400933137596,0.2666429229205295,0.08457403773440153,0.2858577835498314,0.07074891192454442,0
b-main,single_triangle,mean_final_cri,6,1.0,1.0,1.0,1.0,1.0,0.0,0
b-main,single_triangle,mean_time_avg_cri,6,0.9855636758924693,0.9906612419190863,0.995299031950587,0.953423674637933,0.9956201080898707,0.015976231479239513,0
b-main,single_triangle,min_final_cri,6,1.0,1.0,1.0,1.0,1.0,0.0,0
b-main,single_triangle,min_time_avg_cri,6,0.8285604035303588,0.8341359906686241,0.907199622239639,0.7141422164501686,0.9154259622655985,0.07074891192454442,0
b-main,single_triangle,p90_access_restore,6,24.472500445645682,0.0,110.12625200540558,0.0,146.8350026738741,59.945138821865854,0
b-main,single_triangle,p90_restore,6,28.37419816435646,0.0,115.97879858347174,0.0,146.8350026738741,58.784324619052214,0
b-main,single_triangle,p95_access_restore,6,24.472500445645682,0.0,110.12625200540558,0.0,146.8350026738741,59.945138821865854,0
b-main,single_triangle,p95_restore,6,157.26106254132722,76.73994115105651,442.4620068328438,0.0,506.67286377712514,192.13007106826393,0
b-main,single_triangle,power_loss,6,34.70368717609868,17.91271434576437,105.78452121883126,0.0,129.4799414384117,47.90873603699319,0
b-main,single_triangle,road_loss,6,7.732954305080467,4.780312163946604,19.022599909114888,0.6213570804423637,20.549565822682187,8.004370270062582,0
b-main,single_triangle,shelter_access_final,6,1.0,1.0,1.0,1.0,1.0,0.0,0
b-main,single_triangle,shelter_access_initial,6,0.9628928368591095,0.9966364144037683,0.9997904805180052,0.7972576928699548,1.0,0.08126824233570137,0
b-main,single_triangle,triangle_area,6,42.436641481179144,22.32960076438184,121.5028146936059,5.374280961537016,150.02950726109387,53.60529632369428,0
b-main,single_triangle,var_restore,6,10088.797178834762,7645.9488524077005,28855.010909169916,589.8972890297241,35748.98858194714,13054.581428706246,0
b-main,single_triangle,weighted_triangle_area,6,64.57427234551812,29.934554758111464,194.82630479359105,21.108606461541104,247.128314818951,89.75255840910152,0
b-main,single_gini_restore,censored_access_zones,6,0,0.0,0.0,0,0,0.0,0
b-main,single_gini_restore,censored_cri_zones,6,0,0.0,0.0,0,0,0.0,0
b-main,single_gini_restore,completion_or_censor_time,6,761.3748855999183,737.6431380047668,1033.855686602469,464.0299710502433,1043.7874518326212,229.01303901870418,0
b-main,single_gini_restore,gini_access_restore,6,0.8961914579845207,0.9814027472592417,0.9932659932659933,0.47795960919980107,0.994949494949495,0.20538429942927675,0
b-main,single_gini_restore,gini_final_cri,6,0.0,0.0,0.0,0.0,0.0,0.0,0
b-main,single_gini_restore,gini_restore,6,0.8627976095354201,0.942016702073641,0.9752280972469807,0.47668439417533226,0.9808120363175374,0.19230814911708874,0
b-main,single_gini_restore,maximin_time_avg_cri_loss,6,0.16336324893800425,0.15341325942019857,0.24508769900953215,0.09663022517695075,0.26128522930508724,0.05896266395024161,0
b-main,single_gini_restore,mean_final_cri,6,1.0,1.0,1.0,1.0,1.0,0.0,0
b-main,single_gini_restore,mean_time_avg_cri,6,0.9819882424391395,0.9850615099164953,0.9950111437178405,0.9522459710235569,0.9963221289901473,0.015444472668329812,0
b-main,single_gini_restore,min_final_cri,6,1.0,1.0,1.0,1.0,1.0,0.0,0
b-main,single_gini_restore,min_time_avg_cri,6,0.8366367510619958,0.8465867405798014,0.8977917280716061,0.7387147706949128,0.9033697748230493,0.05896266395024161,0
b-main,single_gini_restore,p90_access_restore,6,24.49577494564569,0.0,110.2309872554056,0.0,146.97464967387413,60.00214947088428,0
b-main,single_gini_restore,p90_restore,6,61.934318433155255,0.0,205.2171081122616,0.0,224.6312609250574,99.04099376809828,0
b-main,single_gini_restore,p95_access_restore,6,24.49577494564569,0.0,110.2309872554056,0.0,146.97464967387413,60.00214947088428,0
b-main,single_gini_restore,p95_restore,6,238.920570783689,258.8210144625287,496.8130878254984,0.0,552.4775743468211,204.4292709279296,0
b-main,single_gini_restore,power_loss,6,44.932866121609685,25.16543448924169,131.8230817837949,1.564280904322228,163.4143032580394,59.37232247762472,0
b-main,single_gini_restore,road_loss,6,7.859144822291975,6.540085237816237,16.459615230706298,0.9101545750785591,17.231822934655536,6.697366597524153,0
b-main,single_gini_restore,shelter_access_final,6,1.0,1.0,1.0,1.0,1.0,0.0,0
b-main,single_gini_restore,shelter_access_initial,6,0.9628928368591095,0.9966364144037683,0.9997904805180052,0.7972576928699548,1.0,0.08126824233570137,0
b-main,single_gini_restore,triangle_area,6,52.79201094390165,30.786883143524285,147.04410606754982,10.145646688721653,180.6461261926949,64.04161926555926,0
b-main,single_gini_restore,var_restore,6,8373.896943094456,6385.858774722709,16895.19288882308,3310.946616178722,19461.904006943867,5759.888233460871,0
b-main,single_gini_restore,weighted_triangle_area,6,67.66401257376221,37.569552708284235,193.3341116493121,17.456756666071676,241.4490433770712,85.89673305494976,0
b-main,single_maximin_time_avg_cri,censored_access_zones,6,0,0.0,0.0,0,0,0.0,0
b-main,single_maximin_time_avg_cri,censored_cri_zones,6,0,0.0,0.0,0,0,0.0,0
b-main,single_maximin_time_avg_cri,completion_or_censor_time,6,795.9447249332517,771.2880052183167,1051.1612606421643,486.65772605024335,1053.619196912012,224.0807962653362,0
b-main,single_maximin_time_avg_cri,gini_access_restore,6,0.8974738328835415,0.984293672502468,0.9932659932659933,0.47795960919980107,0.994949494949495,0.20597924239289037,0
b-main,single_maximin_time_avg_cri,gini_final_cri,6,0.0,0.0,0.0,0.0,0.0,0.0,0
b-main,single_maximin_time_avg_cri,gini_restore,6,0.8711483833962246,0.9512588286892709,0.979125639287066,0.47668439417533226,0.9834265433362701,0.19535611133191277,0
b-main,single_maximin_time_avg_cri,maximin_time_avg_cri_loss,6,0.1363060856588418,0.13243638091345405,0.19660241004264972,0.0875981811926062,0.2089983410326237,0.044878600726894036,0
b-main,single_maximin_time_avg_cri,mean_final_cri,6,1.0,1.0,1.0,1.0,1.0,0.0,0
b-main,single_maximin_time_avg_cri,mean_time_avg_cri,6,0.9832656672333681,0.9889727123201439,0.9939653195587773,0.9522459710235569,0.9950734314425985,0.015630988674779734,0
b-main,single_maximin_time_avg_cri,min_final_cri,6,1.0,1.0,1.0,1.0,1.0,0.0,0
b-main,single_maximin_time_avg_cri,min_time_avg_cri,6,0.8636939143411582,0.8675636190865459,0.9100632108984991,0.7910016589673763,0.9124018188073938,0.044878600726894036,0
b-main,single_maximin_time_avg_cri,p90_access_restore,6,24.49577494564569,0.0,110.2309872554056,0.0,146.97464967387413,60.00214947088428,0
b-main,single_maximin_time_avg_cri,p90_restore,6,37.37799777897902,0.0,129.5543215054056,0.0,146.97464967387413,61.956628835922686,0
b-main,single_maximin_time_avg_cri,p95_access_restore,6,24.49577494564569,0.0,110.2309872554056,0.0,146.97464967387413,60.00214947088428,0
b-main,single_maximin_time_avg_cri,p95_restore,6,179.2737402926214,132.5044481575624,470.50112524138024,0.0,552.4775743468211,200.714109750423,0
b-main,single_maximin_time_avg_cri,power_loss,6,50.20127860700594,28.384234668607277,133.51223123376144,14.447778778182128,163.4143032580394,56.33495703787283,0
b-main,single_maximin_time_avg_cri,road_loss,6,6.978138866145827,4.3899457857496476,16.2809900244941,0.695643961256549,17.231822934655536,6.741021819809296,0
b-main,single_maximin_time_avg_cri,shelter_access_final,6,1.0,1.0,1.0,1.0,1.0,0.0,0
b-main,single_maximin_time_avg_cri,shelter_access_initial,6,0.9628928368591095,0.9966364144037683,0.9997904805180052,0.7972576928699548,1.0,0.08126824233570137,0
b-main,single_maximin_time_avg_cri,triangle_area,6,57.17941747315176,36.43783121157286,146.8693442936165,18.634122144538317,180.6461261926949,61.484047857412065,0
b-main,single_maximin_time_avg_cri,var_restore,6,7363.810667622289,6183.49777159351,16835.203308161646,1087.2589923369944,19461.904006943867,6620.378841826687,0
b-main,single_maximin_time_avg_cri,weighted_triangle_area,6,70.40757988287976,43.438006191276244,193.183318032796,21.419328558882444,241.4490433770712,84.54128411718511,0
b-main,single_p90_access_restore,censored_access_zones,6,0,0.0,0.0,0,0,0.0,0
b-main,single_p90_access_restore,censored_cri_zones,6,0,0.0,0.0,0,0,0.0,0
b-main,single_p90_access_restore,completion_or_censor_time,6,845.4127504332516,817.9708800815504,1108.607435352469,515.7069310502432,1118.0012168326214,226.91227700910883,0
b-main,single_p90_access_restore,gini_access_restore,6,0.9041496072362388,0.9837472668039035,0.9934342483886056,0.519705201435616,0.9951738351129782,0.1888613382253437,0
b-main,single_p90_access_restore,gini_final_cri,6,0.0,0.0,0.0,0.0,0.0,0.0,0
b-main,single_p90_access_restore,gini_restore,6,0.8927859936099405,0.9525044707141325,0.9798316605795079,0.6037324103769381,0.9846954054056707,0.1445348467280153,0
b-main,single_p90_access_restore,maximin_time_avg_cri_loss,6,0.20732034562292687,0.14806833557827714,0.3816021392892453,0.12421801933499044,0.4174578738631871,0.11680815824265538,0
b-main,single_p90_access_restore,mean_final_cri,6,1.0,1.0,1.0,1.0,1.0,0.0,0
b-main,single_p90_access_restore,mean_time_avg_cri,6,0.9819548664343043,0.9876141953853647,0.9910767569118475,0.950674838949369,0.9910846255740572,0.015596428501071003,0
b-main,single_p90_access_restore,min_final_cri,6,1.0,1.0,1.0,1.0,1.0,0.0,0
b-main,single_p90_access_restore,min_time_avg_cri,6,0.7926796543770731,0.8519316644217229,0.8738178420449048,0.5825421261368129,0.8757819806650096,0.11680815824265538,0
b-main,single_p90_access_restore,p90_access_restore,6,16.845709112477696,0.0,75.80569100614963,0.0,101.07425467486618,41.263391680923235,0
b-main,single_p90_access_restore,p90_restore,6,44.79203681513079,0.0,162.91749716808857,0.0,191.45888389078476,78.22123086862335,0
b-main,single_p90_access_restore,p95_access_restore,6,16.845709112477696,0.0,75.80569100614963,0.0,101.07425467486618,41.263391680923235,0
b-main,single_p90_access_restore,p95_restore,6,190.1729234662748,161.36799428400818,442.6503999007366,0.0,492.9421202710195,185.64852421298556,0
b-main,single_p90_access_restore,power_loss,6,60.05421013862134,36.49278926402137,163.17634867953709,3.9097874961896326,191.54425829707327,69.3598185034521,0
b-main,single_p90_access_restore,road_loss,6,7.917417901956397,6.087978212922497,18.117531637927964,1.106263534485186,19.68054508590069,7.324393686887585,0
b-main,single_p90_access_restore,shelter_access_final,6,1.0,1.0,1.0,1.0,1.0,0.0,0
b-main,single_p90_access_restore,shelter_access_initial,6,0.9628928368591095,0.9966364144037683,0.9997904805180052,0.7972576928699548,1.0,0.08126824233570137,0
b-main,single_p90_access_restore,triangle_area,6,67.97162804057774,43.76366044677512,178.2133233775839,9.764941635523805,211.22480338297396,74.16428652819882,0
b-main,single_p90_access_restore,var_restore,6,12589.030435630391,7179.960243538272,32897.26482991529,5055.480853643212,40905.799199484085,13931.015922547349,0
b-main,single_p90_access_restore,weighted_triangle_area,6,90.93087100883722,51.19615942973298,245.78434577416755,21.752792699808705,302.3924424640336,105.06016567176603,0
b-main,weighted_gini_restore_l050,censored_access_zones,6,0,0.0,0.0,0,0,0.0,0
b-main,weighted_gini_restore_l050,censored_cri_zones,6,0,0.0,0.0,0,0,0.0,0
b-main,weighted_gini_restore_l050,completion_or_censor_time,6,786.3913855999184,747.4761372183167,1048.1245683524692,486.65772605024335,1057.1993928326215,220.5005490837545,0
b-main,weighted_gini_restore_l050,gini_access_restore,6,0.8978030695525296,0.9839465932879544,0.9932659932659933,0.4813541923206879,0.994949494949495,0.20449934133996922,0
b-main,weighted_gini_restore_l050,gini_final_cri,6,0.0,0.0,0.0,0.0,0.0,0.0,0
b-main,weighted_gini_restore_l050,gini_restore,6,0.8762244052109642,0.9510117755942962,0.9828069699489369,0.5107165076448039,0.9887451683823394,0.18196395883420452,0
b-main,weighted_gini_restore_l050,maximin_time_avg_cri_loss,6,0.18405138255977932,0.1553157968814367,0.26679868732440476,0.14728022629947135,0.2860654694216651,0.054961964278520584,0
b-main,weighted_gini_restore_l050,mean_final_cri,6,1.0,1.0,1.0,1.0,1.0,0.0,0
b-main,weighted_gini_restore_l050,mean_time_avg_cri,6,0.9828787668642832,0.9877682369579133,0.9934627851183441,0.9519350510117616,0.9945677487173702,0.015521932548942024,0
b-main,weighted_gini_restore_l050,min_final_cri,6,1.0,1.0,1.0,1.0,1.0,0.0,0
b-main,weighted_gini_restore_l050,min_time_avg_cri,6,0.8159486174402206,0.8446842031185633,0.8517066640648859,0.7139345305783349,0.8527197737005286,0.054961964278520584,0
b-main,weighted_gini_restore_l050,p90_access_restore,6,24.49577494564569,0.0,110.2309872554056,0.0,146.97464967387413,60.00214947088428,0
b-main,weighted_gini_restore_l050,p90_restore,6,42.36612127897902,0.0,137.03650675540558,0.0,146.97464967387413,66.82633053526904,0
b-main,weighted_gini_restore_l050,p95_access_restore,6,24.49577494564569,0.0,110.2309872554056,0.0,146.97464967387413,60.00214947088428,0
b-main,weighted_gini_restore_l050,p95_restore,6,169.9453095481067,114.00746702950389,422.6669281507366,0.0,466.29749127101957,177.1457092710701,0
b-main,weighted_gini_restore_l050,power_loss,6,38.93727836257665,23.619323479595888,109.94889171293788,1.5192362810932436,134.68877934737938,48.3114494388301,0
b-main,weighted_gini_restore_l050,road_loss,6,8.11141566498161,5.092388616035718,19.1578694074836,0.9122869466110918,20.29649801113067,8.02092727580865,0
b-main,weighted_gini_restore_l050,shelter_access_final,6,1.0,1.0,1.0,1.0,1.0,0.0,0
b-main,weighted_gini_restore_l050,shelter_access_initial,6,0.9628928368591095,0.9966364144037683,0.9997904805180052,0.7972576928699548,1.0,0.08126824233570137,0
b-main,weighted_gini_restore_l050,triangle_area,6,47.048694027558255,31.946458751172628,125.55450227216937,7.517670146808486,154.98527735851002,54.0474864830187,0
b-main,weighted_gini_restore_l050,var_restore,6,10805.006516256919,7074.074032317367,27025.206001047827,3021.76755145172,31850.454307443066,10875.746016136194,0
b-main,weighted_gini_restore_l050,weighted_triangle_area,6,71.31227272131186,38.74730182331666,200.01367245427883,21.419328558882444,248.92925452218185,87.71353620028125,0
b-main,weighted_maximin_time_avg_cri_l050,censored_access_zones,6,0,0.0,0.0,0,0,0.0,0
b-main,weighted_maximin_time_avg_cri_l050,censored_cri_zones,6,0,0.0,0.0,0,0,0.0,0
b-main,weighted_maximin_time_avg_cri_l050,completion_or_censor_time,6,797.4932570999184,761.3517942183166,1059.1198556421643,486.65772605024335,1059.760009912012,227.058240940944,0
b-main,weighted_maximin_time_avg_cri_l050,gini_access_restore,6,0.8979187626240341,0.984293672502468,0.9932659932659933,0.4813541923206879,0.994949494949495,0.20455627451203692,0
b-main,weighted_maximin_time_avg_cri_l050,gini_final_cri,6,0.0,0.0,0.0,0.0,0.0,0.0,0
b-main,weighted_maximin_time_avg_cri_l050,gini_restore,6,0.8776207004214075,0.9510117755942962,0.9831089255279944,0.5107165076448039,0.9887451683823394,0.18221965434624787,0
b-main,weighted_maximin_time_avg_cri_l050,maximin_time_avg_cri_loss,6,0.1770536802902745,0.14930644557075684,0.26679868732440476,0.12393767514678211,0.2860654694216651,0.06053037722952739,0
b-main,weighted_maximin_time_avg_cri_l050,mean_final_cri,6,1.0,1.0,1.0,1.0,1.0,0.0,0
b-main,weighted_maximin_time_avg_cri_l050,mean_time_avg_cri,6,0.9827703352007795,0.9872160337934051,0.9939255494135987,0.9519350510117616,0.9945677487173702,0.01564998994834708,0
b-main,weighted_maximin_time_avg_cri_l050,min_final_cri,6,1.0,1.0,1.0,1.0,1.0,0.0,0
b-main,weighted_maximin_time_avg_cri_l050,min_time_avg_cri,6,0.8229463197097255,0.8506935544292431,0.8708698173901478,0.7139345305783349,0.8760623248532179,0.06053037722952739,0
b-main,weighted_maximin_time_avg_cri_l050,p90_access_restore,6,24.49577494564569,0.0,110.2309872554056,0.0,146.97464967387413,60.00214947088428,0
b-main,weighted_maximin_time_avg_cri_l050,p90_restore,6,37.37799777897902,0.0,129.5543215054056,0.0,146.97464967387413,61.956628835922686,0
b-main,weighted_maximin_time_avg_cri_l050,p95_access_restore,6,24.49577494564569,0.0,110.2309872554056,0.0,146.97464967387413,60.00214947088428,0
b-main,weighted_maximin_time_avg_cri_l050,p95_restore,6,185.73215196627478,161.36799428400818,422.6669281507366,0.0,466.29749127101957,177.07859295509041,0
b-main,weighted_maximin_time_avg_cri_l050,power_loss,6,40.97934131409352,29.517288889316305,110.06300343535297,1.5192362810932436,134.68877934737938,47.62642081203647,0
b-main,weighted_maximin_time_avg_cri_l050,road_loss,6,7.65256207349603,5.092388616035718,18.579496331850446,0.9122869466110918,20.29649801113067,7.699821629807929,0
b-main,weighted_maximin_time_avg_cri_l050,shelter_access_final,6,1.0,1.0,1.0,1.0,1.0,0.0,0
b-main,weighted_maximin_time_avg_cri_l050,shelter_access_initial,6,0.9628928368591095,0.9966364144037683,0.9997904805180052,0.7972576928699548,1.0,0.08126824233570137,0
b-main,weighted_maximin_time_avg_cri_l050,triangle_area,6,48.63190338758954,32.57167078267487,127.61671029646519,7.517670146808486,154.98527735851002,53.79815448381908,0
b-main,weighted_maximin_time_avg_cri_l050,var_restore,6,10425.517780868318,7074.074032317367,26007.154707591595,3021.76755145172,31850.454307443066,10668.210253674632,0
b-main,weighted_maximin_time_avg_cri_l050,weighted_triangle_area,6,72.8138317676931,43.25197896246042,200.01367245427883,21.419328558882444,248.92925452218185,87.13354699025766,0
b-main,guardrail_gini_restore,censored_access_zones,6,0,0.0,0.0,0,0,0.0,0
b-main,guardrail_gini_restore,censored_cri_zones,6,0,0.0,0.0,0,0,0.0,0
b-main,guardrail_gini_restore,completion_or_censor_time,6,768.7642490999184,723.0236040047668,1037.749255602469,480.6308340502433,1046.7710588326213,220.91560496201785,0
b-main,guardrail_gini_restore,gini_access_restore,6,0.8956482022865315,0.9818705437485509,0.9932659932659933,0.47457132543886527,0.994949494949495,0.20679745584644102,0
b-main,guardrail_gini_restore,gini_final_cri,6,0.0,0.0,0.0,0.0,0.0,0.0,0
b-main,guardrail_gini_restore,gini_restore,6,0.8615125546915877,0.9441224432804979,0.9758981289376338,0.4692803237857941,0.9827800648454621,0.1955180425132751,0
b-main,guardrail_gini_restore,maximin_time_avg_cri_loss,6,0.1503505854773797,0.15664117133774108,0.20605803958691346,0.05891076314867394,0.22117370250182233,0.05211413240541912,0
b-main,guardrail_gini_restore,mean_final_cri,6,1.0,1.0,1.0,1.0,1.0,0.0,0
b-main,guardrail_gini_restore,mean_time_avg_cri,6,0.9807529373895176,0.9851436707875922,0.9922757610671462,0.9530735174423213,0.9930525779984308,0.014499497014315146,0
b-main,guardrail_gini_restore,min_final_cri,6,1.0,1.0,1.0,1.0,1.0,0.0,0
b-main,guardrail_gini_restore,min_time_avg_cri,6,0.8496494145226203,0.8433588286622589,0.9188105142144662,0.7788262974981777,0.9410892368513261,0.05211413240541912,0
b-main,guardrail_gini_restore,p90_access_restore,6,24.472500445645682,0.0,110.12625200540558,0.0,146.8350026738741,59.945138821865854,0
b-main,guardrail_gini_restore,p90_restore,6,78.55534812280086,0.0,280.08156521566684,0.0,324.4970860629311,134.03971095268992,0
b-main,guardrail_gini_restore,p95_access_restore,6,24.472500445645682,0.0,110.12625200540558,0.0,146.8350026738741,59.945138821865854,0
b-main,guardrail_gini_restore,p95_restore,6,225.6765273717999,279.5901514799711,408.7224580451335,0.0,436.797582039201,172.20615907786186,0
b-main,guardrail_gini_restore,power_loss,6,54.70779522113252,35.80810187776725,143.60892673126767,0.2677812489657428,168.80113533468295,60.37074626160783,0
b-main,guardrail_gini_restore,road_loss,6,8.229158418861218,7.4690038310547475,16.487190070424717,0.691447998499475,16.758199354357846,7.137915768729902,0
b-main,guardrail_gini_restore,shelter_access_final,6,1.0,1.0,1.0,1.0,1.0,0.0,0
b-main,guardrail_gini_restore,shelter_access_initial,6,0.9628928368591095,0.9966364144037683,0.9997904805180052,0.7972576928699548,1.0,0.08126824233570137,0
b-main,guardrail_gini_restore,triangle_area,6,62.936953639993746,44.3017496268675,156.35043824666093,10.959550557552355,185.5593346890408,63.92323913357267,0
b-main,guardrail_gini_restore,var_restore,6,8600.924123887065,7342.039566893739,15855.541056195434,2424.9511044347337,17330.83025193143,5233.142414287478,0
b-main,guardrail_gini_restore,weighted_triangle_area,6,77.1425681504607,51.98429194623158,195.08874204176658,24.56152891642985,238.21620628724278,80.61241314503283,0
c-main,CEN,censored_access_zones,24,0,0.0,0.0,0,0,0.0,0
c-main,CEN,censored_cri_zones,24,0,0.0,0.0,0,0,0.0,0
c-main,CEN,completion_or_censor_time,24,942.5876594474389,808.7431763377663,1565.047896713631,443.75345254977015,2146.8998082158764,366.83546028383324,0
c-main,CEN,gini_access_restore,24,0.8953035361854447,0.9799033629640012,0.9968368012824782,0.3882359892502727,0.9983164983164983,0.18502761622678468,0
c-main,CEN,gini_final_cri,24,0.0,0.0,0.0,0.0,0.0,0.0,0
c-main,CEN,gini_restore,24,0.8679121720908486,0.9306223830951008,0.9860438884695423,0.37586705981781865,0.9900615330191598,0.18349299288683943,0
c-main,CEN,maximin_time_avg_cri_loss,24,0.13279973550082405,0.1318345246972989,0.21109634550991105,0.03795935462558875,0.22316455243858824,0.05094100693607908,0
c-main,CEN,mean_final_cri,24,1.0,1.0,1.0,1.0,1.0,0.0,0
c-main,CEN,mean_time_avg_cri,24,0.9836562168041156,0.9883019309626706,0.9974406011636069,0.9290050091896567,0.9980486732562829,0.015806256767101096,0
c-main,CEN,min_final_cri,24,1.0,1.0,1.0,1.0,1.0,0.0,0
c-main,CEN,min_time_avg_cri,24,0.867200264499176,0.868165475302701,0.9478487107155196,0.7768354475614118,0.9620406453744113,0.05094100693607908,0
c-main,CEN,p90_access_restore,24,39.87690332848131,0.0,248.1970632556357,0.0,326.3265725045395,87.81839819597018,0
c-main,CEN,p90_restore,24,56.3810522487606,0.0,248.1970632556357,0.0,326.3265725045395,88.8417493791258,0
c-main,CEN,p95_access_restore,24,62.512446480385854,0.0,273.73625825108684,0.0,326.3265725045395,98.9212367774548,0
c-main,CEN,p95_restore,24,141.41841088638367,114.89850783774087,359.3984718468176,0.0,574.3763049231354,143.4572054620857,0
c-main,CEN,power_loss,24,49.70824390282459,38.66298872140039,100.56559088974609,3.536125542898888,212.01689690706218,45.14913368392696,0
c-main,CEN,road_loss,24,4.798724057795682,1.9408786402010283,21.99588060069277,0.3491484300016088,35.593293912915236,8.156013750595145,0
c-main,CEN,shelter_access_final,24,1.0,1.0,1.0,1.0,1.0,0.0,0
c-main,CEN,shelter_access_initial,24,0.9620768437505212,0.9964672224638742,1.0,0.7930077873173604,1.0,0.06878449316345099,0
c-main,CEN,triangle_area,24,54.50696796062028,41.32319281924322,120.52810273875714,9.987014502075137,213.47579886125737,47.31543182246759,0
c-main,CEN,var_restore,24,8151.108413960659,5255.212751361381,21740.217177446862,343.03205734466746,36343.36080125243,8318.214545387562,0
c-main,CEN,weighted_triangle_area,24,64.505368227982,44.57898065448277,188.35042167226075,12.89350505062837,216.3390470017499,56.216443592294596,0
c-main,JSH,censored_access_zones,24,0,0.0,0.0,0,0,0.0,0
c-main,JSH,censored_cri_zones,24,0,0.0,0.0,0,0,0.0,0
c-main,JSH,completion_or_censor_time,24,962.0503656820886,833.7916849473592,1573.1532158136308,504.03056254977014,2355.120925215876,397.3715292888091,0
c-main,JSH,gini_access_restore,24,0.8989904058802982,0.9754817706968488,0.9958800479666298,0.4211180499797065,0.9983164983164983,0.17648943355166472,0
c-main,JSH,gini_final_cri,24,0.0,0.0,0.0,0.0,0.0,0.0,0
c-main,JSH,gini_restore,24,0.868805531065085,0.9369135955989641,0.9794238625751067,0.39442513846133576,0.9843103312269499,0.1795348477349598,0
c-main,JSH,maximin_time_avg_cri_loss,24,0.1647515638181981,0.13314122648500676,0.47675836479293193,0.028627824778069133,0.5581728338942121,0.13890463134868428,0
c-main,JSH,mean_final_cri,24,1.0,1.0,1.0,1.0,1.0,0.0,0
c-main,JSH,mean_time_avg_cri,24,0.9749111476104029,0.989103091834724,0.9969224184302227,0.8516308437590983,0.9978657315266332,0.037928966065159074,0
c-main,JSH,min_final_cri,24,1.0,1.0,1.0,1.0,1.0,0.0,0
c-main,JSH,min_time_avg_cri,24,0.8352484361818019,0.8668587735149933,0.964437197384952,0.44182716610578787,0.9713721752219309,0.13890463134868428,0
c-main,JSH,p90_access_restore,24,160.9305136857505,0.0,811.1800689054448,0.0,2301.962045337991,499.97078996176094,0
c-main,JSH,p90_restore,24,189.77199631736576,0.0,811.1800689054448,0.0,2301.962045337991,495.8893375597571,0
c-main,JSH,p95_access_restore,24,188.67034225022508,0.0,811.1800689054448,0.0,2301.962045337991,495.4481430053902,0
c-main,JSH,p95_restore,24,259.99041689774583,83.76400829724466,811.1800689054448,0.0,2301.962045337991,482.5570038793183,0
c-main,JSH,power_loss,24,69.73366206903266,32.96098452824128,193.66174336312943,2.8394207302437233,439.36011927615687,96.70950081623026,0
c-main,JSH,road_loss,24,12.848367141135292,2.3807596778907865,45.066372936316476,0.6656932662806861,181.0484934940646,37.279180664781514,0
c-main,JSH,shelter_access_final,24,1.0,1.0,1.0,1.0,1.0,0.0,0
c-main,JSH,shelter_access_initial,24,0.9620768437505212,0.9964672224638742,1.0,0.7930077873173604,1.0,0.06878449316345099,0
c-main,JSH,triangle_area,24,82.58202921016795,34.67431977640214,220.09057454704757,9.229477456176697,620.4086127702213,130.5424235486536,0
c-main,JSH,var_restore,24,68458.5790013427,4537.027119477372,132607.967140369,220.29862749174478,1283049.4502816454,260589.83692926983,0
c-main,JSH,weighted_triangle_area,24,115.47306139919294,39.46563660895481,319.32124863938924,11.012436247819268,1112.4235505899342,226.8086927406254,0
c-main,IJSH,censored_access_zones,24,0,0.0,0.0,0,0,0.0,0
c-main,IJSH,censored_cri_zones,24,0,0.0,0.0,0,0,0.0,0
c-main,IJSH,completion_or_censor_time,24,952.6297079793492,816.8623252702616,1573.1532158136308,495.4422005497702,2292.379836215876,386.40047973282304,0
c-main,IJSH,gini_access_restore,24,0.8972668461009957,0.9758524227051636,0.995879542854042,0.42045908902940377,0.9983164983164983,0.17658891237131516,0
c-main,IJSH,gini_final_cri,24,0.0,0.0,0.0,0.0,0.0,0.0,0
c-main,IJSH,gini_restore,24,0.868321357073411,0.9353877550987901,0.9794177956314525,0.3966627442936357,0.9843103312269499,0.17927524701268782,0
c-main,IJSH,maximin_time_avg_cri_loss,24,0.14934926122348793,0.11822266952382277,0.4570458781476036,0.028627824778069133,0.5577600967271872,0.13109556989115675,0
c-main,IJSH,mean_final_cri,24,1.0,1.0,1.0,1.0,1.0,0.0,0
c-main,IJSH,mean_time_avg_cri,24,0.9770589752464398,0.9895617944268418,0.9969224184302227,0.851793344650471,0.9978657315266332,0.03438795706327341,0
c-main,IJSH,min_final_cri,24,1.0,1.0,1.0,1.0,1.0,0.0,0
c-main,IJSH,min_time_avg_cri,24,0.8506507387765121,0.8817773304761772,0.9646414513802092,0.4422399032728129,0.9713721752219309,0.13109556989115675,0
c-main,IJSH,p90_access_restore,24,152.33782854010803,0.0,802.5072431756444,0.0,2239.220956337991,483.43913134503174,0
c-main,IJSH,p90_restore,24,177.92259326061122,0.0,802.5072431756444,0.0,2239.220956337991,479.3142198547858,0
c-main,IJSH,p95_access_restore,24,180.53683176940422,0.0,802.5072431756444,0.0,2239.220956337991,479.1800471448038,0
c-main,IJSH,p95_restore,24,243.7333894377021,86.88475644675032,808.5670591723297,0.0,2239.220956337991,468.6452577086846,0
c-main,IJSH,power_loss,24,67.99095546839735,29.80931261806553,199.6141891521878,2.8394207302437233,427.54366534066344,95.09790348720371,0
c-main,IJSH,road_loss,24,11.884870368279694,2.058333976318925,31.195908899592624,0.6656932662806861,176.32481086434765,35.83653600592051,0
c-main,IJSH,shelter_access_final,24,1.0,1.0,1.0,1.0,1.0,0.0,0
c-main,IJSH,shelter_access_initial,24,0.9620768437505212,0.9964672224638742,1.0,0.7930077873173604,1.0,0.06878449316345099,0
c-main,IJSH,triangle_area,24,79.87582583667704,31.23269549867063,221.6920397976853,9.229477456176697,603.868476205011,127.24706278235048,0
c-main,IJSH,var_restore,24,63535.623334025106,3818.334184502921,134617.3194694613,220.29862749174478,1214288.4659156913,247046.65593169254,0
c-main,IJSH,weighted_triangle_area,24,109.92044363206084,36.882433220239726,256.8041034426008,10.398890162544518,1082.3907098402,219.0626784356224,0
c-main,OD_CEN,censored_access_zones,24,0,0.0,0.0,0,0,0.0,0
c-main,OD_CEN,censored_cri_zones,24,0,0.0,0.0,0,0,0.0,0
c-main,OD_CEN,completion_or_censor_time,24,938.071153034722,808.8043298377663,1564.8941600636308,443.7720165497702,2148.4987762158767,369.44852411614863,0
c-main,OD_CEN,gini_access_restore,24,0.896619841148837,0.9772111422695787,0.9966715543402603,0.4050445201599524,0.9983164983164983,0.18498179504955756,0
c-main,OD_CEN,gini_final_cri,24,0.0,0.0,0.0,0.0,0.0,0.0,0
c-main,OD_CEN,gini_restore,24,0.8649449139504709,0.9355561990139528,0.9795205671919291,0.389324647643819,0.9900612665638124,0.18204184506936913,0
c-main,OD_CEN,maximin_time_avg_cri_loss,24,0.13885252248210814,0.13232207923620865,0.21883705607695028,0.03795273374067798,0.3213059212816771,0.060704213601312555,0
c-main,OD_CEN,mean_final_cri,24,1.0,1.0,1.0,1.0,1.0,0.0,0
c-main,OD_CEN,mean_time_avg_cri,24,0.9826277564444631,0.988061934152485,0.9975025411736251,0.9301091347557316,0.9980063617404513,0.01566387997329988,0
c-main,OD_CEN,min_final_cri,24,1.0,1.0,1.0,1.0,1.0,0.0,0
c-main,OD_CEN,min_time_avg_cri,24,0.8611474775178919,0.8676779207637914,0.9391286796367242,0.6786940787183229,0.962047266259322,0.060704213601312555,0
c-main,OD_CEN,p90_access_restore,24,40.93016156706411,0.0,247.75684615563569,0.0,327.8651275045395,88.88122684648641,0
c-main,OD_CEN,p90_restore,24,62.63372920709393,0.0,256.0230656228252,0.0,327.8651275045395,93.37805619989355,0
c-main,OD_CEN,p95_access_restore,24,54.62065365688524,0.0,247.75684615563569,0.0,327.8651275045395,90.55938101460471,0
c-main,OD_CEN,p95_restore,24,153.6377296147682,139.23234310936877,359.55214054681767,0.0,574.5262329231354,142.76737867455424,0
c-main,OD_CEN,power_loss,24,49.76128712237051,38.66109214025714,100.65921001730443,3.536740570800439,212.06409193091906,45.18418645764806,0
c-main,OD_CEN,road_loss,24,13.206455549596289,2.540803566751678,21.346951049227165,0.3227089765306602,219.44392779571967,44.20652812580471,0
c-main,OD_CEN,shelter_access_final,24,1.0,1.0,1.0,1.0,1.0,0.0,0
c-main,OD_CEN,shelter_access_initial,24,0.9620768437505212,0.9964672224638742,1.0,0.7930077873173604,1.0,0.06878449316345099,0
c-main,OD_CEN,triangle_area,24,62.967742671966796,41.37538930984665,198.73992230653994,9.961266647135302,307.51694180819175,68.98232169918697,0
c-main,OD_CEN,var_restore,24,8534.666429646008,5459.197197332447,22894.53251704804,835.2506561721245,36303.47242183766,8444.930993033246,0
c-main,OD_CEN,weighted_triangle_area,24,72.69141499692624,45.1329922538616,209.58810854683946,14.036668832220915,375.5778606218425,81.21292346676543,0
c-main,OD_JSH,censored_access_zones,24,0,0.0,0.0,0,0,0.0,0
c-main,OD_JSH,censored_cri_zones,24,0,0.0,0.0,0,0,0.0,0
c-main,OD_JSH,completion_or_censor_time,24,955.063012659722,835.0508704473592,1573.2650206636308,504.05405454977017,2357.1961752158763,403.19628696012205,0
c-main,OD_JSH,gini_access_restore,24,0.9008522975278606,0.9747789841086092,0.9958842738488641,0.431110368520645,0.9983164983164983,0.17574724990124482,0
c-main,OD_JSH,gini_final_cri,24,0.0,0.0,0.0,0.0,0.0,0.0,0
c-main,OD_JSH,gini_restore,24,0.865594880571115,0.9447571445761989,0.9759758548000746,0.4013757252432548,0.984310811513639,0.17875401524192047,0
c-main,OD_JSH,maximin_time_avg_cri_loss,24,0.1769394609155368,0.13499479872788223,0.4767398071874916,0.028611515450537528,0.5581516049905181,0.1385521519645531,0
c-main,OD_JSH,mean_final_cri,24,1.0,1.0,1.0,1.0,1.0,0.0,0
c-main,OD_JSH,mean_time_avg_cri,24,0.9737526483109533,0.9874853752882446,0.9964057985617126,0.8503604871149758,0.9979280735850132,0.03760069898398152,0
c-main,OD_JSH,min_final_cri,24,1.0,1.0,1.0,1.0,1.0,0.0,0
c-main,OD_JSH,min_time_avg_cri,24,0.8230605390844632,0.8650052012721178,0.9451528042134357,0.4418483950094819,0.9713884845494625,0.1385521519645531,0
c-main,OD_JSH,p90_access_restore,24,160.5924483524172,0.0,811.222061305445,0.0,2304.0372953379915,500.47279073263684,0
c-main,OD_JSH,p90_restore,24,196.11599840069914,0.0,811.222061305445,0.0,2304.0372953379915,495.35136976664626,0
c-main,OD_JSH,p95_access_restore,24,184.86648106105497,0.0,811.222061305445,0.0,2304.0372953379915,495.6690841652467,0
c-main,OD_JSH,p95_restore,24,268.136664853366,123.57024966434959,811.222061305445,0.0,2304.0372953379915,478.80475473741257,0
c-main,OD_JSH,power_loss,24,69.77729656639077,33.011747405860035,193.6695242091881,2.84002914378428,439.79079621238753,96.76978714964991,0
c-main,OD_JSH,road_loss,24,21.243825775205526,3.4563947160982886,43.45881173155117,0.6442268599627914,362.85483551882686,73.44682272519604,0
c-main,OD_JSH,shelter_access_final,24,1.0,1.0,1.0,1.0,1.0,0.0,0
c-main,OD_JSH,shelter_access_initial,24,0.9620768437505212,0.9964672224638742,1.0,0.7930077873173604,1.0,0.06878449316345099,0
c-main,OD_JSH,triangle_area,24,91.0211223415963,38.60842000778834,219.90024173857077,9.525752460571127,802.6456317312143,163.85670108994583,0
c-main,OD_JSH,var_restore,24,68554.18684060058,5454.047631257525,132861.5481682989,565.1976667860395,1275079.8546592023,258888.17262462492,0
c-main,OD_JSH,weighted_triangle_area,24,123.75745900830297,41.56241111462761,317.8634640782252,11.30459128449464,1292.577354738184,261.29093936900574,0
c-main,OD_IJSH,censored_access_zones,24,0,0.0,0.0,0,0,0.0,0
c-main,OD_IJSH,censored_cri_zones,24,0,0.0,0.0,0,0,0.0,0
c-main,OD_IJSH,completion_or_censor_time,24,944.567036159722,818.5988957702616,1573.2650206636308,495.4525335497701,2293.834782215876,392.76945080933433,0
c-main,OD_IJSH,gini_access_restore,24,0.8986740934383032,0.9746794013071283,0.9958842738488641,0.4333100574283111,0.9983164983164983,0.17517065568972875,0
c-main,OD_IJSH,gini_final_cri,24,0.0,0.0,0.0,0.0,0.0,0.0,0
c-main,OD_IJSH,gini_restore,24,0.8652030339051866,0.9428955414789215,0.976065542051904,0.406761067456312,0.984310811513639,0.17799394678967262,0
c-main,OD_IJSH,maximin_time_avg_cri_loss,24,0.1640333177837413,0.12927368353623614,0.457649885267908,0.028611515450537528,0.5577416246353395,0.13294514140099345,0
c-main,OD_IJSH,mean_final_cri,24,1.0,1.0,1.0,1.0,1.0,0.0,0
c-main,OD_IJSH,mean_time_avg_cri,24,0.9758330685509684,0.9862476330104853,0.9966581374933937,0.8504894745523557,0.9979280735850132,0.034142435799155275,0
c-main,OD_IJSH,min_final_cri,24,1.0,1.0,1.0,1.0,1.0,0.0,0
c-main,OD_IJSH,min_time_avg_cri,24,0.8359666822162587,0.8707263164637639,0.9457764472916377,0.4422583753646605,0.9713884845494625,0.13294514140099345,0
c-main,OD_IJSH,p90_access_restore,24,152.24816195665701,0.0,802.6696350756442,0.0,2240.6759023379914,483.79387665842347,0
c-main,OD_IJSH,p90_restore,24,184.47600709382687,0.0,802.6696350756442,0.0,2240.6759023379914,478.7361968302787,0
c-main,OD_IJSH,p95_access_restore,24,179.2537264167013,0.0,802.6696350756442,0.0,2240.6759023379914,479.19249357666104,0
c-main,OD_IJSH,p95_restore,24,255.2233427026016,113.23271503009965,808.7262932723296,0.0,2240.6759023379914,464.9116532357115,0
c-main,OD_IJSH,power_loss,24,68.03625842764859,29.87457041449727,199.63250059798938,2.84002914378428,427.8477549189744,95.14163991089893,0
c-main,OD_IJSH,road_loss,24,20.27869303504549,3.175728638455742,29.62210459235935,0.6442268599627914,358.09538034649376,72.33979495322592,0
c-main,OD_IJSH,shelter_access_final,24,1.0,1.0,1.0,1.0,1.0,0.0,0
c-main,OD_IJSH,shelter_access_initial,24,0.9620768437505212,0.9964672224638742,1.0,0.7930077873173604,1.0,0.06878449316345099,0
c-main,OD_IJSH,triangle_area,24,88.31495146269407,36.33892258996022,221.5347930758193,9.525752460571127,785.943135265468,160.55653593779905,0
c-main,OD_IJSH,var_restore,24,63558.47660204452,5245.742774083278,134748.67967881172,543.3052729347818,1206409.6364504797,245368.19091289642,0
c-main,OD_IJSH,weighted_triangle_area,24,118.16502143008938,38.913000300139075,255.59435914775324,10.554528188240345,1262.4063151080527,253.8685362619059,0
