checkpoint,strategy,asset_type,total_assets,scored_assets,missing_scores,coverage_fraction
8,CEN,power,128,128,0,1.0
8,CEN,road,8414,8414,0,1.0
8,IJSH,power,128,72,56,0.5625
8,IJSH,road,8414,62,8352,0.0073686712621820775
8,IJSH_a0,power,128,72,56,0.5625
8,IJSH_a0,road,8414,62,8352,0.0073686712621820775
8,IJSH_a0.5,power,128,72,56,0.5625
8,IJSH_a0.5,road,8414,62,8352,0.0073686712621820775
8,IJSH_a2,power,128,72,56,0.5625
8,IJSH_a2,road,8414,62,8352,0.0073686712621820775
8,JSH,power,128,72,56,0.5625
8,JSH,road,8414,62,8352,0.0073686712621820775
16,CEN,power,128,128,0,1.0
16,CEN,road,8414,8414,0,1.0
16,IJSH,power,128,105,23,0.8203125
16,IJSH,road,8414,123,8291,0.014618492987877348
16,IJSH_a0,power,128,105,23,0.8203125
16,IJSH_a0,road,8414,123,8291,0.014618492987877348
16,IJSH_a0.5,power,128,105,23,0.8203125
16,IJSH_a0.5,road,8414,123,8291,0.014618492987877348
16,IJSH_a2,power,128,105,23,0.8203125
16,IJSH_a2,road,8414,123,8291,0.014618492987877348
16,JSH,power,128,105,23,0.8203125
16,JSH,road,8414,123,8291,0.014618492987877348
24,CEN,power,128,128,0,1.0
24,CEN,road,8414,8414,0,1.0
24,IJSH,power,128,119,9,0.9296875
24,IJSH,road,8414,193,8221,0.022937960541953885
24,IJSH_a0,power,128,119,9,0.9296875
24,IJSH_a0,road,8414,193,8221,0.022937960541953885
24,IJSH_a0.5,power,128,119,9,0.9296875
24,IJSH_a0.5,road,8414,193,8221,0.022937960541953885
24,IJSH_a2,power,128,119,9,0.9296875
24,IJSH_a2,road,8414,193,8221,0.022937960541953885
24,JSH,power,128,119,9,0.9296875
24,JSH,road,8414,193,8221,0.022937960541953885
