stage,job_id,strategy,scenario_id,scenario_seed,crew,jobs,travel_minutes,repair_minutes,final_finish_minutes,idle_before_crew_finish_minutes,idle_to_all_repairs_complete_minutes
a-main,main_00001_CEN_c009d56e1301,CEN,main_00001,20264001,power-0,10,510.5364042631266,199.99999999999997,710.5364042631265,0,0
a-main,main_00001_CEN_c009d56e1301,CEN,main_00001,20264001,road-0,10,336.03484199999997,100.00000000000001,436.03484199999997,0,274.5015622631266
a-main,main_00001_IJSH_3d6102eab38a,IJSH,main_00001,20264001,power-0,10,659.4204572631265,199.9999999999999,859.4204572631264,0,0
a-main,main_00001_IJSH_3d6102eab38a,IJSH,main_00001,20264001,road-0,10,336.68332799999996,100.0,436.68332799999996,0,422.73712926312646
a-main,main_00001_JSH_24a7b3a603de,JSH,main_00001,20264001,power-0,10,659.4204572631265,199.9999999999999,859.4204572631264,0,0
a-main,main_00001_JSH_24a7b3a603de,JSH,main_00001,20264001,road-0,10,336.68332799999996,100.0,436.68332799999996,0,422.73712926312646
a-main,main_00002_CEN_ec39b9a63474,CEN,main_00002,20264002,power-0,8,283.7534525497702,159.99999999999994,443.75345254977015,0,0
a-main,main_00002_CEN_ec39b9a63474,CEN,main_00002,20264002,road-0,3,177.02362499999998,29.999999999999986,207.02362499999998,1.4210854715202004e-14,236.72982754977016
a-main,main_00002_IJSH_a5bcd6da496b,IJSH,main_00002,20264002,power-0,8,335.4422005497702,160.0,495.4422005497702,0,0
a-main,main_00002_IJSH_a5bcd6da496b,IJSH,main_00002,20264002,road-0,3,171.49232700000002,30.0,201.49232700000002,0,293.94987354977013
a-main,main_00002_JSH_0c401e1e9d8d,JSH,main_00002,20264002,power-0,8,344.03056254977014,160.0,504.03056254977014,0,0
a-main,main_00002_JSH_0c401e1e9d8d,JSH,main_00002,20264002,road-0,3,171.483889,30.0,201.483889,0,302.54667354977016
a-main,main_00003_CEN_fe84ace3945e,CEN,main_00003,20264003,power-0,13,543.7513303659783,260.00000000000006,803.7513303659784,5.684341886080802e-14,5.684341886080802e-14
a-main,main_00003_CEN_fe84ace3945e,CEN,main_00003,20264003,road-0,9,427.13367800000003,89.9999999999999,517.1336779999999,0,286.61765236597853
a-main,main_00003_IJSH_9d19bbb9f45b,IJSH,main_00003,20264003,power-0,13,487.3968843659784,260.0,747.3968843659784,0,0
a-main,main_00003_IJSH_9d19bbb9f45b,IJSH,main_00003,20264003,road-0,9,427.31873800000005,90.00000000000009,517.3187380000002,2.842170943040401e-14,230.07814636597826
a-main,main_00003_JSH_8717f121d6d9,JSH,main_00003,20264003,power-0,13,463.89883336597836,259.9999999999999,723.8988333659782,0,0
a-main,main_00003_JSH_8717f121d6d9,JSH,main_00003,20264003,road-0,9,427.3311970000001,90.0,517.3311970000001,0,206.56763636597816
a-main,main_00004_CEN_66d8742b441a,CEN,main_00004,20264004,power-0,11,690.0203000801484,220.0,910.0203000801484,0,0
a-main,main_00004_CEN_66d8742b441a,CEN,main_00004,20264004,road-0,10,645.443748,100.0,745.443748,0,164.57655208014842
a-main,main_00004_IJSH_ddcf2e38f578,IJSH,main_00004,20264004,power-0,11,576.0979760801486,219.9999999999999,796.0979760801484,0,0
a-main,main_00004_IJSH_ddcf2e38f578,IJSH,main_00004,20264004,road-0,10,646.7773169999998,100.00000000000006,746.7773169999999,5.684341886080802e-14,49.32065908014857
a-main,main_00004_JSH_2a2d12dd828b,JSH,main_00004,20264004,power-0,11,696.5862080801486,220.00000000000006,916.5862080801486,0,0
a-main,main_00004_JSH_2a2d12dd828b,JSH,main_00004,20264004,road-0,10,645.6147049999998,100.00000000000007,745.614705,4.263256414560601e-14,170.9715030801487
a-main,main_00005_CEN_d65e2f591d3e,CEN,main_00005,20264005,power-0,15,783.308642542634,299.9999999999999,1083.3086425426338,0,0
a-main,main_00005_CEN_d65e2f591d3e,CEN,main_00005,20264005,road-0,8,362.24769299999997,80.00000000000003,442.247693,2.842170943040401e-14,641.0609495426338
a-main,main_00005_IJSH_7c83a1f724aa,IJSH,main_00005,20264005,power-0,15,988.6764865426339,300.0,1288.676486542634,0,0
a-main,main_00005_IJSH_7c83a1f724aa,IJSH,main_00005,20264005,road-0,8,362.079954,80.00000000000001,442.079954,0,846.5965325426339
a-main,main_00005_JSH_394df183372a,JSH,main_00005,20264005,power-0,15,1055.051846542634,300.0,1355.051846542634,0,0
a-main,main_00005_JSH_394df183372a,JSH,main_00005,20264005,road-0,8,362.946595,80.00000000000001,442.946595,0,912.1052515426339
a-main,main_00006_CEN_a3eeee0e346a,CEN,main_00006,20264006,power-0,9,783.8169472497096,180.00000000000009,963.8169472497098,2.842170943040401e-14,2.842170943040401e-14
a-main,main_00006_CEN_a3eeee0e346a,CEN,main_00006,20264006,road-0,4,150.58730299999996,39.999999999999986,190.58730299999996,1.4210854715202004e-14,773.2296442497097
a-main,main_00006_IJSH_5e1f6f938047,IJSH,main_00006,20264006,power-0,9,760.4527782497097,180.0,940.4527782497097,0,0
a-main,main_00006_IJSH_5e1f6f938047,IJSH,main_00006,20264006,road-0,4,253.434541,39.99999999999997,293.43454099999997,0,647.0182372497097
a-main,main_00006_JSH_af3afb25c4a7,JSH,main_00006,20264006,power-0,9,732.2052922497095,179.99999999999997,912.2052922497095,2.842170943040401e-14,2.842170943040401e-14
a-main,main_00006_JSH_af3afb25c4a7,JSH,main_00006,20264006,road-0,4,253.45360100000002,40.00000000000003,293.45360100000005,0,618.7516912497094
a-main,main_00007_CEN_a497c0c0c3d8,CEN,main_00007,20264007,power-0,11,491.16546186574567,220.0000000000001,711.1654618657458,0,0
a-main,main_00007_CEN_a497c0c0c3d8,CEN,main_00007,20264007,road-0,10,582.4070610000001,100.0,682.4070610000001,0,28.75840086574567
a-main,main_00007_IJSH_5d01b2a3d8d2,IJSH,main_00007,20264007,power-0,11,436.24352786574565,220.00000000000003,656.2435278657457,2.842170943040401e-14,25.687027134254237
a-main,main_00007_IJSH_5d01b2a3d8d2,IJSH,main_00007,20264007,road-0,10,581.9305549999999,99.99999999999997,681.9305549999999,2.842170943040401e-14,2.842170943040401e-14
a-main,main_00007_JSH_b04c12d8980b,JSH,main_00007,20264007,power-0,11,473.8329168657457,220.00000000000003,693.8329168657457,0,0
a-main,main_00007_JSH_b04c12d8980b,JSH,main_00007,20264007,road-0,10,581.7875329999999,100.0,681.7875329999999,0,12.045383865745748
a-main,main_00008_CEN_973fed54633a,CEN,main_00008,20264008,power-0,9,1006.3098219718299,180.00000000000003,1186.30982197183,0,0
a-main,main_00008_CEN_973fed54633a,CEN,main_00008,20264008,road-0,11,264.39633,109.99999999999997,374.39633,2.842170943040401e-14,811.9134919718299
a-main,main_00008_IJSH_f75f4073618c,IJSH,main_00008,20264008,power-0,9,844.46100597183,179.99999999999983,1024.4610059718298,0,0
a-main,main_00008_IJSH_f75f4073618c,IJSH,main_00008,20264008,road-0,11,264.676855,109.99999999999999,374.676855,1.4210854715202004e-14,649.7841509718298
a-main,main_00008_JSH_5ad7ef0f98bf,JSH,main_00008,20264008,power-0,9,844.46100597183,179.99999999999983,1024.4610059718298,0,0
a-main,main_00008_JSH_5ad7ef0f98bf,JSH,main_00008,20264008,road-0,11,264.676855,109.99999999999999,374.676855,1.4210854715202004e-14,649.7841509718298
a-main,main_00009_CEN_808ec4de22c9,CEN,main_00009,20264009,power-0,12,509.99438829684374,239.99999999999997,749.9943882968437,0,0
a-main,main_00009_CEN_808ec4de22c9,CEN,main_00009,20264009,road-0,9,521.118038,90.0,611.118038,0,138.87635029684373
a-main,main_00009_IJSH_6af5df3af367,IJSH,main_00009,20264009,power-0,12,553.2342432968437,240.00000000000006,793.2342432968438,5.684341886080802e-14,5.684341886080802e-14
a-main,main_00009_IJSH_6af5df3af367,IJSH,main_00009,20264009,road-0,9,521.0408740000001,89.99999999999991,611.040874,0,182.19336929684377
a-main,main_00009_JSH_1d33400e957d,JSH,main_00009,20264009,power-0,12,555.2446522968438,240.00000000000003,795.2446522968438,0,0
a-main,main_00009_JSH_1d33400e957d,JSH,main_00009,20264009,road-0,9,521.1172650000001,89.99999999999983,611.117265,5.684341886080802e-14,184.1273872968439
a-main,main_00010_CEN_4b3259415f39,CEN,main_00010,20264010,power-0,12,886.0334585701476,239.99999999999997,1126.0334585701476,2.842170943040401e-14,2.842170943040401e-14
a-main,main_00010_CEN_4b3259415f39,CEN,main_00010,20264010,road-0,12,394.86017,119.99999999999991,514.8601699999999,2.842170943040401e-14,611.1732885701477
a-main,main_00010_IJSH_ab26cc9c23ad,IJSH,main_00010,20264010,power-0,12,865.7271385701475,240.00000000000014,1105.7271385701476,0,0
a-main,main_00010_IJSH_ab26cc9c23ad,IJSH,main_00010,20264010,road-0,12,395.119427,120.0,515.119427,0,590.6077115701477
a-main,main_00010_JSH_4f160b8187fd,JSH,main_00010,20264010,power-0,12,905.2072605701475,240.00000000000009,1145.2072605701476,2.842170943040401e-14,2.842170943040401e-14
a-main,main_00010_JSH_4f160b8187fd,JSH,main_00010,20264010,road-0,12,395.16596599999997,119.99999999999993,515.1659659999999,1.4210854715202004e-14,630.0412945701477
a-main,main_00011_CEN_fbbd06b62da0,CEN,main_00011,20264011,power-0,13,875.9804850282868,260.0000000000001,1135.980485028287,0,0
a-main,main_00011_CEN_fbbd06b62da0,CEN,main_00011,20264011,road-0,10,409.78994499999993,99.99999999999997,509.78994499999993,2.842170943040401e-14,626.1905400282869
a-main,main_00011_IJSH_f691e09ef34f,IJSH,main_00011,20264011,power-0,13,786.5745030282869,260.0,1046.574503028287,0,0
a-main,main_00011_IJSH_f691e09ef34f,IJSH,main_00011,20264011,road-0,10,409.432921,100.0,509.432921,0,537.1415820282868
a-main,main_00011_JSH_0fd8435cfe5b,JSH,main_00011,20264011,power-0,13,806.0302170282866,259.99999999999994,1066.0302170282866,5.684341886080802e-14,5.684341886080802e-14
a-main,main_00011_JSH_0fd8435cfe5b,JSH,main_00011,20264011,road-0,10,409.71675300000004,99.99999999999997,509.716753,0,556.3134640282866
a-main,main_00012_CEN_ec48ef18ad1d,CEN,main_00012,20264012,power-0,15,766.1331091789013,299.9999999999998,1066.1331091789011,0,0
a-main,main_00012_CEN_ec48ef18ad1d,CEN,main_00012,20264012,road-0,13,709.632105,130.0,839.632105,0,226.5010041789011
a-main,main_00012_IJSH_5238b59c348f,IJSH,main_00012,20264012,power-0,15,737.6465681789014,300.0,1037.6465681789014,0,0
a-main,main_00012_IJSH_5238b59c348f,IJSH,main_00012,20264012,road-0,13,710.4994560000001,129.99999999999994,840.499456,0,197.1471121789013
a-main,main_00012_JSH_7e1db52bd5de,JSH,main_00012,20264012,power-0,15,698.2798581789013,300.00000000000006,998.2798581789013,0,0
a-main,main_00012_JSH_7e1db52bd5de,JSH,main_00012,20264012,road-0,13,710.854717,129.99999999999986,840.8547169999999,2.842170943040401e-14,157.42514117890144
a-main,main_00013_CEN_c0f7dcbc356d,CEN,main_00013,20264013,power-0,12,487.3279417505433,240.00000000000009,727.3279417505433,0,0
a-main,main_00013_CEN_c0f7dcbc356d,CEN,main_00013,20264013,road-0,5,397.897514,49.99999999999994,447.89751399999994,0,279.4304277505434
a-main,main_00013_IJSH_eb24fca4a969,IJSH,main_00013,20264013,power-0,12,527.9063137505433,239.99999999999994,767.9063137505433,5.684341886080802e-14,5.684341886080802e-14
a-main,main_00013_IJSH_eb24fca4a969,IJSH,main_00013,20264013,road-0,5,397.56284600000004,50.000000000000014,447.56284600000004,0,320.34346775054325
a-main,main_00013_JSH_fe3e1fe969f6,JSH,main_00013,20264013,power-0,12,500.18799275054334,240.0000000000001,740.1879927505435,0,0
a-main,main_00013_JSH_fe3e1fe969f6,JSH,main_00013,20264013,road-0,5,397.56284600000004,50.000000000000014,447.56284600000004,0,292.6251467505434
a-main,main_00014_CEN_344cdf7437c9,CEN,main_00014,20264014,power-0,11,385.43778891412865,219.99999999999997,605.4377889141286,2.842170943040401e-14,2.842170943040401e-14
a-main,main_00014_CEN_344cdf7437c9,CEN,main_00014,20264014,road-0,4,114.68572600000002,40.0,154.68572600000002,0,450.7520629141286
a-main,main_00014_IJSH_4f84a662899d,IJSH,main_00014,20264014,power-0,11,368.0647139141287,220.0,588.0647139141287,0,0
a-main,main_00014_IJSH_4f84a662899d,IJSH,main_00014,20264014,road-0,4,114.81746700000001,39.999999999999986,154.817467,0,433.24724691412865
a-main,main_00014_JSH_0dfeebfc63b3,JSH,main_00014,20264014,power-0,11,387.71525291412865,220.0000000000001,607.7152529141288,0,0
a-main,main_00014_JSH_0dfeebfc63b3,JSH,main_00014,20264014,road-0,4,114.81746700000001,39.999999999999986,154.817467,0,452.89778591412875
a-main,main_00015_CEN_fd494a402c3c,CEN,main_00015,20264015,power-0,15,1846.8998082158764,300.0,2146.8998082158764,0,0
a-main,main_00015_CEN_fd494a402c3c,CEN,main_00015,20264015,road-0,8,510.3805300000001,80.00000000000009,590.3805300000001,0,1556.5192782158763
a-main,main_00015_IJSH_7da9b1ad156e,IJSH,main_00015,20264015,power-0,15,1992.3798362158761,299.99999999999983,2292.379836215876,0,0
a-main,main_00015_IJSH_7da9b1ad156e,IJSH,main_00015,20264015,road-0,8,523.086289,80.00000000000001,603.086289,0,1689.293547215876
a-main,main_00015_JSH_ca4cbac1723f,JSH,main_00015,20264015,power-0,15,2055.120925215876,299.9999999999999,2355.120925215876,1.1368683772161603e-13,1.1368683772161603e-13
a-main,main_00015_JSH_ca4cbac1723f,JSH,main_00015,20264015,road-0,8,523.790852,80.0,603.790852,0,1751.330073215876
a-main,main_00016_CEN_c3bfa26f46c8,CEN,main_00016,20264016,power-0,15,1303.5269192928506,299.99999999999994,1603.5269192928506,5.684341886080802e-14,5.684341886080802e-14
a-main,main_00016_CEN_c3bfa26f46c8,CEN,main_00016,20264016,road-0,4,280.065787,39.99999999999997,320.065787,2.842170943040401e-14,1283.4611322928506
a-main,main_00016_IJSH_5b44a41165fb,IJSH,main_00016,20264016,power-0,15,1299.5265282928506,299.99999999999983,1599.5265282928503,0,0
a-main,main_00016_IJSH_5b44a41165fb,IJSH,main_00016,20264016,road-0,4,269.454002,39.999999999999986,309.454002,1.4210854715202004e-14,1290.0725262928504
a-main,main_00016_JSH_51b0c63004bf,JSH,main_00016,20264016,power-0,15,1299.5265282928506,299.99999999999983,1599.5265282928503,0,0
a-main,main_00016_JSH_51b0c63004bf,JSH,main_00016,20264016,road-0,4,269.454002,39.999999999999986,309.454002,1.4210854715202004e-14,1290.0725262928504
a-main,main_00017_CEN_63ca5a2bb33d,CEN,main_00017,20264017,power-0,11,346.42306095470195,220.00000000000006,566.423060954702,0,0
a-main,main_00017_CEN_63ca5a2bb33d,CEN,main_00017,20264017,road-0,5,266.147322,50.000000000000014,316.147322,0,250.27573895470204
a-main,main_00017_IJSH_b0f3f8ffdc81,IJSH,main_00017,20264017,power-0,11,381.97242195470193,220.00000000000003,601.972421954702,2.842170943040401e-14,2.842170943040401e-14
a-main,main_00017_IJSH_b0f3f8ffdc81,IJSH,main_00017,20264017,road-0,5,202.577097,50.0,252.577097,0,349.395324954702
a-main,main_00017_JSH_a04f8dea2a02,JSH,main_00017,20264017,power-0,11,382.64636095470195,220.00000000000006,602.646360954702,0,0
a-main,main_00017_JSH_a04f8dea2a02,JSH,main_00017,20264017,road-0,5,202.577097,50.0,252.577097,0,350.069263954702
a-main,main_00018_CEN_8c59d783b012,CEN,main_00018,20264018,power-0,12,573.7350223095542,240.00000000000003,813.7350223095542,0,0
a-main,main_00018_CEN_8c59d783b012,CEN,main_00018,20264018,road-0,5,231.16520400000002,49.99999999999999,281.165204,7.105427357601002e-15,532.5698183095542
a-main,main_00018_IJSH_a6fbe2ca7e40,IJSH,main_00018,20264018,power-0,12,506.8297253095542,240.0000000000001,746.8297253095543,0,0
a-main,main_00018_IJSH_a6fbe2ca7e40,IJSH,main_00018,20264018,road-0,5,231.060797,49.99999999999998,281.060797,0,465.7689283095543
a-main,main_00018_JSH_ce3801ebc719,JSH,main_00018,20264018,power-0,12,503.2536033095542,240.00000000000006,743.2536033095543,0,0
a-main,main_00018_JSH_ce3801ebc719,JSH,main_00018,20264018,road-0,5,231.060797,49.99999999999998,281.060797,0,462.19280630955427
a-main,main_00019_CEN_6614e11c5be2,CEN,main_00019,20264019,power-0,10,541.1616906315919,200.00000000000003,741.1616906315919,0,61.38443036840815
a-main,main_00019_CEN_6614e11c5be2,CEN,main_00019,20264019,road-0,12,682.5461210000001,119.99999999999999,802.5461210000001,1.4210854715202004e-14,1.4210854715202004e-14
a-main,main_00019_IJSH_476b5343fe32,IJSH,main_00019,20264019,power-0,10,620.3220976315919,200.0,820.3220976315919,0,0
a-main,main_00019_IJSH_476b5343fe32,IJSH,main_00019,20264019,road-0,12,682.994259,120.00000000000004,802.994259,0,17.327838631591774
a-main,main_00019_JSH_380f3fa00ff0,JSH,main_00019,20264019,power-0,10,608.1629126315919,200.00000000000003,808.1629126315919,0,0
a-main,main_00019_JSH_380f3fa00ff0,JSH,main_00019,20264019,road-0,12,683.000333,119.99999999999994,803.000333,5.684341886080802e-14,5.162579631591996
a-main,main_00020_CEN_953181712a9f,CEN,main_00020,20264020,power-0,10,700.043717697736,199.9999999999999,900.0437176977359,0,0
a-main,main_00020_CEN_953181712a9f,CEN,main_00020,20264020,road-0,13,595.321145,130.00000000000014,725.3211450000001,0,174.72257269773579
a-main,main_00020_IJSH_2c95252ba605,IJSH,main_00020,20264020,power-0,10,700.1067256977361,200.0000000000001,900.1067256977362,0,0
a-main,main_00020_IJSH_2c95252ba605,IJSH,main_00020,20264020,road-0,13,591.550972,130.0,721.550972,0,178.55575369773624
a-main,main_00020_JSH_67fda0b8b989,JSH,main_00020,20264020,power-0,10,686.9552356977362,200.0000000000001,886.9552356977363,0,0
a-main,main_00020_JSH_67fda0b8b989,JSH,main_00020,20264020,road-0,13,591.801361,130.00000000000006,721.801361,0,165.15387469773617
a-main,main_00021_CEN_0ac456c40ba0,CEN,main_00021,20264021,power-0,13,1087.0001020980562,259.99999999999983,1347.000102098056,0,0
a-main,main_00021_CEN_0ac456c40ba0,CEN,main_00021,20264021,road-0,6,356.42813699999994,60.00000000000004,416.428137,1.4210854715202004e-14,930.5719650980561
a-main,main_00021_IJSH_2d7321db3867,IJSH,main_00021,20264021,power-0,13,1163.7044450980563,259.99999999999983,1423.704445098056,0,0
a-main,main_00021_IJSH_2d7321db3867,IJSH,main_00021,20264021,road-0,6,356.40376100000003,60.000000000000085,416.4037610000001,0,1007.300684098056
a-main,main_00021_JSH_c246173bb4c7,JSH,main_00021,20264021,power-0,13,1163.7044450980563,259.99999999999983,1423.704445098056,0,0
a-main,main_00021_JSH_c246173bb4c7,JSH,main_00021,20264021,road-0,6,356.40376100000003,60.000000000000085,416.4037610000001,0,1007.300684098056
a-main,main_00022_CEN_1444f74fbdd9,CEN,main_00022,20264022,power-0,9,520.3496914632009,179.99999999999994,700.3496914632008,0,61.1134145367991
a-main,main_00022_CEN_1444f74fbdd9,CEN,main_00022,20264022,road-0,12,641.4631059999999,120.00000000000001,761.4631059999999,0,0
a-main,main_00022_IJSH_2ae20b74316e,IJSH,main_00022,20264022,power-0,9,396.7599104632007,180.00000000000003,576.7599104632008,2.842170943040401e-14,185.12243253679927
a-main,main_00022_IJSH_2ae20b74316e,IJSH,main_00022,20264022,road-0,12,641.882343,120.0,761.882343,0,0
a-main,main_00022_JSH_0bbafcf408ec,JSH,main_00022,20264022,power-0,9,396.7599104632007,180.00000000000003,576.7599104632008,2.842170943040401e-14,185.12243253679927
a-main,main_00022_JSH_0bbafcf408ec,JSH,main_00022,20264022,road-0,12,641.882343,120.0,761.882343,0,0
a-main,main_00023_CEN_1cc8ab0f6039,CEN,main_00023,20264023,power-0,11,526.1282036330341,220.00000000000014,746.1282036330342,0,0
a-main,main_00023_CEN_1cc8ab0f6039,CEN,main_00023,20264023,road-0,8,247.22633300000004,79.99999999999997,327.226333,0,418.90187063303415
a-main,main_00023_IJSH_e9c31989388e,IJSH,main_00023,20264023,power-0,11,509.954490633034,220.00000000000017,729.9544906330342,0,0
a-main,main_00023_IJSH_e9c31989388e,IJSH,main_00023,20264023,road-0,8,247.22722399999995,79.99999999999997,327.2272239999999,0,402.7272666330342
a-main,main_00023_JSH_006764f0e17e,JSH,main_00023,20264023,power-0,11,541.8081016330341,220.00000000000017,761.8081016330342,0,0
a-main,main_00023_JSH_006764f0e17e,JSH,main_00023,20264023,road-0,8,247.42670399999997,80.00000000000001,327.426704,0,434.3813976330342
a-main,main_00024_CEN_8ea646256708,CEN,main_00024,20264024,power-0,13,450.76823290893134,260.00000000000006,710.7682329089314,0,0
a-main,main_00024_CEN_8ea646256708,CEN,main_00024,20264024,road-0,6,318.72952699999996,59.99999999999999,378.72952699999996,7.105427357601002e-15,332.03870590893143
a-main,main_00024_IJSH_0a476132fd96,IJSH,main_00024,20264024,power-0,13,553.4025529089313,259.99999999999994,813.4025529089313,5.684341886080802e-14,5.684341886080802e-14
a-main,main_00024_IJSH_0a476132fd96,IJSH,main_00024,20264024,road-0,6,326.36335899999995,60.00000000000004,386.363359,1.4210854715202004e-14,427.0391939089313
a-main,main_00024_JSH_43bb73e2a025,JSH,main_00024,20264024,power-0,13,543.9959639089313,260.0,803.9959639089313,0,0
a-main,main_00024_JSH_43bb73e2a025,JSH,main_00024,20264024,road-0,6,327.70690199999996,60.00000000000001,387.70690199999996,0,416.2890619089314
b-main,main_00001_baseline_reference_39c603733183,baseline_reference,main_00001,20260325,power-0,14,800.426090912012,279.9999999999999,1080.426090912012,0,0
b-main,main_00001_baseline_reference_39c603733183,baseline_reference,main_00001,20260325,road-0,7,242.794248,69.99999999999996,312.794248,1.4210854715202004e-14,767.6318429120118
b-main,main_00001_guardrail_gini_restore_37da2961274a,guardrail_gini_restore,main_00001,20260325,power-0,14,730.6838459120121,280.00000000000006,1010.6838459120121,0,0
b-main,main_00001_guardrail_gini_restore_37da2961274a,guardrail_gini_restore,main_00001,20260325,road-0,7,296.60482599999995,70.00000000000004,366.604826,1.4210854715202004e-14,644.0790199120122
b-main,main_00001_single_gini_restore_e49ad7773042,single_gini_restore,main_00001,20260325,power-0,14,724.060390912012,280.0,1004.060390912012,0,0
b-main,main_00001_single_gini_restore_e49ad7773042,single_gini_restore,main_00001,20260325,road-0,7,336.322166,69.99999999999999,406.322166,1.4210854715202004e-14,597.7382249120121
b-main,main_00001_single_maximin_time_avg_cri_9b284bcd345e,single_maximin_time_avg_cri,main_00001,20260325,power-0,14,773.6191969120122,279.99999999999994,1053.619196912012,0,0
b-main,main_00001_single_maximin_time_avg_cri_9b284bcd345e,single_maximin_time_avg_cri,main_00001,20260325,road-0,7,287.01082699999995,69.99999999999997,357.01082699999995,2.842170943040401e-14,696.6083699120121
b-main,main_00001_single_p90_access_restore_9a3cbb6483c8,single_p90_access_restore,main_00001,20260325,power-0,14,800.426090912012,279.9999999999999,1080.426090912012,0,0
b-main,main_00001_single_p90_access_restore_9a3cbb6483c8,single_p90_access_restore,main_00001,20260325,road-0,7,242.794248,69.99999999999996,312.794248,1.4210854715202004e-14,767.6318429120118
b-main,main_00001_single_triangle_6d40503b2757,single_triangle,main_00001,20260325,power-0,14,763.0392199120121,279.9999999999999,1043.039219912012,0,0
b-main,main_00001_single_triangle_6d40503b2757,single_triangle,main_00001,20260325,road-0,7,336.276364,70.0,406.276364,0,636.7628559120119
b-main,main_00001_weighted_gini_restore_l050_0227ca720b57,weighted_gini_restore_l050,main_00001,20260325,power-0,14,740.900094912012,280.0,1020.900094912012,0,0
b-main,main_00001_weighted_gini_restore_l050_0227ca720b57,weighted_gini_restore_l050,main_00001,20260325,road-0,7,336.318065,69.99999999999999,406.318065,1.4210854715202004e-14,614.5820299120121
b-main,main_00001_weighted_maximin_time_avg_cri_l050_3784c03ae5e1,weighted_maximin_time_avg_cri_l050,main_00001,20260325,power-0,14,779.760009912012,279.99999999999994,1059.760009912012,5.684341886080802e-14,5.684341886080802e-14
b-main,main_00001_weighted_maximin_time_avg_cri_l050_3784c03ae5e1,weighted_maximin_time_avg_cri_l050,main_00001,20260325,road-0,7,269.975272,69.99999999999996,339.97527199999996,0,719.784737912012
b-main,main_00002_baseline_reference_55f3fc93e4ef,baseline_reference,main_00002,20260326,power-0,11,562.1511063680003,220.0000000000001,782.1511063680005,0,0
b-main,main_00002_baseline_reference_55f3fc93e4ef,baseline_reference,main_00002,20260326,road-0,4,143.70485100000002,40.0,183.70485100000002,0,598.4462553680005
b-main,main_00002_guardrail_gini_restore_679e6b2a0c36,guardrail_gini_restore,main_00002,20260326,power-0,11,528.6457953680003,220.00000000000003,748.6457953680003,0,0
b-main,main_00002_guardrail_gini_restore_679e6b2a0c36,guardrail_gini_restore,main_00002,20260326,road-0,4,114.529199,40.000000000000014,154.529199,0,594.1165963680003
b-main,main_00002_single_gini_restore_a16500aa4601,single_gini_restore,main_00002,20260326,power-0,11,545.3649353680004,219.99999999999994,765.3649353680003,0,0
b-main,main_00002_single_gini_restore_a16500aa4601,single_gini_restore,main_00002,20260326,road-0,4,180.51669800000002,39.99999999999999,220.51669800000002,7.105427357601002e-15,544.8482373680002
b-main,main_00002_single_maximin_time_avg_cri_cccde0e8588f,single_maximin_time_avg_cri,main_00002,20260326,power-0,11,429.0279643680003,220.0,649.0279643680003,0,0
b-main,main_00002_single_maximin_time_avg_cri_cccde0e8588f,single_maximin_time_avg_cri,main_00002,20260326,road-0,4,180.51495799999998,40.0,220.51495799999998,0,428.51300636800033
b-main,main_00002_single_p90_access_restore_ec75f0f9dde6,single_p90_access_restore,main_00002,20260326,power-0,11,562.1511063680003,220.0000000000001,782.1511063680005,0,0
b-main,main_00002_single_p90_access_restore_ec75f0f9dde6,single_p90_access_restore,main_00002,20260326,road-0,4,143.70485100000002,40.0,183.70485100000002,0,598.4462553680005
b-main,main_00002_single_triangle_f56df0ee93fe,single_triangle,main_00002,20260326,power-0,11,419.7826763680003,220.00000000000006,639.7826763680004,0,0
b-main,main_00002_single_triangle_f56df0ee93fe,single_triangle,main_00002,20260326,road-0,4,180.26791699999998,39.99999999999999,220.26791699999998,7.105427357601002e-15,419.51475936800034
b-main,main_00002_weighted_gini_restore_l050_90b27c6f821e,weighted_gini_restore_l050,main_00002,20260326,power-0,11,438.6388253680003,219.99999999999997,658.6388253680003,2.842170943040401e-14,2.842170943040401e-14
b-main,main_00002_weighted_gini_restore_l050_90b27c6f821e,weighted_gini_restore_l050,main_00002,20260326,road-0,4,143.70485100000002,40.0,183.70485100000002,0,474.93397436800024
b-main,main_00002_weighted_maximin_time_avg_cri_l050_a43d1c12f7b4,weighted_maximin_time_avg_cri_l050,main_00002,20260326,power-0,11,438.6388253680003,219.99999999999997,658.6388253680003,2.842170943040401e-14,2.842170943040401e-14
b-main,main_00002_weighted_maximin_time_avg_cri_l050_a43d1c12f7b4,weighted_maximin_time_avg_cri_l050,main_00002,20260326,road-0,4,143.70485100000002,40.0,183.70485100000002,0,474.93397436800024
b-main,main_00003_baseline_reference_43987d166462,baseline_reference,main_00003,20260327,power-0,9,673.7906537951003,179.99999999999994,853.7906537951002,0,0
b-main,main_00003_baseline_reference_43987d166462,baseline_reference,main_00003,20260327,road-0,11,314.44843000000003,110.00000000000001,424.44843000000003,0,429.34222379510015
b-main,main_00003_guardrail_gini_restore_64bf5627bcdc,guardrail_gini_restore,main_00003,20260327,power-0,9,448.45254779510026,180.0,628.4525477951003,0,0
b-main,main_00003_guardrail_gini_restore_64bf5627bcdc,guardrail_gini_restore,main_00003,20260327,road-0,11,368.70125199999995,109.99999999999999,478.70125199999995,1.4210854715202004e-14,149.7512957951003
b-main,main_00003_single_gini_restore_f05395094684,single_gini_restore,main_00003,20260327,power-0,9,401.08522379510026,179.99999999999994,581.0852237951002,0,0
b-main,main_00003_single_gini_restore_f05395094684,single_gini_restore,main_00003,20260327,road-0,11,291.080917,109.99999999999994,401.08091699999994,0,180.00430679510026
b-main,main_00003_single_maximin_time_avg_cri_df477d6040b4,single_maximin_time_avg_cri,main_00003,20260327,power-0,9,640.1755067951003,180.0,820.1755067951003,0,0
b-main,main_00003_single_maximin_time_avg_cri_df477d6040b4,single_maximin_time_avg_cri,main_00003,20260327,road-0,11,299.361191,110.00000000000001,409.361191,0,410.81431579510036
b-main,main_00003_single_p90_access_restore_a0ad46fef552,single_p90_access_restore,main_00003,20260327,power-0,9,673.7906537951003,179.99999999999994,853.7906537951002,0,0
b-main,main_00003_single_p90_access_restore_a0ad46fef552,single_p90_access_restore,main_00003,20260327,road-0,11,314.44843000000003,110.00000000000001,424.44843000000003,0,429.34222379510015
b-main,main_00003_single_triangle_fd5fb4bed6ae,single_triangle,main_00003,20260327,power-0,9,648.0928847951002,180.00000000000009,828.0928847951003,2.842170943040401e-14,2.842170943040401e-14
b-main,main_00003_single_triangle_fd5fb4bed6ae,single_triangle,main_00003,20260327,road-0,11,358.33660000000003,109.99999999999996,468.3366,0,359.7562847951003
b-main,main_00003_weighted_gini_restore_l050_92e6204d904f,weighted_gini_restore_l050,main_00003,20260327,power-0,9,620.3030847951002,180.00000000000006,800.3030847951003,5.684341886080802e-14,5.684341886080802e-14
b-main,main_00003_weighted_gini_restore_l050_92e6204d904f,weighted_gini_restore_l050,main_00003,20260327,road-0,11,332.58198500000003,110.00000000000001,442.58198500000003,0,357.72109979510026
b-main,main_00003_weighted_maximin_time_avg_cri_l050_7f627b6fd50b,weighted_maximin_time_avg_cri_l050,main_00003,20260327,power-0,9,620.3030847951002,180.00000000000006,800.3030847951003,5.684341886080802e-14,5.684341886080802e-14
b-main,main_00003_weighted_maximin_time_avg_cri_l050_7f627b6fd50b,weighted_maximin_time_avg_cri_l050,main_00003,20260327,road-0,11,332.58198500000003,110.00000000000001,442.58198500000003,0,357.72109979510026
b-main,main_00004_baseline_reference_af5934edd50f,baseline_reference,main_00004,20260328,power-0,8,355.7069310502432,159.99999999999994,515.7069310502432,0,0
b-main,main_00004_baseline_reference_af5934edd50f,baseline_reference,main_00004,20260328,road-0,7,222.31486999999996,69.99999999999997,292.3148699999999,0,223.39206105024326
b-main,main_00004_guardrail_gini_restore_af883e419b48,guardrail_gini_restore,main_00004,20260328,power-0,8,320.6308340502433,160.0,480.6308340502433,0,0
b-main,main_00004_guardrail_gini_restore_af883e419b48,guardrail_gini_restore,main_00004,20260328,road-0,7,325.091011,70.00000000000004,395.09101100000004,1.4210854715202004e-14,85.5398230502433
b-main,main_00004_single_gini_restore_b2414afa598d,single_gini_restore,main_00004,20260328,power-0,8,304.02997105024326,160.00000000000006,464.0299710502433,0,0
b-main,main_00004_single_gini_restore_b2414afa598d,single_gini_restore,main_00004,20260328,road-0,7,341.3830650000001,70.00000000000003,411.3830650000001,0,52.64690605024319
b-main,main_00004_single_maximin_time_avg_cri_f39b1586a340,single_maximin_time_avg_cri,main_00004,20260328,power-0,8,326.6577260502433,160.00000000000009,486.65772605024335,0,0
b-main,main_00004_single_maximin_time_avg_cri_f39b1586a340,single_maximin_time_avg_cri,main_00004,20260328,road-0,7,232.46030299999998,69.99999999999997,302.46030299999995,0,184.1974230502434
b-main,main_00004_single_p90_access_restore_510349ec335f,single_p90_access_restore,main_00004,20260328,power-0,8,355.7069310502432,159.99999999999994,515.7069310502432,0,0
b-main,main_00004_single_p90_access_restore_510349ec335f,single_p90_access_restore,main_00004,20260328,road-0,7,222.31486999999996,69.99999999999997,292.3148699999999,0,223.39206105024326
b-main,main_00004_single_triangle_3c42485aec02,single_triangle,main_00004,20260328,power-0,8,326.6577260502433,160.00000000000009,486.65772605024335,0,0
b-main,main_00004_single_triangle_3c42485aec02,single_triangle,main_00004,20260328,road-0,7,232.46030299999998,69.99999999999997,302.46030299999995,0,184.1974230502434
b-main,main_00004_weighted_gini_restore_l050_8eac6275a26c,weighted_gini_restore_l050,main_00004,20260328,power-0,8,326.6577260502433,160.00000000000009,486.65772605024335,0,0
b-main,main_00004_weighted_gini_restore_l050_8eac6275a26c,weighted_gini_restore_l050,main_00004,20260328,road-0,7,232.46030299999998,69.99999999999997,302.46030299999995,0,184.1974230502434
b-main,main_00004_weighted_maximin_time_avg_cri_l050_53f6681af471,weighted_maximin_time_avg_cri_l050,main_00004,20260328,power-0,8,326.6577260502433,160.00000000000009,486.65772605024335,0,0
b-main,main_00004_weighted_maximin_time_avg_cri_l050_53f6681af471,weighted_maximin_time_avg_cri_l050,main_00004,20260328,road-0,7,232.46030299999998,69.99999999999997,302.46030299999995,0,184.1974230502434
b-main,main_00005_baseline_reference_7c10b871d053,baseline_reference,main_00005,20260329,power-0,15,757.1993928326214,300.0000000000001,1057.1993928326215,0,0
b-main,main_00005_baseline_reference_7c10b871d053,baseline_reference,main_00005,20260329,road-0,13,623.557557,130.0,753.557557,0,303.6418358326215
b-main,main_00005_guardrail_gini_restore_9642113a9643,guardrail_gini_restore,main_00005,20260329,power-0,15,746.7710588326214,299.99999999999994,1046.7710588326213,0,0
b-main,main_00005_guardrail_gini_restore_9642113a9643,guardrail_gini_restore,main_00005,20260329,road-0,13,623.906796,130.00000000000014,753.9067960000001,0,292.8642628326212
b-main,main_00005_single_gini_restore_11ecd3cc0617,single_gini_restore,main_00005,20260329,power-0,15,743.7874518326214,299.99999999999983,1043.7874518326212,0,0
b-main,main_00005_single_gini_restore_11ecd3cc0617,single_gini_restore,main_00005,20260329,road-0,13,841.4649340000002,130.00000000000003,971.4649340000002,0,72.32251783262095
b-main,main_00005_single_maximin_time_avg_cri_8aa3d4939831,single_maximin_time_avg_cri,main_00005,20260329,power-0,15,743.7874518326214,299.99999999999983,1043.7874518326212,0,0
b-main,main_00005_single_maximin_time_avg_cri_8aa3d4939831,single_maximin_time_avg_cri,main_00005,20260329,road-0,13,841.4649340000002,130.00000000000003,971.4649340000002,0,72.32251783262095
b-main,main_00005_single_p90_access_restore_6a256f0c13c4,single_p90_access_restore,main_00005,20260329,power-0,15,818.0012168326214,300.00000000000006,1118.0012168326214,0,0
b-main,main_00005_single_p90_access_restore_6a256f0c13c4,single_p90_access_restore,main_00005,20260329,road-0,13,723.506925,130.0,853.506925,0,264.49429183262134
b-main,main_00005_single_triangle_3586a1224e99,single_triangle,main_00005,20260329,power-0,15,787.5989368326213,299.9999999999998,1087.5989368326211,0,0
b-main,main_00005_single_triangle_3586a1224e99,single_triangle,main_00005,20260329,road-0,13,617.06795,130.00000000000006,747.0679500000001,5.684341886080802e-14,340.53098683262107
b-main,main_00005_weighted_gini_restore_l050_cfb10c83c35f,weighted_gini_restore_l050,main_00005,20260329,power-0,15,757.1993928326214,300.0000000000001,1057.1993928326215,0,0
b-main,main_00005_weighted_gini_restore_l050_cfb10c83c35f,weighted_gini_restore_l050,main_00005,20260329,road-0,13,623.557557,130.0,753.557557,0,303.6418358326215
b-main,main_00005_weighted_maximin_time_avg_cri_l050_841e1c0c8996,weighted_maximin_time_avg_cri_l050,main_00005,20260329,power-0,15,757.1993928326214,300.0000000000001,1057.1993928326215,0,0
b-main,main_00005_weighted_maximin_time_avg_cri_l050_841e1c0c8996,weighted_maximin_time_avg_cri_l050,main_00005,20260329,road-0,13,623.557557,130.0,753.557557,0,303.6418358326215
b-main,main_00006_baseline_reference_e073164da491,baseline_reference,main_00006,20260330,power-0,10,522.4005036415331,200.00000000000003,722.4005036415331,0,0
b-main,main_00006_baseline_reference_e073164da491,baseline_reference,main_00006,20260330,road-0,7,339.16443999999996,70.00000000000004,409.16444,1.4210854715202004e-14,313.23606364153306
b-main,main_00006_guardrail_gini_restore_ca61a636e385,guardrail_gini_restore,main_00006,20260330,power-0,10,497.4014126415332,199.99999999999997,697.4014126415332,0,0
b-main,main_00006_guardrail_gini_restore_ca61a636e385,guardrail_gini_restore,main_00006,20260330,road-0,7,308.684484,69.99999999999993,378.68448399999994,1.4210854715202004e-14,318.71692864153323
b-main,main_00006_single_gini_restore_722de754c44f,single_gini_restore,main_00006,20260330,power-0,10,509.92134064153316,200.00000000000009,709.9213406415332,0,0
b-main,main_00006_single_gini_restore_722de754c44f,single_gini_restore,main_00006,20260330,road-0,7,353.66876299999996,69.99999999999996,423.6687629999999,0,286.2525776415333
b-main,main_00006_single_maximin_time_avg_cri_4e62d6b8a513,single_maximin_time_avg_cri,main_00006,20260330,power-0,10,522.4005036415331,200.00000000000003,722.4005036415331,0,0
b-main,main_00006_single_maximin_time_avg_cri_4e62d6b8a513,single_maximin_time_avg_cri,main_00006,20260330,road-0,7,339.16443999999996,70.00000000000004,409.16444,1.4210854715202004e-14,313.23606364153306
b-main,main_00006_single_p90_access_restore_c461650c7c37,single_p90_access_restore,main_00006,20260330,power-0,10,522.4005036415331,200.00000000000003,722.4005036415331,0,0
b-main,main_00006_single_p90_access_restore_c461650c7c37,single_p90_access_restore,main_00006,20260330,road-0,7,339.16443999999996,70.00000000000004,409.16444,1.4210854715202004e-14,313.23606364153306
b-main,main_00006_single_triangle_26370360fb98,single_triangle,main_00006,20260330,power-0,10,464.67392364153307,199.99999999999997,664.6739236415331,2.842170943040401e-14,2.842170943040401e-14
b-main,main_00006_single_triangle_26370360fb98,single_triangle,main_00006,20260330,road-0,7,331.729696,70.00000000000001,401.729696,0,262.9442276415331
b-main,main_00006_weighted_gini_restore_l050_80c35a35b792,weighted_gini_restore_l050,main_00006,20260330,power-0,10,494.6491896415331,199.99999999999997,694.6491896415331,2.842170943040401e-14,2.842170943040401e-14
b-main,main_00006_weighted_gini_restore_l050_80c35a35b792,weighted_gini_restore_l050,main_00006,20260330,road-0,7,371.98943599999996,69.99999999999999,441.98943599999996,1.4210854715202004e-14,252.65975364153314
b-main,main_00006_weighted_maximin_time_avg_cri_l050_e51bc0d74b68,weighted_maximin_time_avg_cri_l050,main_00006,20260330,power-0,10,522.4005036415331,200.00000000000003,722.4005036415331,0,0
b-main,main_00006_weighted_maximin_time_avg_cri_l050_e51bc0d74b68,weighted_maximin_time_avg_cri_l050,main_00006,20260330,road-0,7,339.16443999999996,70.00000000000004,409.16444,1.4210854715202004e-14,313.23606364153306
c-main,main_00001_CEN_e6d0f4fbfa28,CEN,main_00001,20264001,power-0,10,510.5364042631266,199.99999999999997,710.5364042631265,0,0
c-main,main_00001_CEN_e6d0f4fbfa28,CEN,main_00001,20264001,road-0,10,336.03484199999997,100.00000000000001,436.03484199999997,0,274.5015622631266
c-main,main_00001_IJSH_457df003f02b,IJSH,main_00001,20264001,power-0,10,659.4204572631265,199.9999999999999,859.4204572631264,0,0
c-main,main_00001_IJSH_457df003f02b,IJSH,main_00001,20264001,road-0,10,336.68332799999996,100.0,436.68332799999996,0,422.73712926312646
c-main,main_00001_JSH_6d8bb11dfe2a,JSH,main_00001,20264001,power-0,10,659.4204572631265,199.9999999999999,859.4204572631264,0,0
c-main,main_00001_JSH_6d8bb11dfe2a,JSH,main_00001,20264001,road-0,10,336.68332799999996,100.0,436.68332799999996,0,422.73712926312646
c-main,main_00001_OD_CEN_b2563d6b3fcf,OD_CEN,main_00001,20264001,power-0,10,510.7201242631266,200.00000000000006,710.7201242631266,0,0
c-main,main_00001_OD_CEN_b2563d6b3fcf,OD_CEN,main_00001,20264001,road-0,10,233.236183,99.99999999999999,333.236183,0,377.48394126312667
c-main,main_00001_OD_IJSH_db95be8886f3,OD_IJSH,main_00001,20264001,power-0,10,659.3314842631265,200.0,859.3314842631265,0,0
c-main,main_00001_OD_IJSH_db95be8886f3,OD_IJSH,main_00001,20264001,road-0,10,233.84869500000002,100.0,333.848695,0,525.4827892631265
c-main,main_00001_OD_JSH_7cab649c02ed,OD_JSH,main_00001,20264001,power-0,10,659.3314842631265,200.0,859.3314842631265,0,0
c-main,main_00001_OD_JSH_7cab649c02ed,OD_JSH,main_00001,20264001,road-0,10,233.84869500000002,100.0,333.848695,0,525.4827892631265
c-main,main_00002_CEN_e5b6956280f6,CEN,main_00002,20264002,power-0,8,283.7534525497702,159.99999999999994,443.75345254977015,0,0
c-main,main_00002_CEN_e5b6956280f6,CEN,main_00002,20264002,road-0,3,177.02362499999998,29.999999999999986,207.02362499999998,1.4210854715202004e-14,236.72982754977016
c-main,main_00002_IJSH_16c38152a6a5,IJSH,main_00002,20264002,power-0,8,335.4422005497702,160.0,495.4422005497702,0,0
c-main,main_00002_IJSH_16c38152a6a5,IJSH,main_00002,20264002,road-0,3,171.49232700000002,30.0,201.49232700000002,0,293.94987354977013
c-main,main_00002_JSH_cd4f8a095917,JSH,main_00002,20264002,power-0,8,344.03056254977014,160.0,504.03056254977014,0,0
c-main,main_00002_JSH_cd4f8a095917,JSH,main_00002,20264002,road-0,3,171.483889,30.0,201.483889,0,302.54667354977016
c-main,main_00002_OD_CEN_e954696c8862,OD_CEN,main_00002,20264002,power-0,8,283.77201654977017,160.00000000000006,443.7720165497702,0,0
c-main,main_00002_OD_CEN_e954696c8862,OD_CEN,main_00002,20264002,road-0,3,141.1816,29.999999999999993,171.1816,7.105427357601002e-15,272.5904165497702
c-main,main_00002_OD_IJSH_0aee92907f84,OD_IJSH,main_00002,20264002,power-0,8,335.4525335497702,159.99999999999997,495.4525335497701,0,0
c-main,main_00002_OD_IJSH_0aee92907f84,OD_IJSH,main_00002,20264002,road-0,3,140.770843,30.000000000000007,170.770843,0,324.6816905497701
c-main,main_00002_OD_JSH_3030f4dd2839,OD_JSH,main_00002,20264002,power-0,8,344.05405454977017,159.99999999999997,504.05405454977017,2.842170943040401e-14,2.842170943040401e-14
c-main,main_00002_OD_JSH_3030f4dd2839,OD_JSH,main_00002,20264002,road-0,3,140.770843,30.000000000000007,170.770843,0,333.28321154977016
c-main,main_00003_CEN_152a670c50f4,CEN,main_00003,20264003,power-0,13,543.7513303659783,260.00000000000006,803.7513303659784,5.684341886080802e-14,5.684341886080802e-14
c-main,main_00003_CEN_152a670c50f4,CEN,main_00003,20264003,road-0,9,427.13367800000003,89.9999999999999,517.1336779999999,0,286.61765236597853
c-main,main_00003_IJSH_7e4cca1e382c,IJSH,main_00003,20264003,power-0,13,487.3968843659784,260.0,747.3968843659784,0,0
c-main,main_00003_IJSH_7e4cca1e382c,IJSH,main_00003,20264003,road-0,9,427.31873800000005,90.00000000000009,517.3187380000002,2.842170943040401e-14,230.07814636597826
c-main,main_00003_JSH_faf4f4b43d5d,JSH,main_00003,20264003,power-0,13,463.89883336597836,259.9999999999999,723.8988333659782,0,0
c-main,main_00003_JSH_faf4f4b43d5d,JSH,main_00003,20264003,road-0,9,427.3311970000001,90.0,517.3311970000001,0,206.56763636597816
c-main,main_00003_OD_CEN_3783121819d7,OD_CEN,main_00003,20264003,power-0,13,543.9012583659784,260.0,803.9012583659784,0,0
c-main,main_00003_OD_CEN_3783121819d7,OD_CEN,main_00003,20264003,road-0,9,392.2285409999999,89.99999999999993,482.22854099999984,1.4210854715202004e-14,321.67271736597854
c-main,main_00003_OD_IJSH_9a825c6157f2,OD_IJSH,main_00003,20264003,power-0,13,487.2426763659784,259.99999999999994,747.2426763659784,0,0
c-main,main_00003_OD_IJSH_9a825c6157f2,OD_IJSH,main_00003,20264003,road-0,9,392.15174099999996,90.00000000000006,482.151741,0,265.09093536597834
c-main,main_00003_OD_JSH_a3af67a88bbd,OD_JSH,main_00003,20264003,power-0,13,463.79745636597835,260.00000000000006,723.7974563659784,0,0
c-main,main_00003_OD_JSH_a3af67a88bbd,OD_JSH,main_00003,20264003,road-0,9,392.15174099999996,90.00000000000006,482.151741,0,241.6457153659784
c-main,main_00004_CEN_052eb5e33c94,CEN,main_00004,20264004,power-0,11,690.0203000801484,220.0,910.0203000801484,0,0
c-main,main_00004_CEN_052eb5e33c94,CEN,main_00004,20264004,road-0,10,645.443748,100.0,745.443748,0,164.57655208014842
c-main,main_00004_IJSH_1fbb2331a819,IJSH,main_00004,20264004,power-0,11,576.0979760801486,219.9999999999999,796.0979760801484,0,0
c-main,main_00004_IJSH_1fbb2331a819,IJSH,main_00004,20264004,road-0,10,646.7773169999998,100.00000000000006,746.7773169999999,5.684341886080802e-14,49.32065908014857
c-main,main_00004_JSH_2bd4fa1dd735,JSH,main_00004,20264004,power-0,11,696.5862080801486,220.00000000000006,916.5862080801486,0,0
c-main,main_00004_JSH_2bd4fa1dd735,JSH,main_00004,20264004,road-0,10,645.6147049999998,100.00000000000007,745.614705,4.263256414560601e-14,170.9715030801487
c-main,main_00004_OD_CEN_365db693408d,OD_CEN,main_00004,20264004,power-0,11,690.4754610801484,219.99999999999977,910.4754610801482,0,0
c-main,main_00004_OD_CEN_365db693408d,OD_CEN,main_00004,20264004,road-0,10,600.113507,99.9999999999998,700.1135069999998,0,210.36195408014837
c-main,main_00004_OD_IJSH_638d19d2928f,OD_IJSH,main_00004,20264004,power-0,11,575.4818450801486,220.0,795.4818450801486,0,0
c-main,main_00004_OD_IJSH_638d19d2928f,OD_IJSH,main_00004,20264004,road-0,10,600.6418910000001,99.9999999999999,700.641891,0,94.83995408014856
c-main,main_00004_OD_JSH_63be3770e858,OD_JSH,main_00004,20264004,power-0,11,698.5789980801484,220.00000000000009,918.5789980801485,2.842170943040401e-14,2.842170943040401e-14
c-main,main_00004_OD_JSH_63be3770e858,OD_JSH,main_00004,20264004,road-0,10,600.6418910000001,99.9999999999999,700.641891,0,217.9371070801485
c-main,main_00005_CEN_bae5b4017735,CEN,main_00005,20264005,power-0,15,783.308642542634,299.9999999999999,1083.3086425426338,0,0
c-main,main_00005_CEN_bae5b4017735,CEN,main_00005,20264005,road-0,8,362.24769299999997,80.00000000000003,442.247693,2.842170943040401e-14,641.0609495426338
c-main,main_00005_IJSH_d2ad426c691c,IJSH,main_00005,20264005,power-0,15,988.6764865426339,300.0,1288.676486542634,0,0
c-main,main_00005_IJSH_d2ad426c691c,IJSH,main_00005,20264005,road-0,8,362.079954,80.00000000000001,442.079954,0,846.5965325426339
c-main,main_00005_JSH_58fd5a198893,JSH,main_00005,20264005,power-0,15,1055.051846542634,300.0,1355.051846542634,0,0
c-main,main_00005_JSH_58fd5a198893,JSH,main_00005,20264005,road-0,8,362.946595,80.00000000000001,442.946595,0,912.1052515426339
c-main,main_00005_OD_CEN_181dbed59584,OD_CEN,main_00005,20264005,power-0,15,783.0265415426339,299.9999999999999,1083.0265415426338,0,0
c-main,main_00005_OD_CEN_181dbed59584,OD_CEN,main_00005,20264005,road-0,8,191.28546999999995,79.99999999999996,271.2854699999999,1.4210854715202004e-14,811.7410715426339
c-main,main_00005_OD_IJSH_ecb5a9615808,OD_IJSH,main_00005,20264005,power-0,15,988.485183542634,299.99999999999994,1288.4851835426339,0,0
c-main,main_00005_OD_IJSH_ecb5a9615808,OD_IJSH,main_00005,20264005,road-0,8,191.28546999999995,79.99999999999996,271.2854699999999,1.4210854715202004e-14,1017.1997135426338
c-main,main_00005_OD_JSH_e5f25a584dbd,OD_JSH,main_00005,20264005,power-0,15,1054.912320542634,299.99999999999983,1354.9123205426338,0,0
c-main,main_00005_OD_JSH_e5f25a584dbd,OD_JSH,main_00005,20264005,road-0,8,191.28546999999995,79.99999999999996,271.2854699999999,1.4210854715202004e-14,1083.6268505426337
c-main,main_00006_CEN_806f76ebf20b,CEN,main_00006,20264006,power-0,9,783.8169472497096,180.00000000000009,963.8169472497098,2.842170943040401e-14,2.842170943040401e-14
c-main,main_00006_CEN_806f76ebf20b,CEN,main_00006,20264006,road-0,4,150.58730299999996,39.999999999999986,190.58730299999996,1.4210854715202004e-14,773.2296442497097
c-main,main_00006_IJSH_f5fee769c8f5,IJSH,main_00006,20264006,power-0,9,760.4527782497097,180.0,940.4527782497097,0,0
c-main,main_00006_IJSH_f5fee769c8f5,IJSH,main_00006,20264006,road-0,4,253.434541,39.99999999999997,293.43454099999997,0,647.0182372497097
c-main,main_00006_JSH_6fe51d05daa3,JSH,main_00006,20264006,power-0,9,732.2052922497095,179.99999999999997,912.2052922497095,2.842170943040401e-14,2.842170943040401e-14
c-main,main_00006_JSH_6fe51d05daa3,JSH,main_00006,20264006,road-0,4,253.45360100000002,40.00000000000003,293.45360100000005,0,618.7516912497094
c-main,main_00006_OD_CEN_f2565e85922b,OD_CEN,main_00006,20264006,power-0,9,783.6800342497097,180.00000000000003,963.6800342497097,0,0
c-main,main_00006_OD_CEN_f2565e85922b,OD_CEN,main_00006,20264006,road-0,4,244.4485030000001,39.99999999999998,284.4485030000001,0,679.2315312497096
c-main,main_00006_OD_IJSH_19eb3e52a5aa,OD_IJSH,main_00006,20264006,power-0,9,760.5176242497097,180.0,940.5176242497097,0,0
c-main,main_00006_OD_IJSH_19eb3e52a5aa,OD_IJSH,main_00006,20264006,road-0,4,244.856807,40.0,284.856807,0,655.6608172497097
c-main,main_00006_OD_JSH_1e39618b09e8,OD_JSH,main_00006,20264006,power-0,9,732.2182482497095,180.00000000000006,912.2182482497096,5.684341886080802e-14,5.684341886080802e-14
c-main,main_00006_OD_JSH_1e39618b09e8,OD_JSH,main_00006,20264006,road-0,4,244.9157210000001,40.00000000000003,284.91572100000013,0,627.3025272497096
c-main,main_00007_CEN_7fd54b891f0c,CEN,main_00007,20264007,power-0,11,491.16546186574567,220.0000000000001,711.1654618657458,0,0
c-main,main_00007_CEN_7fd54b891f0c,CEN,main_00007,20264007,road-0,10,582.4070610000001,100.0,682.4070610000001,0,28.75840086574567
c-main,main_00007_IJSH_f7c92c6c88ad,IJSH,main_00007,20264007,power-0,11,436.24352786574565,220.00000000000003,656.2435278657457,2.842170943040401e-14,25.687027134254237
c-main,main_00007_IJSH_f7c92c6c88ad,IJSH,main_00007,20264007,road-0,10,581.9305549999999,99.99999999999997,681.9305549999999,2.842170943040401e-14,2.842170943040401e-14
c-main,main_00007_JSH_87b4d026de0c,JSH,main_00007,20264007,power-0,11,473.8329168657457,220.00000000000003,693.8329168657457,0,0
c-main,main_00007_JSH_87b4d026de0c,JSH,main_00007,20264007,road-0,10,581.7875329999999,100.0,681.7875329999999,0,12.045383865745748
c-main,main_00007_OD_CEN_9cf3cfa26c41,OD_CEN,main_00007,20264007,power-0,11,497.9873968657457,220.00000000000003,717.9873968657457,0,0
c-main,main_00007_OD_CEN_9cf3cfa26c41,OD_CEN,main_00007,20264007,road-0,10,489.0158660000001,99.9999999999999,589.015866,0,128.97153086574576
c-main,main_00007_OD_IJSH_7e2201fa37c4,OD_IJSH,main_00007,20264007,power-0,11,449.3189618657456,220.00000000000006,669.3189618657457,0,0
c-main,main_00007_OD_IJSH_7e2201fa37c4,OD_IJSH,main_00007,20264007,road-0,10,488.79686799999996,100.00000000000003,588.796868,2.842170943040401e-14,80.52209386574569
c-main,main_00007_OD_JSH_b64a1781c225,OD_JSH,main_00007,20264007,power-0,11,483.9504908657456,220.00000000000006,703.9504908657457,0,0
c-main,main_00007_OD_JSH_b64a1781c225,OD_JSH,main_00007,20264007,road-0,10,489.036691,100.00000000000009,589.0366910000001,2.842170943040401e-14,114.91379986574557
c-main,main_00008_CEN_80b81a21eb0c,CEN,main_00008,20264008,power-0,9,1006.3098219718299,180.00000000000003,1186.30982197183,0,0
c-main,main_00008_CEN_80b81a21eb0c,CEN,main_00008,20264008,road-0,11,264.39633,109.99999999999997,374.39633,2.842170943040401e-14,811.9134919718299
c-main,main_00008_IJSH_42d87c59ffaa,IJSH,main_00008,20264008,power-0,9,844.46100597183,179.99999999999983,1024.4610059718298,0,0
c-main,main_00008_IJSH_42d87c59ffaa,IJSH,main_00008,20264008,road-0,11,264.676855,109.99999999999999,374.676855,1.4210854715202004e-14,649.7841509718298
c-main,main_00008_JSH_1eacdbb4176d,JSH,main_00008,20264008,power-0,9,844.46100597183,179.99999999999983,1024.4610059718298,0,0
c-main,main_00008_JSH_1eacdbb4176d,JSH,main_00008,20264008,road-0,11,264.676855,109.99999999999999,374.676855,1.4210854715202004e-14,649.7841509718298
c-main,main_00008_OD_CEN_783b808135c8,OD_CEN,main_00008,20264008,power-0,9,1006.26025397183,180.00000000000006,1186.26025397183,0,0
c-main,main_00008_OD_CEN_783b808135c8,OD_CEN,main_00008,20264008,road-0,11,208.13980899999999,110.00000000000004,318.139809,0,868.12044497183
c-main,main_00008_OD_IJSH_35eec63a3f0c,OD_IJSH,main_00008,20264008,power-0,9,844.5286809718299,180.00000000000009,1024.52868097183,2.842170943040401e-14,2.842170943040401e-14
c-main,main_00008_OD_IJSH_35eec63a3f0c,OD_IJSH,main_00008,20264008,road-0,11,208.20598299999995,110.0,318.20598299999995,0,706.32269797183
c-main,main_00008_OD_JSH_28a1a339c02f,OD_JSH,main_00008,20264008,power-0,9,844.5286809718299,180.00000000000009,1024.52868097183,2.842170943040401e-14,2.842170943040401e-14
c-main,main_00008_OD_JSH_28a1a339c02f,OD_JSH,main_00008,20264008,road-0,11,208.20598299999995,110.0,318.20598299999995,0,706.32269797183
c-main,main_00009_CEN_5649a43738b2,CEN,main_00009,20264009,power-0,12,509.99438829684374,239.99999999999997,749.9943882968437,0,0
c-main,main_00009_CEN_5649a43738b2,CEN,main_00009,20264009,road-0,9,521.118038,90.0,611.118038,0,138.87635029684373
c-main,main_00009_IJSH_28845dbc1721,IJSH,main_00009,20264009,power-0,12,553.2342432968437,240.00000000000006,793.2342432968438,5.684341886080802e-14,5.684341886080802e-14
c-main,main_00009_IJSH_28845dbc1721,IJSH,main_00009,20264009,road-0,9,521.0408740000001,89.99999999999991,611.040874,0,182.19336929684377
c-main,main_00009_JSH_e27d4999d2b5,JSH,main_00009,20264009,power-0,12,555.2446522968438,240.00000000000003,795.2446522968438,0,0
c-main,main_00009_JSH_e27d4999d2b5,JSH,main_00009,20264009,road-0,9,521.1172650000001,89.99999999999983,611.117265,5.684341886080802e-14,184.1273872968439
c-main,main_00009_OD_CEN_7b1e365a33d9,OD_CEN,main_00009,20264009,power-0,12,509.86290329684374,240.00000000000006,749.8629032968438,0,0
c-main,main_00009_OD_CEN_7b1e365a33d9,OD_CEN,main_00009,20264009,road-0,9,277.999265,90.00000000000003,367.99926500000004,2.842170943040401e-14,381.86363829684376
c-main,main_00009_OD_IJSH_649c24e274eb,OD_IJSH,main_00009,20264009,power-0,12,553.2401192968438,240.00000000000006,793.2401192968438,0,0
c-main,main_00009_OD_IJSH_649c24e274eb,OD_IJSH,main_00009,20264009,road-0,9,278.316568,89.99999999999999,368.316568,1.4210854715202004e-14,424.9235512968437
c-main,main_00009_OD_JSH_f3083469f54a,OD_JSH,main_00009,20264009,power-0,12,555.2396752968438,240.00000000000003,795.2396752968438,0,0
c-main,main_00009_OD_JSH_f3083469f54a,OD_JSH,main_00009,20264009,road-0,9,278.276971,90.00000000000006,368.27697100000006,0,426.9627042968437
c-main,main_00010_CEN_87d48facd963,CEN,main_00010,20264010,power-0,12,886.0334585701476,239.99999999999997,1126.0334585701476,2.842170943040401e-14,2.842170943040401e-14
c-main,main_00010_CEN_87d48facd963,CEN,main_00010,20264010,road-0,12,394.86017,119.99999999999991,514.8601699999999,2.842170943040401e-14,611.1732885701477
c-main,main_00010_IJSH_9e13829e4529,IJSH,main_00010,20264010,power-0,12,865.7271385701475,240.00000000000014,1105.7271385701476,0,0
c-main,main_00010_IJSH_9e13829e4529,IJSH,main_00010,20264010,road-0,12,395.119427,120.0,515.119427,0,590.6077115701477
c-main,main_00010_JSH_d3b8ddc50a8f,JSH,main_00010,20264010,power-0,12,905.2072605701475,240.00000000000009,1145.2072605701476,2.842170943040401e-14,2.842170943040401e-14
c-main,main_00010_JSH_d3b8ddc50a8f,JSH,main_00010,20264010,road-0,12,395.16596599999997,119.99999999999993,515.1659659999999,1.4210854715202004e-14,630.0412945701477
c-main,main_00010_OD_CEN_b26f6d51b854,OD_CEN,main_00010,20264010,power-0,12,886.2480175701476,240.0,1126.2480175701476,0,0
c-main,main_00010_OD_CEN_b26f6d51b854,OD_CEN,main_00010,20264010,road-0,12,275.05400000000003,120.00000000000006,395.0540000000001,0,731.1940175701475
c-main,main_00010_OD_IJSH_c5c6a315753b,OD_IJSH,main_00010,20264010,power-0,12,865.8877125701475,240.00000000000014,1105.8877125701476,0,0
c-main,main_00010_OD_IJSH_c5c6a315753b,OD_IJSH,main_00010,20264010,road-0,12,275.427122,120.00000000000006,395.42712200000005,0,710.4605905701476
c-main,main_00010_OD_JSH_b060ed662876,OD_JSH,main_00010,20264010,power-0,12,906.1042065701475,240.0000000000001,1146.1042065701477,0,0
c-main,main_00010_OD_JSH_b060ed662876,OD_JSH,main_00010,20264010,road-0,12,275.442288,120.00000000000007,395.4422880000001,0,750.6619185701476
c-main,main_00011_CEN_abeef4156c44,CEN,main_00011,20264011,power-0,13,875.9804850282868,260.0000000000001,1135.980485028287,0,0
c-main,main_00011_CEN_abeef4156c44,CEN,main_00011,20264011,road-0,10,409.78994499999993,99.99999999999997,509.78994499999993,2.842170943040401e-14,626.1905400282869
c-main,main_00011_IJSH_580ed6962a92,IJSH,main_00011,20264011,power-0,13,786.5745030282869,260.0,1046.574503028287,0,0
c-main,main_00011_IJSH_580ed6962a92,IJSH,main_00011,20264011,road-0,10,409.432921,100.0,509.432921,0,537.1415820282868
c-main,main_00011_JSH_8b7981311c63,JSH,main_00011,20264011,power-0,13,806.0302170282866,259.99999999999994,1066.0302170282866,5.684341886080802e-14,5.684341886080802e-14
c-main,main_00011_JSH_8b7981311c63,JSH,main_00011,20264011,road-0,10,409.71675300000004,99.99999999999997,509.716753,0,556.3134640282866
c-main,main_00011_OD_CEN_951c100293eb,OD_CEN,main_00011,20264011,power-0,13,875.8832020282867,260.00000000000006,1135.8832020282869,5.684341886080802e-14,5.684341886080802e-14
c-main,main_00011_OD_CEN_951c100293eb,OD_CEN,main_00011,20264011,road-0,10,211.109797,99.99999999999991,311.1097969999999,0,824.773405028287
c-main,main_00011_OD_IJSH_40a7324595a5,OD_IJSH,main_00011,20264011,power-0,13,786.7496390282867,259.99999999999983,1046.7496390282865,5.684341886080802e-14,5.684341886080802e-14
c-main,main_00011_OD_IJSH_40a7324595a5,OD_IJSH,main_00011,20264011,road-0,10,211.084347,100.00000000000003,311.08434700000004,0,735.6652920282866
c-main,main_00011_OD_JSH_facb39055378,OD_JSH,main_00011,20264011,power-0,13,806.0997560282867,259.99999999999983,1066.0997560282865,0,0
c-main,main_00011_OD_JSH_facb39055378,OD_JSH,main_00011,20264011,road-0,10,211.086541,99.99999999999996,311.08654099999995,0,755.0132150282865
c-main,main_00012_CEN_941f394ef1c8,CEN,main_00012,20264012,power-0,15,766.1331091789013,299.9999999999998,1066.1331091789011,0,0
c-main,main_00012_CEN_941f394ef1c8,CEN,main_00012,20264012,road-0,13,709.632105,130.0,839.632105,0,226.5010041789011
c-main,main_00012_IJSH_5a3f2f8d0e71,IJSH,main_00012,20264012,power-0,15,737.6465681789014,300.0,1037.6465681789014,0,0
c-main,main_00012_IJSH_5a3f2f8d0e71,IJSH,main_00012,20264012,road-0,13,710.4994560000001,129.99999999999994,840.499456,0,197.1471121789013
c-main,main_00012_JSH_b8000038b65d,JSH,main_00012,20264012,power-0,15,698.2798581789013,300.00000000000006,998.2798581789013,0,0
c-main,main_00012_JSH_b8000038b65d,JSH,main_00012,20264012,road-0,13,710.854717,129.99999999999986,840.8547169999999,2.842170943040401e-14,157.42514117890144
c-main,main_00012_OD_CEN_a01bfd5759db,OD_CEN,main_00012,20264012,power-0,15,766.6339851789013,300.00000000000006,1066.6339851789014,5.684341886080802e-14,5.684341886080802e-14
c-main,main_00012_OD_CEN_a01bfd5759db,OD_CEN,main_00012,20264012,road-0,13,546.197831,129.99999999999986,676.1978309999998,2.842170943040401e-14,390.4361541789016
c-main,main_00012_OD_IJSH_6cb3ef9972cf,OD_IJSH,main_00012,20264012,power-0,15,738.5429651789012,300.0000000000001,1038.5429651789013,0,0
c-main,main_00012_OD_IJSH_6cb3ef9972cf,OD_IJSH,main_00012,20264012,road-0,13,546.306976,130.00000000000009,676.3069760000001,2.842170943040401e-14,362.23598917890126
c-main,main_00012_OD_JSH_bacf0cee9bd7,OD_JSH,main_00012,20264012,power-0,15,698.5331491789013,300.00000000000006,998.5331491789013,0,0
c-main,main_00012_OD_JSH_bacf0cee9bd7,OD_JSH,main_00012,20264012,road-0,13,547.3027969999999,130.00000000000009,677.302797,2.842170943040401e-14,321.2303521789013
c-main,main_00013_CEN_929fa211e09c,CEN,main_00013,20264013,power-0,12,487.3279417505433,240.00000000000009,727.3279417505433,0,0
c-main,main_00013_CEN_929fa211e09c,CEN,main_00013,20264013,road-0,5,397.897514,49.99999999999994,447.89751399999994,0,279.4304277505434
c-main,main_00013_IJSH_92f1d59b5447,IJSH,main_00013,20264013,power-0,12,527.9063137505433,239.99999999999994,767.9063137505433,5.684341886080802e-14,5.684341886080802e-14
c-main,main_00013_IJSH_92f1d59b5447,IJSH,main_00013,20264013,road-0,5,397.56284600000004,50.000000000000014,447.56284600000004,0,320.34346775054325
c-main,main_00013_JSH_02a714173897,JSH,main_00013,20264013,power-0,12,500.18799275054334,240.0000000000001,740.1879927505435,0,0
c-main,main_00013_JSH_02a714173897,JSH,main_00013,20264013,road-0,5,397.56284600000004,50.000000000000014,447.56284600000004,0,292.6251467505434
c-main,main_00013_OD_CEN_20124b30f032,OD_CEN,main_00013,20264013,power-0,12,487.35918875054324,240.0,727.3591887505432,0,0
c-main,main_00013_OD_CEN_20124b30f032,OD_CEN,main_00013,20264013,road-0,5,361.34295099999997,50.000000000000014,411.34295099999997,0,316.01623775054327
c-main,main_00013_OD_IJSH_d67d6cbe23c2,OD_IJSH,main_00013,20264013,power-0,12,527.9623367505434,240.0,767.9623367505434,0,0
c-main,main_00013_OD_IJSH_d67d6cbe23c2,OD_IJSH,main_00013,20264013,road-0,5,361.5584000000001,50.00000000000003,411.5584000000001,0,356.40393675054327
c-main,main_00013_OD_JSH_5427f87a753f,OD_JSH,main_00013,20264013,power-0,12,500.19957975054336,240.00000000000006,740.1995797505434,0,0
c-main,main_00013_OD_JSH_5427f87a753f,OD_JSH,main_00013,20264013,road-0,5,361.5695250000001,50.000000000000014,411.5695250000001,0,328.6300547505433
c-main,main_00014_CEN_aa2924a10c23,CEN,main_00014,20264014,power-0,11,385.43778891412865,219.99999999999997,605.4377889141286,2.842170943040401e-14,2.842170943040401e-14
c-main,main_00014_CEN_aa2924a10c23,CEN,main_00014,20264014,road-0,4,114.68572600000002,40.0,154.68572600000002,0,450.7520629141286
c-main,main_00014_IJSH_47a7471cb9a3,IJSH,main_00014,20264014,power-0,11,368.0647139141287,220.0,588.0647139141287,0,0
c-main,main_00014_IJSH_47a7471cb9a3,IJSH,main_00014,20264014,road-0,4,114.81746700000001,39.999999999999986,154.817467,0,433.24724691412865
c-main,main_00014_JSH_66f52ad4b731,JSH,main_00014,20264014,power-0,11,387.71525291412865,220.0000000000001,607.7152529141288,0,0
c-main,main_00014_JSH_66f52ad4b731,JSH,main_00014,20264014,road-0,4,114.81746700000001,39.999999999999986,154.817467,0,452.89778591412875
c-main,main_00014_OD_CEN_61285716bd88,OD_CEN,main_00014,20264014,power-0,11,385.4126729141287,219.99999999999994,605.4126729141286,0,0
c-main,main_00014_OD_CEN_61285716bd88,OD_CEN,main_00014,20264014,road-0,4,97.601486,40.0,137.601486,0,467.8111869141286
c-main,main_00014_OD_IJSH_c7dd69e4d019,OD_IJSH,main_00014,20264014,power-0,11,368.0613509141287,219.99999999999994,588.0613509141286,0,0
c-main,main_00014_OD_IJSH_c7dd69e4d019,OD_IJSH,main_00014,20264014,road-0,4,97.71655799999999,40.00000000000001,137.716558,0,450.3447929141287
c-main,main_00014_OD_JSH_98026ebacc93,OD_JSH,main_00014,20264014,power-0,11,387.71525291412865,220.0000000000001,607.7152529141288,0,0
c-main,main_00014_OD_JSH_98026ebacc93,OD_JSH,main_00014,20264014,road-0,4,97.71655799999999,40.00000000000001,137.716558,0,469.9986949141288
c-main,main_00015_CEN_4ef3c8789814,CEN,main_00015,20264015,power-0,15,1846.8998082158764,300.0,2146.8998082158764,0,0
c-main,main_00015_CEN_4ef3c8789814,CEN,main_00015,20264015,road-0,8,510.3805300000001,80.00000000000009,590.3805300000001,0,1556.5192782158763
c-main,main_00015_IJSH_8e95c3c5c61b,IJSH,main_00015,20264015,power-0,15,1992.3798362158761,299.99999999999983,2292.379836215876,0,0
c-main,main_00015_IJSH_8e95c3c5c61b,IJSH,main_00015,20264015,road-0,8,523.086289,80.00000000000001,603.086289,0,1689.293547215876
c-main,main_00015_JSH_f47d878c5609,JSH,main_00015,20264015,power-0,15,2055.120925215876,299.9999999999999,2355.120925215876,1.1368683772161603e-13,1.1368683772161603e-13
c-main,main_00015_JSH_f47d878c5609,JSH,main_00015,20264015,road-0,8,523.790852,80.0,603.790852,0,1751.330073215876
c-main,main_00015_OD_CEN_e0cc6d225b83,OD_CEN,main_00015,20264015,power-0,15,1848.4987762158764,300.0000000000003,2148.4987762158767,0,0
c-main,main_00015_OD_CEN_e0cc6d225b83,OD_CEN,main_00015,20264015,road-0,8,379.738779,79.99999999999997,459.73877899999997,0,1688.7599972158766
c-main,main_00015_OD_IJSH_13eaa9a691cb,OD_IJSH,main_00015,20264015,power-0,15,1993.8347822158762,300.0,2293.834782215876,0,0
c-main,main_00015_OD_IJSH_13eaa9a691cb,OD_IJSH,main_00015,20264015,road-0,8,390.3031900000001,79.99999999999997,470.30319000000003,0,1823.5315922158761
c-main,main_00015_OD_JSH_e45e4d884c91,OD_JSH,main_00015,20264015,power-0,15,2057.1961752158763,299.9999999999999,2357.1961752158763,1.1368683772161603e-13,1.1368683772161603e-13
c-main,main_00015_OD_JSH_e45e4d884c91,OD_JSH,main_00015,20264015,road-0,8,390.39577900000006,80.00000000000003,470.39577900000006,0,1886.8003962158764
c-main,main_00016_CEN_9a89c179dfbc,CEN,main_00016,20264016,power-0,15,1303.5269192928506,299.99999999999994,1603.5269192928506,5.684341886080802e-14,5.684341886080802e-14
c-main,main_00016_CEN_9a89c179dfbc,CEN,main_00016,20264016,road-0,4,280.065787,39.99999999999997,320.065787,2.842170943040401e-14,1283.4611322928506
c-main,main_00016_IJSH_61f61a72a843,IJSH,main_00016,20264016,power-0,15,1299.5265282928506,299.99999999999983,1599.5265282928503,0,0
c-main,main_00016_IJSH_61f61a72a843,IJSH,main_00016,20264016,road-0,4,269.454002,39.999999999999986,309.454002,1.4210854715202004e-14,1290.0725262928504
c-main,main_00016_JSH_d2ea6d7a42eb,JSH,main_00016,20264016,power-0,15,1299.5265282928506,299.99999999999983,1599.5265282928503,0,0
c-main,main_00016_JSH_d2ea6d7a42eb,JSH,main_00016,20264016,road-0,4,269.454002,39.999999999999986,309.454002,1.4210854715202004e-14,1290.0725262928504
c-main,main_00016_OD_CEN_bf8938a5a503,OD_CEN,main_00016,20264016,power-0,15,1303.3860032928505,299.99999999999994,1603.3860032928505,5.684341886080802e-14,5.684341886080802e-14
c-main,main_00016_OD_CEN_bf8938a5a503,OD_CEN,main_00016,20264016,road-0,4,231.949791,39.99999999999999,271.949791,7.105427357601002e-15,1331.4362122928505
c-main,main_00016_OD_IJSH_7118ec03333c,OD_IJSH,main_00016,20264016,power-0,15,1299.6921382928506,299.99999999999983,1599.6921382928504,0,0
c-main,main_00016_OD_IJSH_7118ec03333c,OD_IJSH,main_00016,20264016,road-0,4,231.998925,40.000000000000014,271.99892500000004,1.4210854715202004e-14,1327.6932132928503
c-main,main_00016_OD_JSH_2149281715e5,OD_JSH,main_00016,20264016,power-0,15,1299.6921382928506,299.99999999999983,1599.6921382928504,0,0
c-main,main_00016_OD_JSH_2149281715e5,OD_JSH,main_00016,20264016,road-0,4,231.998925,40.000000000000014,271.99892500000004,1.4210854715202004e-14,1327.6932132928503
c-main,main_00017_CEN_aac64986b670,CEN,main_00017,20264017,power-0,11,346.42306095470195,220.00000000000006,566.423060954702,0,0
c-main,main_00017_CEN_aac64986b670,CEN,main_00017,20264017,road-0,5,266.147322,50.000000000000014,316.147322,0,250.27573895470204
c-main,main_00017_IJSH_a1b52d42ad40,IJSH,main_00017,20264017,power-0,11,381.97242195470193,220.00000000000003,601.972421954702,2.842170943040401e-14,2.842170943040401e-14
c-main,main_00017_IJSH_a1b52d42ad40,IJSH,main_00017,20264017,road-0,5,202.577097,50.0,252.577097,0,349.395324954702
c-main,main_00017_JSH_10fc1e7c0751,JSH,main_00017,20264017,power-0,11,382.64636095470195,220.00000000000006,602.646360954702,0,0
c-main,main_00017_JSH_10fc1e7c0751,JSH,main_00017,20264017,road-0,5,202.577097,50.0,252.577097,0,350.069263954702
c-main,main_00017_OD_CEN_5709574db50d,OD_CEN,main_00017,20264017,power-0,11,346.535616954702,219.99999999999994,566.5356169547019,0,0
c-main,main_00017_OD_CEN_5709574db50d,OD_CEN,main_00017,20264017,road-0,5,161.424284,50.0,211.424284,0,355.11133295470194
c-main,main_00017_OD_IJSH_9986867e1080,OD_IJSH,main_00017,20264017,power-0,11,381.720034954702,220.00000000000003,601.720034954702,0,0
c-main,main_00017_OD_IJSH_9986867e1080,OD_IJSH,main_00017,20264017,road-0,5,161.608281,49.999999999999986,211.608281,1.4210854715202004e-14,390.11175395470195
c-main,main_00017_OD_JSH_736bb065ea30,OD_JSH,main_00017,20264017,power-0,11,382.38329395470197,220.00000000000006,602.383293954702,0,0
c-main,main_00017_OD_JSH_736bb065ea30,OD_JSH,main_00017,20264017,road-0,5,161.608281,49.999999999999986,211.608281,1.4210854715202004e-14,390.775012954702
c-main,main_00018_CEN_d21a00ccf796,CEN,main_00018,20264018,power-0,12,573.7350223095542,240.00000000000003,813.7350223095542,0,0
c-main,main_00018_CEN_d21a00ccf796,CEN,main_00018,20264018,road-0,5,231.16520400000002,49.99999999999999,281.165204,7.105427357601002e-15,532.5698183095542
c-main,main_00018_IJSH_1661d9afe01f,IJSH,main_00018,20264018,power-0,12,506.8297253095542,240.0000000000001,746.8297253095543,0,0
c-main,main_00018_IJSH_1661d9afe01f,IJSH,main_00018,20264018,road-0,5,231.060797,49.99999999999998,281.060797,0,465.7689283095543
c-main,main_00018_JSH_6144773e7606,JSH,main_00018,20264018,power-0,12,503.2536033095542,240.00000000000006,743.2536033095543,0,0
c-main,main_00018_JSH_6144773e7606,JSH,main_00018,20264018,road-0,5,231.060797,49.99999999999998,281.060797,0,462.19280630955427
c-main,main_00018_OD_CEN_ca74f7fbe560,OD_CEN,main_00018,20264018,power-0,12,573.7074013095541,239.99999999999997,813.7074013095541,2.842170943040401e-14,2.842170943040401e-14
c-main,main_00018_OD_CEN_ca74f7fbe560,OD_CEN,main_00018,20264018,road-0,5,140.725954,49.99999999999999,190.725954,7.105427357601002e-15,622.9814473095541
c-main,main_00018_OD_IJSH_d6604b74dc24,OD_IJSH,main_00018,20264018,power-0,12,506.8412983095542,240.0000000000001,746.8412983095543,0,0
c-main,main_00018_OD_IJSH_d6604b74dc24,OD_IJSH,main_00018,20264018,road-0,5,140.700078,50.00000000000003,190.70007800000002,0,556.1412203095543
c-main,main_00018_OD_JSH_631036ed3fae,OD_JSH,main_00018,20264018,power-0,12,503.2353043095542,240.0,743.2353043095542,0,0
c-main,main_00018_OD_JSH_631036ed3fae,OD_JSH,main_00018,20264018,road-0,5,140.700078,50.00000000000003,190.70007800000002,0,552.5352263095542
c-main,main_00019_CEN_9ea270329ffe,CEN,main_00019,20264019,power-0,10,541.1616906315919,200.00000000000003,741.1616906315919,0,61.38443036840815
c-main,main_00019_CEN_9ea270329ffe,CEN,main_00019,20264019,road-0,12,682.5461210000001,119.99999999999999,802.5461210000001,1.4210854715202004e-14,1.4210854715202004e-14
c-main,main_00019_IJSH_b8943eb21aaa,IJSH,main_00019,20264019,power-0,10,620.3220976315919,200.0,820.3220976315919,0,0
c-main,main_00019_IJSH_b8943eb21aaa,IJSH,main_00019,20264019,road-0,12,682.994259,120.00000000000004,802.994259,0,17.327838631591774
c-main,main_00019_JSH_77f839d92878,JSH,main_00019,20264019,power-0,10,608.1629126315919,200.00000000000003,808.1629126315919,0,0
c-main,main_00019_JSH_77f839d92878,JSH,main_00019,20264019,road-0,12,683.000333,119.99999999999994,803.000333,5.684341886080802e-14,5.162579631591996
c-main,main_00019_OD_CEN_260f163fd965,OD_CEN,main_00019,20264019,power-0,10,544.481470631592,200.00000000000003,744.481470631592,0,0
c-main,main_00019_OD_CEN_260f163fd965,OD_CEN,main_00019,20264019,road-0,12,536.4622340000001,120.00000000000001,656.4622340000001,0,88.01923663159185
c-main,main_00019_OD_IJSH_d6bf342983be,OD_IJSH,main_00019,20264019,power-0,10,623.1011386315919,200.00000000000003,823.1011386315919,0,0
c-main,main_00019_OD_IJSH_d6bf342983be,OD_IJSH,main_00019,20264019,road-0,12,536.43052,120.00000000000011,656.4305200000001,0,166.67061863159176
c-main,main_00019_OD_JSH_9fcf5fa793b7,OD_JSH,main_00019,20264019,power-0,10,610.770256631592,199.99999999999991,810.7702566315919,0,0
c-main,main_00019_OD_JSH_9fcf5fa793b7,OD_JSH,main_00019,20264019,road-0,12,536.43052,120.00000000000011,656.4305200000001,0,154.3397366315918
c-main,main_00020_CEN_44dab071c441,CEN,main_00020,20264020,power-0,10,700.043717697736,199.9999999999999,900.0437176977359,0,0
c-main,main_00020_CEN_44dab071c441,CEN,main_00020,20264020,road-0,13,595.321145,130.00000000000014,725.3211450000001,0,174.72257269773579
c-main,main_00020_IJSH_c5cbdc554f44,IJSH,main_00020,20264020,power-0,10,700.1067256977361,200.0000000000001,900.1067256977362,0,0
c-main,main_00020_IJSH_c5cbdc554f44,IJSH,main_00020,20264020,road-0,13,591.550972,130.0,721.550972,0,178.55575369773624
c-main,main_00020_JSH_b2ad38b8d4e0,JSH,main_00020,20264020,power-0,10,686.9552356977362,200.0000000000001,886.9552356977363,0,0
c-main,main_00020_JSH_b2ad38b8d4e0,JSH,main_00020,20264020,road-0,13,591.801361,130.00000000000006,721.801361,0,165.15387469773617
c-main,main_00020_OD_CEN_56496b18de39,OD_CEN,main_00020,20264020,power-0,10,699.8925476977356,199.99999999999994,899.8925476977356,5.684341886080802e-14,5.684341886080802e-14
c-main,main_00020_OD_CEN_56496b18de39,OD_CEN,main_00020,20264020,road-0,13,331.620808,130.0,461.620808,0,438.2717396977356
c-main,main_00020_OD_IJSH_48dbce5d6734,OD_IJSH,main_00020,20264020,power-0,10,699.7945126977359,199.99999999999994,899.7945126977359,5.684341886080802e-14,5.684341886080802e-14
c-main,main_00020_OD_IJSH_48dbce5d6734,OD_IJSH,main_00020,20264020,road-0,13,331.63506,129.99999999999997,461.63506,2.842170943040401e-14,438.1594526977358
c-main,main_00020_OD_JSH_ccbfaeb69a65,OD_JSH,main_00020,20264020,power-0,10,686.7933826977361,200.0000000000001,886.7933826977362,0,0
c-main,main_00020_OD_JSH_ccbfaeb69a65,OD_JSH,main_00020,20264020,road-0,13,331.63040700000005,130.0,461.63040700000005,0,425.1629756977361
c-main,main_00021_CEN_39095144824e,CEN,main_00021,20264021,power-0,13,1087.0001020980562,259.99999999999983,1347.000102098056,0,0
c-main,main_00021_CEN_39095144824e,CEN,main_00021,20264021,road-0,6,356.42813699999994,60.00000000000004,416.428137,1.4210854715202004e-14,930.5719650980561
c-main,main_00021_IJSH_ed01437619bb,IJSH,main_00021,20264021,power-0,13,1163.7044450980563,259.99999999999983,1423.704445098056,0,0
c-main,main_00021_IJSH_ed01437619bb,IJSH,main_00021,20264021,road-0,6,356.40376100000003,60.000000000000085,416.4037610000001,0,1007.300684098056
c-main,main_00021_JSH_35d9b9dc7562,JSH,main_00021,20264021,power-0,13,1163.7044450980563,259.99999999999983,1423.704445098056,0,0
c-main,main_00021_JSH_35d9b9dc7562,JSH,main_00021,20264021,road-0,6,356.40376100000003,60.000000000000085,416.4037610000001,0,1007.300684098056
c-main,main_00021_OD_CEN_22be9d011e7a,OD_CEN,main_00021,20264021,power-0,13,1086.773715098056,259.9999999999999,1346.773715098056,1.1368683772161603e-13,1.1368683772161603e-13
c-main,main_00021_OD_CEN_22be9d011e7a,OD_CEN,main_00021,20264021,road-0,6,222.54899599999996,60.000000000000014,282.548996,1.4210854715202004e-14,1064.224719098056
c-main,main_00021_OD_IJSH_de33342320a7,OD_IJSH,main_00021,20264021,power-0,13,1163.5113540980562,259.9999999999999,1423.511354098056,0,0
c-main,main_00021_OD_IJSH_de33342320a7,OD_IJSH,main_00021,20264021,road-0,6,222.55010799999997,59.99999999999999,282.55010799999997,7.105427357601002e-15,1140.961246098056
c-main,main_00021_OD_JSH_066097d02d52,OD_JSH,main_00021,20264021,power-0,13,1163.5113540980562,259.9999999999999,1423.511354098056,0,0
c-main,main_00021_OD_JSH_066097d02d52,OD_JSH,main_00021,20264021,road-0,6,222.55010799999997,59.99999999999999,282.55010799999997,7.105427357601002e-15,1140.961246098056
c-main,main_00022_CEN_77e57a9297f0,CEN,main_00022,20264022,power-0,9,520.3496914632009,179.99999999999994,700.3496914632008,0,61.1134145367991
c-main,main_00022_CEN_77e57a9297f0,CEN,main_00022,20264022,road-0,12,641.4631059999999,120.00000000000001,761.4631059999999,0,0
c-main,main_00022_IJSH_3bdb4443a863,IJSH,main_00022,20264022,power-0,9,396.7599104632007,180.00000000000003,576.7599104632008,2.842170943040401e-14,185.12243253679927
c-main,main_00022_IJSH_3bdb4443a863,IJSH,main_00022,20264022,road-0,12,641.882343,120.0,761.882343,0,0
c-main,main_00022_JSH_b31d2366878d,JSH,main_00022,20264022,power-0,9,396.7599104632007,180.00000000000003,576.7599104632008,2.842170943040401e-14,185.12243253679927
c-main,main_00022_JSH_b31d2366878d,JSH,main_00022,20264022,road-0,12,641.882343,120.0,761.882343,0,0
c-main,main_00022_OD_CEN_533aa0e980c4,OD_CEN,main_00022,20264022,power-0,9,523.4862194632007,179.99999999999997,703.4862194632007,2.842170943040401e-14,2.842170943040401e-14
c-main,main_00022_OD_CEN_533aa0e980c4,OD_CEN,main_00022,20264022,road-0,12,351.278539,120.00000000000006,471.2785390000001,0,232.20768046320057
c-main,main_00022_OD_IJSH_bab0c881cbf1,OD_IJSH,main_00022,20264022,power-0,9,396.70148846320075,179.99999999999994,576.7014884632007,0,0
c-main,main_00022_OD_IJSH_bab0c881cbf1,OD_IJSH,main_00022,20264022,road-0,12,351.317865,120.00000000000004,471.31786500000004,1.4210854715202004e-14,105.38362346320066
c-main,main_00022_OD_JSH_8e859733d83a,OD_JSH,main_00022,20264022,power-0,9,396.70148846320075,179.99999999999994,576.7014884632007,0,0
c-main,main_00022_OD_JSH_8e859733d83a,OD_JSH,main_00022,20264022,road-0,12,351.317865,120.00000000000004,471.31786500000004,1.4210854715202004e-14,105.38362346320066
c-main,main_00023_CEN_9345aa646229,CEN,main_00023,20264023,power-0,11,526.1282036330341,220.00000000000014,746.1282036330342,0,0
c-main,main_00023_CEN_9345aa646229,CEN,main_00023,20264023,road-0,8,247.22633300000004,79.99999999999997,327.226333,0,418.90187063303415
c-main,main_00023_IJSH_3a0db3dde7b0,IJSH,main_00023,20264023,power-0,11,509.954490633034,220.00000000000017,729.9544906330342,0,0
c-main,main_00023_IJSH_3a0db3dde7b0,IJSH,main_00023,20264023,road-0,8,247.22722399999995,79.99999999999997,327.2272239999999,0,402.7272666330342
c-main,main_00023_JSH_aede163c1e56,JSH,main_00023,20264023,power-0,11,541.8081016330341,220.00000000000017,761.8081016330342,0,0
c-main,main_00023_JSH_aede163c1e56,JSH,main_00023,20264023,road-0,8,247.42670399999997,80.00000000000001,327.426704,0,434.3813976330342
c-main,main_00023_OD_CEN_9e8d73a81b29,OD_CEN,main_00023,20264023,power-0,11,525.474451633034,219.99999999999997,745.474451633034,2.842170943040401e-14,2.842170943040401e-14
c-main,main_00023_OD_CEN_9e8d73a81b29,OD_CEN,main_00023,20264023,road-0,8,142.342251,80.00000000000001,222.342251,0,523.132200633034
c-main,main_00023_OD_IJSH_0bb8e7b2c631,OD_IJSH,main_00023,20264023,power-0,11,509.512353633034,220.00000000000006,729.5123536330341,0,0
c-main,main_00023_OD_IJSH_0bb8e7b2c631,OD_IJSH,main_00023,20264023,road-0,8,142.292656,80.00000000000001,222.29265600000002,1.4210854715202004e-14,507.2196976330341
c-main,main_00023_OD_JSH_88abcf0f34c8,OD_JSH,main_00023,20264023,power-0,11,541.763060633034,220.0000000000001,761.7630606330341,0,0
c-main,main_00023_OD_JSH_88abcf0f34c8,OD_JSH,main_00023,20264023,road-0,8,142.278928,80.00000000000001,222.278928,0,539.484132633034
c-main,main_00024_CEN_d49c8087d7a9,CEN,main_00024,20264024,power-0,13,450.76823290893134,260.00000000000006,710.7682329089314,0,0
c-main,main_00024_CEN_d49c8087d7a9,CEN,main_00024,20264024,road-0,6,318.72952699999996,59.99999999999999,378.72952699999996,7.105427357601002e-15,332.03870590893143
c-main,main_00024_IJSH_e008707f7164,IJSH,main_00024,20264024,power-0,13,553.4025529089313,259.99999999999994,813.4025529089313,5.684341886080802e-14,5.684341886080802e-14
c-main,main_00024_IJSH_e008707f7164,IJSH,main_00024,20264024,road-0,6,326.36335899999995,60.00000000000004,386.363359,1.4210854715202004e-14,427.0391939089313
c-main,main_00024_JSH_208f2bbffd53,JSH,main_00024,20264024,power-0,13,543.9959639089313,260.0,803.9959639089313,0,0
c-main,main_00024_JSH_208f2bbffd53,JSH,main_00024,20264024,road-0,6,327.70690199999996,60.00000000000001,387.70690199999996,0,416.2890619089314
c-main,main_00024_OD_CEN_3b63f966c6ff,OD_CEN,main_00024,20264024,power-0,13,450.24841390893135,259.99999999999994,710.2484139089313,0,0
c-main,main_00024_OD_CEN_3b63f966c6ff,OD_CEN,main_00024,20264024,road-0,6,169.854917,60.00000000000001,229.854917,0,480.3934969089313
c-main,main_00024_OD_IJSH_e03e72a2a6d1,OD_IJSH,main_00024,20264024,power-0,13,554.0966529089313,260.0,814.0966529089313,0,0
c-main,main_00024_OD_IJSH_e03e72a2a6d1,OD_IJSH,main_00024,20264024,road-0,6,169.84534599999998,60.00000000000002,229.845346,7.105427357601002e-15,584.2513069089314
c-main,main_00024_OD_JSH_bf5669e70d5b,OD_JSH,main_00024,20264024,power-0,13,544.2024959089314,260.0,804.2024959089314,0,0
c-main,main_00024_OD_JSH_bf5669e70d5b,OD_JSH,main_00024,20264024,road-0,6,169.854917,60.00000000000001,229.854917,0,574.3475789089314
