scenario_group,scenario_seed,scenario_id,asset,asset_type,residual_factor,fully_failed
construction,20263001,main_00001,power:p1rhs2_1247,power,0.6213197657331375,False
construction,20263001,main_00001,power:p1rhs7_1247,power,0.6085757065834367,False
construction,20263001,main_00001,power:p1uhs14_1247,power,0.0,True
construction,20263001,main_00001,power:p1uhs2_1247,power,0.5623902057256173,False
construction,20263001,main_00001,power:p1uhs8_1247,power,0.0,True
construction,20263001,main_00001,power:p2uhs13_1247,power,0.0,True
construction,20263001,main_00001,power:p3uhs14_1247,power,0.7321595248964285,False
construction,20263001,main_00001,power:p3uhs23_1247,power,0.0,True
construction,20263001,main_00001,power:p5uhs10_1247,power,0.5200037855031882,False
construction,20263001,main_00001,power:p5uhs12_1247,power,0.4094697950009982,False
construction,20263001,main_00001,power:p5uhs17_1247,power,0.0,True
construction,20263001,main_00001,power:p5uhs1_1247,power,0.0,True
construction,20263001,main_00001,road:1277-1846,road,0.495736474137648,False
construction,20263001,main_00001,road:1438-1439,road,0.0,True
construction,20263001,main_00001,road:2222-2382,road,0.0,True
construction,20263001,main_00001,road:3582-4423,road,0.12446031810687097,False
construction,20263001,main_00001,road:3894-3919,road,0.4410551137466061,False
construction,20263001,main_00001,road:4361-4362,road,0.22468786704361532,False
construction,20263001,main_00001,road:5883-5884,road,0.0,True
construction,20263001,main_00001,road:7257-7450,road,0.40915914698488653,False
construction,20263002,main_00002,power:p1uhs0_1247,power,0.0,True
construction,20263002,main_00002,power:p1uhs21_1247,power,0.0,True
construction,20263002,main_00002,power:p2uhs1_1247,power,0.0,True
construction,20263002,main_00002,power:p2uhs2_1247,power,0.0,True
construction,20263002,main_00002,power:p3uhs20_1247,power,0.6975234144494548,False
construction,20263002,main_00002,power:p3uhs26_1247,power,0.5735483896856717,False
construction,20263002,main_00002,power:p4uhs6_1247,power,0.707139098055505,False
construction,20263002,main_00002,power:p5uhs17_1247,power,0.2767108105820504,False
construction,20263002,main_00002,power:p5uhs22_1247,power,0.0,True
construction,20263002,main_00002,power:p5uhs24_1247,power,0.0,True
construction,20263002,main_00002,road:1220-6730,road,0.26640151876190354,False
construction,20263002,main_00002,road:2411-2412,road,0.31249008131584044,False
construction,20263002,main_00002,road:3508-3509,road,0.10618164270244512,False
construction,20263002,main_00002,road:3897-3898,road,0.3947754826959413,False
construction,20263002,main_00002,road:4748-5881,road,0.11768482422823556,False
construction,20263002,main_00002,road:5395-5396,road,0.4694755540727127,False
construction,20263002,main_00002,road:6613-6615,road,0.38027923560837773,False
construction,20263002,main_00002,road:6973-6974,road,0.17811743977127015,False
construction,20263003,main_00003,power:p1rhs2_1247,power,0.3405990453595817,False
construction,20263003,main_00003,power:p1uhs13_1247,power,0.4568377661496188,False
construction,20263003,main_00003,power:p1uhs17_1247,power,0.4477334492502364,False
construction,20263003,main_00003,power:p1uhs7_1247,power,0.5581998902281791,False
construction,20263003,main_00003,power:p2uhs4_1247,power,0.0,True
construction,20263003,main_00003,power:p3uhs14_1247,power,0.4278815774912795,False
construction,20263003,main_00003,power:p3uhs15_1247,power,0.511677170869647,False
construction,20263003,main_00003,power:p3uhs23_1247,power,0.7097956593290569,False
construction,20263003,main_00003,power:p3uhs7_1247,power,0.0,True
construction,20263003,main_00003,power:p4uhs18_1247,power,0.0,True
construction,20263003,main_00003,power:p4uhs3_1247,power,0.3046926741629687,False
construction,20263003,main_00003,power:p5uhs19_1247,power,0.7633957490181487,False
construction,20263003,main_00003,power:p5uhs24_1247,power,0.0,True
construction,20263003,main_00003,power:p5uhs3_1247,power,0.0,True
construction,20263003,main_00003,road:1120-7349,road,0.28576691213235805,False
construction,20263003,main_00003,road:2256-6782,road,0.4469919575002237,False
construction,20263003,main_00003,road:3250-3293,road,0.35637629485836353,False
construction,20263003,main_00003,road:3436-3448,road,0.0,True
construction,20263003,main_00003,road:5555-5561,road,0.1314232588442944,False
construction,20263003,main_00003,road:5914-5922,road,0.22820218793531044,False
construction,20263003,main_00003,road:6537-6991,road,0.0,True
construction,20263003,main_00003,road:6916-6924,road,0.16507530660195324,False
construction,20263004,main_00004,power:p1uhs13_1247,power,0.38498561937097187,False
construction,20263004,main_00004,power:p1uhs16_1247,power,0.3849281509901181,False
construction,20263004,main_00004,power:p1uhs7_1247,power,0.0,True
construction,20263004,main_00004,power:p3uhs5_1247,power,0.0,True
construction,20263004,main_00004,power:p3uhs8_1247,power,0.0,True
construction,20263004,main_00004,power:p4uhs17_1247,power,0.20712145232771492,False
construction,20263004,main_00004,power:p4uhs18_1247,power,0.0,True
construction,20263004,main_00004,power:p4uhs20_1247,power,0.0,True
construction,20263004,main_00004,power:p5uhs14_1247,power,0.0,True
construction,20263004,main_00004,power:p5uhs19_1247,power,0.5807154772623139,False
construction,20263004,main_00004,power:p5uhs22_1247,power,0.49777489329760294,False
construction,20263004,main_00004,power:p5uhs30_1247,power,0.0,True
construction,20263004,main_00004,road:2206-2216,road,0.3242956546195228,False
construction,20263004,main_00004,road:4614-5550,road,0.16134963906056088,False
construction,20263004,main_00004,road:5529-5530,road,0.0,True
construction,20263004,main_00004,road:5703-5746,road,0.0,True
construction,20263004,main_00004,road:6091-7315,road,0.2908376968338745,False
construction,20263005,main_00005,power:p1rhs1_1247,power,0.0,True
construction,20263005,main_00005,power:p1rhs4_1247,power,0.35805894912252867,False
construction,20263005,main_00005,power:p1uhs4_1247,power,0.6739160825392436,False
construction,20263005,main_00005,power:p1uhs5_1247,power,0.7263607682515303,False
construction,20263005,main_00005,power:p1uhs9_1247,power,0.0,True
construction,20263005,main_00005,power:p2uhs11_1247,power,0.7481305517661889,False
construction,20263005,main_00005,power:p2uhs13_1247,power,0.7714712005819824,False
construction,20263005,main_00005,power:p2uhs7_1247,power,0.6472549003490207,False
construction,20263005,main_00005,power:p4uhs12_1247,power,0.0,True
construction,20263005,main_00005,power:p4uhs1_1247,power,0.6019915810971359,False
construction,20263005,main_00005,power:p4uhs9_1247,power,0.0,True
construction,20263005,main_00005,power:p5uhs28_1247,power,0.0,True
construction,20263005,main_00005,power:p5uhs5_1247,power,0.0,True
construction,20263005,main_00005,power:p5uhs7_1247,power,0.0,True
construction,20263005,main_00005,road:1434-1438,road,0.0,True
construction,20263005,main_00005,road:1451-1459,road,0.22532845628442622,False
construction,20263005,main_00005,road:2170-2173,road,0.43570499918955696,False
construction,20263005,main_00005,road:3012-3014,road,0.22264910296029627,False
construction,20263005,main_00005,road:3020-3135,road,0.4297285484674278,False
construction,20263005,main_00005,road:3067-3068,road,0.0,True
construction,20263005,main_00005,road:5699-5712,road,0.4843787387085028,False
construction,20263005,main_00005,road:6578-6579,road,0.3311593487124985,False
construction,20263005,main_00005,road:7277-7278,road,0.19515115805287775,False
construction,20263006,main_00006,power:p1rhs1_1247,power,0.0,True
construction,20263006,main_00006,power:p1uhs20_1247,power,0.0,True
construction,20263006,main_00006,power:p2uhs0_1247,power,0.0,True
construction,20263006,main_00006,power:p2uhs12_1247,power,0.0,True
construction,20263006,main_00006,power:p3uhs11_1247,power,0.0,True
construction,20263006,main_00006,power:p4uhs14_1247,power,0.0,True
construction,20263006,main_00006,power:p4uhs2_1247,power,0.0,True
construction,20263006,main_00006,power:p4uhs7_1247,power,0.2792637647678282,False
construction,20263006,main_00006,power:p5uhs0_1247,power,0.0,True
construction,20263006,main_00006,power:p5uhs23_1247,power,0.0,True
construction,20263006,main_00006,power:p5uhs3_1247,power,0.2428255287400572,False
construction,20263006,main_00006,power:p5uhs5_1247,power,0.6909504028988112,False
construction,20263006,main_00006,power:p5uhs9_1247,power,0.0,True
construction,20263006,main_00006,road:1784-1785,road,0.1086747469796292,False
construction,20263006,main_00006,road:4656-6648,road,0.3507248468749211,False
construction,20263006,main_00006,road:5054-5081,road,0.454501465741183,False
construction,20263006,main_00006,road:5484-7222,road,0.0,True
construction,20263006,main_00006,road:5827-5837,road,0.4624387168577744,False
construction,20263006,main_00006,road:6436-6972,road,0.0,True
construction,20263007,main_00007,power:p1rhs7_1247,power,0.0,True
construction,20263007,main_00007,power:p1uhs8_1247,power,0.0,True
construction,20263007,main_00007,power:p2uhs2_1247,power,0.4208640642535226,False
construction,20263007,main_00007,power:p2uhs6_1247,power,0.7748606100376518,False
construction,20263007,main_00007,power:p3uhs20_1247,power,0.3314688992237311,False
construction,20263007,main_00007,power:p3uhs2_1247,power,0.0,True
construction,20263007,main_00007,power:p3uhs9_1247,power,0.4541738812682702,False
construction,20263007,main_00007,power:p4uhs11_1247,power,0.0,True
construction,20263007,main_00007,power:p4uhs5_1247,power,0.0,True
construction,20263007,main_00007,power:p4uhs7_1247,power,0.6671921184591595,False
construction,20263007,main_00007,power:p5uhs26_1247,power,0.0,True
construction,20263007,main_00007,power:p5uhs3_1247,power,0.0,True
construction,20263007,main_00007,road:1299-1357,road,0.13844846686377033,False
construction,20263007,main_00007,road:1329-1334,road,0.15085333948289759,False
construction,20263007,main_00007,road:1370-1371,road,0.15371644152454123,False
construction,20263007,main_00007,road:1457-1458,road,0.0,True
construction,20263007,main_00007,road:2125-2128,road,0.1811599204935479,False
construction,20263007,main_00007,road:2245-2249,road,0.1313162045552836,False
construction,20263007,main_00007,road:2929-2939,road,0.15405300197175253,False
construction,20263007,main_00007,road:3010-3116,road,0.1652111083119292,False
construction,20263007,main_00007,road:3015-3216,road,0.0,True
construction,20263007,main_00007,road:3511-4016,road,0.4772386096772673,False
construction,20263007,main_00007,road:3938-3939,road,0.36096040944635077,False
construction,20263007,main_00007,road:3972-4141,road,0.0,True
construction,20263007,main_00007,road:4080-6262,road,0.3032039943295338,False
construction,20263008,main_00008,power:p1rhs0_1247,power,0.528303153618454,False
construction,20263008,main_00008,power:p1uhs12_1247,power,0.0,True
construction,20263008,main_00008,power:p2uhs1_1247,power,0.0,True
construction,20263008,main_00008,power:p3uhs14_1247,power,0.0,True
construction,20263008,main_00008,power:p3uhs25_1247,power,0.3097857684293289,False
construction,20263008,main_00008,power:p5uhs10_1247,power,0.0,True
construction,20263008,main_00008,power:p5uhs27_1247,power,0.5474551582109408,False
construction,20263008,main_00008,power:p5uhs2_1247,power,0.7479453688317883,False
construction,20263008,main_00008,road:1231-5079,road,0.0,True
construction,20263008,main_00008,road:2370-2377,road,0.31968562999797145,False
construction,20263008,main_00008,road:3524-3752,road,0.48269256254453796,False
construction,20263008,main_00008,road:5931-5932,road,0.20247509641793127,False
construction,20263008,main_00008,road:6047-6049,road,0.26583143617271077,False
construction,20263009,main_00009,power:p1uhs23_1247,power,0.0,True
construction,20263009,main_00009,power:p1uhs2_1247,power,0.4417249863923263,False
construction,20263009,main_00009,power:p1uhs6_1247,power,0.0,True
construction,20263009,main_00009,power:p2uhs5_1247,power,0.0,True
construction,20263009,main_00009,power:p3uhs22_1247,power,0.0,True
construction,20263009,main_00009,power:p3uhs6_1247,power,0.0,True
construction,20263009,main_00009,power:p3uhs7_1247,power,0.2507357188472672,False
construction,20263009,main_00009,power:p4uhs10_1247,power,0.4107586713309026,False
construction,20263009,main_00009,power:p4uhs11_1247,power,0.0,True
construction,20263009,main_00009,power:p4uhs19_1247,power,0.44727268066736176,False
construction,20263009,main_00009,power:p5uhs0_1247,power,0.7446106121768594,False
construction,20263009,main_00009,power:p5uhs20_1247,power,0.0,True
construction,20263009,main_00009,power:p5uhs28_1247,power,0.3970278935084931,False
construction,20263009,main_00009,road:2533-2564,road,0.0,True
construction,20263009,main_00009,road:2923-2945,road,0.3702318740078965,False
construction,20263009,main_00009,road:4605-5510,road,0.29321393610711377,False
construction,20263009,main_00009,road:5150-5217,road,0.4734329071419252,False
construction,20263009,main_00009,road:5612-5613,road,0.0,True
construction,20263009,main_00009,road:5630-5675,road,0.0,True
construction,20263009,main_00009,road:6016-6513,road,0.28068982996766545,False
construction,20263010,main_00010,power:p1uhs15_1247,power,0.6265559785465771,False
construction,20263010,main_00010,power:p1uhs8_1247,power,0.7337655768482925,False
construction,20263010,main_00010,power:p2uhs13_1247,power,0.3404419865154207,False
construction,20263010,main_00010,power:p3uhs28_1247,power,0.0,True
construction,20263010,main_00010,power:p4uhs13_1247,power,0.6572665564769602,False
construction,20263010,main_00010,power:p5uhs13_1247,power,0.0,True
construction,20263010,main_00010,power:p5uhs16_1247,power,0.6667230984708656,False
construction,20263010,main_00010,power:p5uhs28_1247,power,0.6392795791398298,False
construction,20263010,main_00010,road:2941-2942,road,0.31690314240476425,False
construction,20263010,main_00010,road:3255-3272,road,0.23047528770640902,False
construction,20263010,main_00010,road:5302-6173,road,0.4062894577066696,False
construction,20263011,main_00011,power:p1uhs24_1247,power,0.0,True
construction,20263011,main_00011,power:p2uhs3_1247,power,0.0,True
construction,20263011,main_00011,power:p3uhs22_1247,power,0.0,True
construction,20263011,main_00011,power:p3uhs4_1247,power,0.24432789725865042,False
construction,20263011,main_00011,power:p3uhs5_1247,power,0.0,True
construction,20263011,main_00011,power:p3uhs7_1247,power,0.6198587950513739,False
construction,20263011,main_00011,power:p4uhs11_1247,power,0.40348400093960196,False
construction,20263011,main_00011,power:p5uhs12_1247,power,0.7233331669659702,False
construction,20263011,main_00011,power:p5uhs15_1247,power,0.0,True
construction,20263011,main_00011,power:p5uhs23_1247,power,0.7384285171284402,False
construction,20263011,main_00011,road:1190-7449,road,0.0,True
construction,20263011,main_00011,road:1825-1826,road,0.1652938756524025,False
construction,20263011,main_00011,road:2882-6386,road,0.0,True
construction,20263011,main_00011,road:4664-7240,road,0.1640107373481976,False
construction,20263011,main_00011,road:5045-6168,road,0.22671385863972948,False
construction,20263011,main_00011,road:5390-6693,road,0.4840235030084039,False
construction,20263012,main_00012,power:p1rhs7_1247,power,0.0,True
construction,20263012,main_00012,power:p3uhs13_1247,power,0.6624947449303875,False
construction,20263012,main_00012,power:p3uhs18_1247,power,0.2407964070866906,False
construction,20263012,main_00012,power:p3uhs25_1247,power,0.49724547447996686,False
construction,20263012,main_00012,power:p3uhs5_1247,power,0.6318618917671764,False
construction,20263012,main_00012,power:p3uhs9_1247,power,0.0,True
construction,20263012,main_00012,power:p4uhs15_1247,power,0.0,True
construction,20263012,main_00012,power:p4uhs16_1247,power,0.0,True
construction,20263012,main_00012,power:p5uhs11_1247,power,0.7906139747598682,False
construction,20263012,main_00012,power:p5uhs19_1247,power,0.26919413378125084,False
construction,20263012,main_00012,power:p5uhs1_1247,power,0.0,True
construction,20263012,main_00012,power:p5uhs28_1247,power,0.22201640170028114,False
construction,20263012,main_00012,road:1183-5411,road,0.2729470342522393,False
construction,20263012,main_00012,road:1247-1248,road,0.28581139168998404,False
construction,20263012,main_00012,road:2220-7351,road,0.3675367279590571,False
construction,20263012,main_00012,road:2834-6979,road,0.4234771830850639,False
construction,20263012,main_00012,road:2904-2907,road,0.2029739595797999,False
construction,20263012,main_00012,road:3346-6145,road,0.0,True
construction,20263012,main_00012,road:5018-5024,road,0.18011958114704774,False
construction,20263012,main_00012,road:5035-5123,road,0.23544422006128496,False
construction,20263012,main_00012,road:7169-7170,road,0.3271017760887516,False
construction,20263013,main_00013,power:p1uhs0_1247,power,0.0,True
construction,20263013,main_00013,power:p1uhs20_1247,power,0.5594401802091962,False
construction,20263013,main_00013,power:p2uhs13_1247,power,0.0,True
construction,20263013,main_00013,power:p2uhs3_1247,power,0.0,True
construction,20263013,main_00013,power:p3uhs12_1247,power,0.0,True
construction,20263013,main_00013,power:p3uhs18_1247,power,0.6046698223682572,False
construction,20263013,main_00013,power:p3uhs19_1247,power,0.0,True
construction,20263013,main_00013,power:p4uhs0_1247,power,0.6437681642570774,False
construction,20263013,main_00013,power:p4uhs5_1247,power,0.35550598190174837,False
construction,20263013,main_00013,power:p5uhs18_1247,power,0.29305366308066105,False
construction,20263013,main_00013,road:1225-1227,road,0.20124481256938198,False
construction,20263013,main_00013,road:1710-1712,road,0.22617328022972893,False
construction,20263013,main_00013,road:1831-7460,road,0.40441971495542495,False
construction,20263013,main_00013,road:2388-7305,road,0.16948307584187416,False
construction,20263013,main_00013,road:2631-7440,road,0.300517443078541,False
construction,20263013,main_00013,road:2646-2647,road,0.2718159920681993,False
construction,20263013,main_00013,road:3858-3859,road,0.1082097301174727,False
construction,20263013,main_00013,road:4108-4109,road,0.34314328905885105,False
construction,20263013,main_00013,road:4162-4195,road,0.12452535617405236,False
construction,20263013,main_00013,road:5277-5281,road,0.15037478975347718,False
construction,20263013,main_00013,road:6069-6076,road,0.0,True
construction,20263014,main_00014,power:p1uhs0_1247,power,0.0,True
construction,20263014,main_00014,power:p1uhs23_1247,power,0.7282320286337114,False
construction,20263014,main_00014,power:p1uhs4_1247,power,0.3014530256076006,False
construction,20263014,main_00014,power:p2uhs13_1247,power,0.0,True
construction,20263014,main_00014,power:p2uhs1_1247,power,0.20165945227845683,False
construction,20263014,main_00014,power:p3uhs17_1247,power,0.590659862095847,False
construction,20263014,main_00014,power:p3uhs9_1247,power,0.0,True
construction,20263014,main_00014,power:p4uhs10_1247,power,0.0,True
construction,20263014,main_00014,power:p4uhs13_1247,power,0.0,True
construction,20263014,main_00014,power:p5uhs0_1247,power,0.0,True
construction,20263014,main_00014,power:p5uhs13_1247,power,0.0,True
construction,20263014,main_00014,power:p5uhs26_1247,power,0.6696820765994735,False
construction,20263014,main_00014,power:p5uhs6_1247,power,0.0,True
construction,20263014,main_00014,road:2455-2458,road,0.46904761086155766,False
construction,20263014,main_00014,road:2575-6177,road,0.3736118479598891,False
construction,20263014,main_00014,road:3565-3566,road,0.22344530668379625,False
construction,20263014,main_00014,road:3650-3902,road,0.4753571132738774,False
construction,20263014,main_00014,road:3937-4077,road,0.23826721891951685,False
construction,20263014,main_00014,road:4366-4367,road,0.3780206311161115,False
construction,20263014,main_00014,road:4889-5463,road,0.2772313242511173,False
construction,20263014,main_00014,road:6464-6468,road,0.17083181911153367,False
construction,20263015,main_00015,power:p1uhs15_1247,power,0.32173651719398527,False
construction,20263015,main_00015,power:p2uhs1_1247,power,0.0,True
construction,20263015,main_00015,power:p2uhs8_1247,power,0.6575952009821622,False
construction,20263015,main_00015,power:p3uhs23_1247,power,0.5496156119643714,False
construction,20263015,main_00015,power:p3uhs4_1247,power,0.3433084793422543,False
construction,20263015,main_00015,power:p3uhs7_1247,power,0.0,True
construction,20263015,main_00015,power:p4uhs13_1247,power,0.46900611868655323,False
construction,20263015,main_00015,power:p4uhs16_1247,power,0.4177346606701001,False
construction,20263015,main_00015,power:p4uhs2_1247,power,0.5767994454075791,False
construction,20263015,main_00015,power:p4uhs4_1247,power,0.0,True
construction,20263015,main_00015,power:p4uhs5_1247,power,0.7568190030724555,False
construction,20263015,main_00015,power:p4uhs8_1247,power,0.3854925512226542,False
construction,20263015,main_00015,power:p5uhs18_1247,power,0.0,True
construction,20263015,main_00015,power:p5uhs8_1247,power,0.5612504613996823,False
construction,20263015,main_00015,road:1980-2003,road,0.4729356546170378,False
construction,20263015,main_00015,road:3433-3438,road,0.2745798012428844,False
construction,20263015,main_00015,road:4434-4436,road,0.34953817314000624,False
construction,20263015,main_00015,road:5988-5989,road,0.0,True
construction,20263015,main_00015,road:6532-6538,road,0.11783035767458516,False
construction,20263016,main_00016,power:p1uhs15_1247,power,0.0,True
construction,20263016,main_00016,power:p1uhs21_1247,power,0.0,True
construction,20263016,main_00016,power:p2uhs11_1247,power,0.779072481630682,False
construction,20263016,main_00016,power:p2uhs8_1247,power,0.0,True
construction,20263016,main_00016,power:p3uhs20_1247,power,0.0,True
construction,20263016,main_00016,power:p3uhs22_1247,power,0.6272482865547353,False
construction,20263016,main_00016,power:p4uhs20_1247,power,0.0,True
construction,20263016,main_00016,power:p4uhs4_1247,power,0.0,True
construction,20263016,main_00016,power:p5uhs25_1247,power,0.0,True
construction,20263016,main_00016,power:p5uhs6_1247,power,0.7437659996222818,False
construction,20263016,main_00016,power:p5uhs9_1247,power,0.0,True
construction,20263016,main_00016,road:1203-7136,road,0.332819782458204,False
construction,20263016,main_00016,road:1306-1337,road,0.11100244298157325,False
construction,20263016,main_00016,road:1611-1675,road,0.31619554766452185,False
construction,20263016,main_00016,road:2856-2858,road,0.37229612818875024,False
construction,20263016,main_00016,road:4377-4379,road,0.25232293611740264,False
construction,20263016,main_00016,road:4630-4777,road,0.0,True
construction,20263016,main_00016,road:5129-5134,road,0.22427983077795555,False
construction,20263016,main_00016,road:5153-5157,road,0.494358453055217,False
construction,20263016,main_00016,road:5156-5213,road,0.23703548943799846,False
construction,20263016,main_00016,road:5868-5873,road,0.4761691288473492,False
construction,20263016,main_00016,road:6467-6469,road,0.1834364044325676,False
construction,20263016,main_00016,road:6671-6989,road,0.11752364782950164,False
construction,20263017,main_00017,power:p1rhs4_1247,power,0.0,True
construction,20263017,main_00017,power:p1uhs16_1247,power,0.0,True
construction,20263017,main_00017,power:p1uhs3_1247,power,0.0,True
construction,20263017,main_00017,power:p1uhs6_1247,power,0.25327494683546387,False
construction,20263017,main_00017,power:p2uhs5_1247,power,0.0,True
construction,20263017,main_00017,power:p3uhs10_1247,power,0.39790828442510096,False
construction,20263017,main_00017,power:p3uhs20_1247,power,0.0,True
construction,20263017,main_00017,power:p3uhs3_1247,power,0.0,True
construction,20263017,main_00017,power:p3uhs9_1247,power,0.0,True
construction,20263017,main_00017,power:p4uhs11_1247,power,0.0,True
construction,20263017,main_00017,power:p4uhs12_1247,power,0.46606342592754213,False
construction,20263017,main_00017,power:p5uhs0_1247,power,0.353666510363518,False
construction,20263017,main_00017,power:p5uhs19_1247,power,0.4550709625520243,False
construction,20263017,main_00017,power:p5uhs21_1247,power,0.0,True
construction,20263017,main_00017,road:1263-1685,road,0.29865573718925154,False
construction,20263017,main_00017,road:3270-6621,road,0.21841336170080194,False
construction,20263017,main_00017,road:3325-3326,road,0.0,True
construction,20263017,main_00017,road:3503-3504,road,0.24896137914055871,False
construction,20263017,main_00017,road:4807-4828,road,0.3077596946267873,False
construction,20263017,main_00017,road:4844-5260,road,0.3029171032039284,False
construction,20263017,main_00017,road:5045-6168,road,0.1272906752757239,False
construction,20263017,main_00017,road:5332-5371,road,0.0,True
construction,20263017,main_00017,road:5821-7139,road,0.4794231519207379,False
construction,20263017,main_00017,road:6216-7375,road,0.0,True
construction,20263018,main_00018,power:p1rhs3_1247,power,0.0,True
construction,20263018,main_00018,power:p1rhs4_1247,power,0.0,True
construction,20263018,main_00018,power:p2uhs10_1247,power,0.31962816840056923,False
construction,20263018,main_00018,power:p2uhs13_1247,power,0.252690042781077,False
construction,20263018,main_00018,power:p3uhs13_1247,power,0.7697181987400168,False
construction,20263018,main_00018,power:p3uhs8_1247,power,0.0,True
construction,20263018,main_00018,power:p4uhs3_1247,power,0.0,True
construction,20263018,main_00018,power:p5uhs9_1247,power,0.0,True
construction,20263018,main_00018,road:1185-1186,road,0.4065418936481322,False
construction,20263018,main_00018,road:2321-7002,road,0.0,True
construction,20263018,main_00018,road:2932-2933,road,0.19964252398298166,False
construction,20263018,main_00018,road:3003-3105,road,0.0,True
construction,20263018,main_00018,road:3149-3152,road,0.2742114771362367,False
construction,20263018,main_00018,road:3632-3899,road,0.0,True
construction,20263018,main_00018,road:3729-3735,road,0.4458355370129071,False
construction,20263019,main_00019,power:p1rhs2_1247,power,0.0,True
construction,20263019,main_00019,power:p1uhs6_1247,power,0.0,True
construction,20263019,main_00019,power:p2uhs12_1247,power,0.6281782904515258,False
construction,20263019,main_00019,power:p2uhs5_1247,power,0.0,True
construction,20263019,main_00019,power:p3uhs21_1247,power,0.7056136885848621,False
construction,20263019,main_00019,power:p5uhs19_1247,power,0.0,True
construction,20263019,main_00019,power:p5uhs21_1247,power,0.0,True
construction,20263019,main_00019,power:p5uhs5_1247,power,0.0,True
construction,20263019,main_00019,road:1689-1690,road,0.3830633135834526,False
construction,20263019,main_00019,road:2758-3150,road,0.35375224015411055,False
construction,20263019,main_00019,road:3395-6420,road,0.293497043020601,False
construction,20263019,main_00019,road:4933-7291,road,0.47729742114828055,False
construction,20263019,main_00019,road:6228-6233,road,0.39652701814440283,False
construction,20263020,main_00020,power:p1rhs1_1247,power,0.6096212821857956,False
construction,20263020,main_00020,power:p1rhs3_1247,power,0.6015640221800134,False
construction,20263020,main_00020,power:p1uhs13_1247,power,0.0,True
construction,20263020,main_00020,power:p1uhs19_1247,power,0.332803559871928,False
construction,20263020,main_00020,power:p4uhs2_1247,power,0.0,True
construction,20263020,main_00020,power:p4uhs3_1247,power,0.49896895758369403,False
construction,20263020,main_00020,power:p5uhs0_1247,power,0.5592518287681814,False
construction,20263020,main_00020,power:p5uhs21_1247,power,0.0,True
construction,20263020,main_00020,power:p5uhs5_1247,power,0.5842078470162974,False
construction,20263020,main_00020,road:2405-6104,road,0.0,True
construction,20263020,main_00020,road:3007-3008,road,0.42054867541750474,False
construction,20263020,main_00020,road:3507-3508,road,0.0,True
construction,20263020,main_00020,road:3636-3812,road,0.4609575681697966,False
construction,20263020,main_00020,road:4641-4762,road,0.1343358190573648,False
construction,20263020,main_00020,road:4663-4696,road,0.0,True
construction,20263020,main_00020,road:5400-6857,road,0.2928575587423202,False
construction,20263020,main_00020,road:5471-6727,road,0.18454986690499475,False
construction,20263020,main_00020,road:5598-5601,road,0.3737360090829408,False
construction,20263020,main_00020,road:6587-6588,road,0.19338512207796843,False
construction,20263021,main_00021,power:p1uhs21_1247,power,0.0,True
construction,20263021,main_00021,power:p3uhs14_1247,power,0.0,True
construction,20263021,main_00021,power:p3uhs15_1247,power,0.0,True
construction,20263021,main_00021,power:p3uhs20_1247,power,0.28588254615966685,False
construction,20263021,main_00021,power:p3uhs23_1247,power,0.0,True
construction,20263021,main_00021,power:p3uhs27_1247,power,0.20015107814037092,False
construction,20263021,main_00021,power:p4uhs20_1247,power,0.0,True
construction,20263021,main_00021,power:p5uhs14_1247,power,0.3609828438447361,False
construction,20263021,main_00021,power:p5uhs1_1247,power,0.7157179908411713,False
construction,20263021,main_00021,power:p5uhs3_1247,power,0.32147732799511186,False
construction,20263021,main_00021,road:1157-1158,road,0.4815922980482896,False
construction,20263021,main_00021,road:1466-1467,road,0.27376468964160816,False
construction,20263021,main_00021,road:2165-2166,road,0.24464607528178972,False
construction,20263021,main_00021,road:2465-2549,road,0.24240317167006298,False
construction,20263021,main_00021,road:2782-3768,road,0.0,True
construction,20263021,main_00021,road:2919-2923,road,0.0,True
construction,20263021,main_00021,road:3174-3209,road,0.2513814173958462,False
construction,20263021,main_00021,road:3563-3564,road,0.43871919845281304,False
construction,20263021,main_00021,road:3951-4038,road,0.0,True
construction,20263021,main_00021,road:5228-7354,road,0.31709916793866266,False
construction,20263021,main_00021,road:6599-6960,road,0.4650489753594991,False
construction,20263022,main_00022,power:p1uhs22_1247,power,0.6430659350157353,False
construction,20263022,main_00022,power:p1uhs2_1247,power,0.285347745112612,False
construction,20263022,main_00022,power:p1uhs6_1247,power,0.5722053708645238,False
construction,20263022,main_00022,power:p3uhs8_1247,power,0.31482255361492484,False
construction,20263022,main_00022,power:p3uhs9_1247,power,0.5354059694141187,False
construction,20263022,main_00022,power:p4uhs3_1247,power,0.37385338846274563,False
construction,20263022,main_00022,power:p5uhs3_1247,power,0.0,True
construction,20263022,main_00022,power:p5uhs4_1247,power,0.0,True
construction,20263022,main_00022,road:1285-7392,road,0.21011867028580156,False
construction,20263022,main_00022,road:2276-7374,road,0.22560827273695483,False
construction,20263022,main_00022,road:2521-2551,road,0.0,True
construction,20263022,main_00022,road:3616-3639,road,0.0,True
construction,20263022,main_00022,road:4528-6536,road,0.2408005959129349,False
construction,20263022,main_00022,road:4801-6719,road,0.33293089859037406,False
construction,20263022,main_00022,road:6215-7378,road,0.3672776632333502,False
construction,20263022,main_00022,road:6339-7427,road,0.3708253018567711,False
construction,20263022,main_00022,road:6389-6391,road,0.2540670724258083,False
construction,20263023,main_00023,power:p1rhs7_1247,power,0.0,True
construction,20263023,main_00023,power:p2uhs0_1247,power,0.0,True
construction,20263023,main_00023,power:p2uhs11_1247,power,0.0,True
construction,20263023,main_00023,power:p2uhs12_1247,power,0.0,True
construction,20263023,main_00023,power:p3uhs6_1247,power,0.0,True
construction,20263023,main_00023,power:p4uhs0_1247,power,0.0,True
construction,20263023,main_00023,power:p4uhs2_1247,power,0.5907507875873481,False
construction,20263023,main_00023,power:p4uhs4_1247,power,0.760651988676325,False
construction,20263023,main_00023,power:p5uhs0_1247,power,0.0,True
construction,20263023,main_00023,power:p5uhs20_1247,power,0.0,True
construction,20263023,main_00023,power:p5uhs8_1247,power,0.6941417469673449,False
construction,20263023,main_00023,road:2455-2459,road,0.0,True
construction,20263023,main_00023,road:2613-2652,road,0.18010031260979376,False
construction,20263023,main_00023,road:2954-2978,road,0.34631398846586536,False
construction,20263023,main_00023,road:3106-3114,road,0.43382144495545116,False
construction,20263023,main_00023,road:4705-4706,road,0.4820591054531209,False
construction,20263023,main_00023,road:4827-7054,road,0.249699947918944,False
construction,20263023,main_00023,road:4947-5135,road,0.24432722640016902,False
construction,20263023,main_00023,road:5184-7237,road,0.3168890129125099,False
construction,20263023,main_00023,road:5245-5250,road,0.1577109133409571,False
construction,20263023,main_00023,road:5515-5527,road,0.1864537000800386,False
construction,20263024,main_00024,power:p1uhs10_1247,power,0.4802720238683525,False
construction,20263024,main_00024,power:p1uhs11_1247,power,0.0,True
construction,20263024,main_00024,power:p1uhs16_1247,power,0.5729175257683339,False
construction,20263024,main_00024,power:p2uhs6_1247,power,0.0,True
construction,20263024,main_00024,power:p2uhs7_1247,power,0.2928020221820459,False
construction,20263024,main_00024,power:p3uhs13_1247,power,0.6858035947777426,False
construction,20263024,main_00024,power:p3uhs14_1247,power,0.2660224932080411,False
construction,20263024,main_00024,power:p3uhs16_1247,power,0.7496658647364991,False
construction,20263024,main_00024,power:p3uhs18_1247,power,0.6523441603809599,False
construction,20263024,main_00024,power:p3uhs20_1247,power,0.0,True
construction,20263024,main_00024,power:p4uhs10_1247,power,0.0,True
construction,20263024,main_00024,power:p4uhs7_1247,power,0.0,True
construction,20263024,main_00024,power:p5uhs15_1247,power,0.5209674011163481,False
construction,20263024,main_00024,power:p5uhs5_1247,power,0.6799452964636243,False
construction,20263024,main_00024,road:1203-7136,road,0.0,True
construction,20263024,main_00024,road:2148-2161,road,0.16210734466637067,False
construction,20263024,main_00024,road:2206-2216,road,0.4615046200388745,False
construction,20263024,main_00024,road:2486-2490,road,0.330303789392983,False
construction,20263024,main_00024,road:2839-2902,road,0.26004952912438317,False
construction,20263024,main_00024,road:3468-3470,road,0.13508728094924494,False
construction,20263024,main_00024,road:4465-4468,road,0.0,True
construction,20263024,main_00024,road:4830-4831,road,0.0,True
construction,20263024,main_00024,road:5018-5024,road,0.12189068104828715,False
construction,20263024,main_00024,road:5438-5451,road,0.0,True
construction,20263024,main_00024,road:6473-6476,road,0.4909687252369209,False
construction,20263024,main_00024,road:7328-7457,road,0.1274004579623682,False
evaluation_ac,20264001,main_00001,power:p1uhs15_1247,power,0.5346994034582613,False
evaluation_ac,20264001,main_00001,power:p1uhs19_1247,power,0.3483526284212781,False
evaluation_ac,20264001,main_00001,power:p1uhs21_1247,power,0.38496958869323566,False
evaluation_ac,20264001,main_00001,power:p4uhs10_1247,power,0.6816440120848861,False
evaluation_ac,20264001,main_00001,power:p4uhs13_1247,power,0.0,True
evaluation_ac,20264001,main_00001,power:p4uhs3_1247,power,0.0,True
evaluation_ac,20264001,main_00001,power:p5uhs12_1247,power,0.2955765483431117,False
evaluation_ac,20264001,main_00001,power:p5uhs1_1247,power,0.0,True
evaluation_ac,20264001,main_00001,power:p5uhs4_1247,power,0.0,True
evaluation_ac,20264001,main_00001,power:p5uhs6_1247,power,0.0,True
evaluation_ac,20264001,main_00001,road:1660-1672,road,0.33093880529908637,False
evaluation_ac,20264001,main_00001,road:3257-3270,road,0.10379964107569273,False
evaluation_ac,20264001,main_00001,road:3267-3383,road,0.0,True
evaluation_ac,20264001,main_00001,road:4157-4313,road,0.3089925451908,False
evaluation_ac,20264001,main_00001,road:4368-4369,road,0.14238315578196914,False
evaluation_ac,20264001,main_00001,road:4478-4479,road,0.24560855518559666,False
evaluation_ac,20264001,main_00001,road:4614-7201,road,0.144958828689977,False
evaluation_ac,20264001,main_00001,road:5091-5095,road,0.27221425380354247,False
evaluation_ac,20264001,main_00001,road:5230-7354,road,0.0,True
evaluation_ac,20264001,main_00001,road:5909-7024,road,0.2832630037227608,False
evaluation_ac,20264002,main_00002,power:p1uhs11_1247,power,0.6671176036577828,False
evaluation_ac,20264002,main_00002,power:p1uhs24_1247,power,0.0,True
evaluation_ac,20264002,main_00002,power:p1uhs3_1247,power,0.40911542158679404,False
evaluation_ac,20264002,main_00002,power:p1uhs5_1247,power,0.5342671637232099,False
evaluation_ac,20264002,main_00002,power:p2uhs10_1247,power,0.27877244235616444,False
evaluation_ac,20264002,main_00002,power:p2uhs13_1247,power,0.5167403608117346,False
evaluation_ac,20264002,main_00002,power:p3uhs22_1247,power,0.0,True
evaluation_ac,20264002,main_00002,power:p5uhs15_1247,power,0.20910356015893952,False
evaluation_ac,20264002,main_00002,road:1994-1996,road,0.2901403379203943,False
evaluation_ac,20264002,main_00002,road:2694-2747,road,0.4070604423450497,False
evaluation_ac,20264002,main_00002,road:5811-6353,road,0.47490225357830695,False
evaluation_ac,20264003,main_00003,power:p1rhs6_1247,power,0.4861924240635053,False
evaluation_ac,20264003,main_00003,power:p1uhs16_1247,power,0.0,True
evaluation_ac,20264003,main_00003,power:p1uhs19_1247,power,0.5960244673530124,False
evaluation_ac,20264003,main_00003,power:p1uhs1_1247,power,0.4179389522800614,False
evaluation_ac,20264003,main_00003,power:p1uhs21_1247,power,0.0,True
evaluation_ac,20264003,main_00003,power:p2uhs3_1247,power,0.3124793957002119,False
evaluation_ac,20264003,main_00003,power:p2uhs5_1247,power,0.0,True
evaluation_ac,20264003,main_00003,power:p3uhs11_1247,power,0.34857866738092363,False
evaluation_ac,20264003,main_00003,power:p3uhs19_1247,power,0.0,True
evaluation_ac,20264003,main_00003,power:p3uhs24_1247,power,0.49730247904265223,False
evaluation_ac,20264003,main_00003,power:p5uhs20_1247,power,0.0,True
evaluation_ac,20264003,main_00003,power:p5uhs8_1247,power,0.47144338308501665,False
evaluation_ac,20264003,main_00003,power:p5uhs9_1247,power,0.23998429034663676,False
evaluation_ac,20264003,main_00003,road:1509-1510,road,0.2645235081103299,False
evaluation_ac,20264003,main_00003,road:1726-1799,road,0.49463771544138013,False
evaluation_ac,20264003,main_00003,road:2211-2219,road,0.4490351207967994,False
evaluation_ac,20264003,main_00003,road:2230-6544,road,0.3835296496587983,False
evaluation_ac,20264003,main_00003,road:3571-4307,road,0.34184803414657305,False
evaluation_ac,20264003,main_00003,road:4863-5221,road,0.3968090325356488,False
evaluation_ac,20264003,main_00003,road:5229-5251,road,0.25090185463196235,False
evaluation_ac,20264003,main_00003,road:6066-6068,road,0.0,True
evaluation_ac,20264003,main_00003,road:6838-6840,road,0.15574481260324158,False
evaluation_ac,20264004,main_00004,power:p1rhs0_1247,power,0.7269510737193867,False
evaluation_ac,20264004,main_00004,power:p1rhs2_1247,power,0.0,True
evaluation_ac,20264004,main_00004,power:p1uhs23_1247,power,0.5442325752476812,False
evaluation_ac,20264004,main_00004,power:p2uhs2_1247,power,0.27301707507495654,False
evaluation_ac,20264004,main_00004,power:p3uhs1_1247,power,0.0,True
evaluation_ac,20264004,main_00004,power:p4uhs15_1247,power,0.0,True
evaluation_ac,20264004,main_00004,power:p4uhs17_1247,power,0.23866874801407284,False
evaluation_ac,20264004,main_00004,power:p4uhs19_1247,power,0.3027262474514316,False
evaluation_ac,20264004,main_00004,power:p4uhs6_1247,power,0.0,True
evaluation_ac,20264004,main_00004,power:p5uhs19_1247,power,0.0,True
evaluation_ac,20264004,main_00004,power:p5uhs23_1247,power,0.32723744010189015,False
evaluation_ac,20264004,main_00004,road:1234-5384,road,0.4168261502418902,False
evaluation_ac,20264004,main_00004,road:1660-1672,road,0.3779730804281438,False
evaluation_ac,20264004,main_00004,road:2618-2619,road,0.4485878452375718,False
evaluation_ac,20264004,main_00004,road:3187-3193,road,0.37419905697091826,False
evaluation_ac,20264004,main_00004,road:3522-3731,road,0.0,True
evaluation_ac,20264004,main_00004,road:3881-3892,road,0.10035866036652474,False
evaluation_ac,20264004,main_00004,road:4091-4092,road,0.4533506747248892,False
evaluation_ac,20264004,main_00004,road:4698-5910,road,0.19901481393408926,False
evaluation_ac,20264004,main_00004,road:5520-5523,road,0.2789406047906272,False
evaluation_ac,20264004,main_00004,road:6856-6858,road,0.0,True
evaluation_ac,20264005,main_00005,power:p1rhs2_1247,power,0.0,True
evaluation_ac,20264005,main_00005,power:p1uhs0_1247,power,0.20534678171500506,False
evaluation_ac,20264005,main_00005,power:p1uhs11_1247,power,0.5178051865240271,False
evaluation_ac,20264005,main_00005,power:p1uhs20_1247,power,0.5703200766985692,False
evaluation_ac,20264005,main_00005,power:p1uhs7_1247,power,0.5827095761473149,False
evaluation_ac,20264005,main_00005,power:p2uhs5_1247,power,0.0,True
evaluation_ac,20264005,main_00005,power:p2uhs8_1247,power,0.0,True
evaluation_ac,20264005,main_00005,power:p2uhs9_1247,power,0.7696918883044954,False
evaluation_ac,20264005,main_00005,power:p3uhs14_1247,power,0.5250357426412311,False
evaluation_ac,20264005,main_00005,power:p3uhs15_1247,power,0.5751784527096532,False
evaluation_ac,20264005,main_00005,power:p3uhs2_1247,power,0.5570153571685136,False
evaluation_ac,20264005,main_00005,power:p4uhs10_1247,power,0.0,True
evaluation_ac,20264005,main_00005,power:p4uhs11_1247,power,0.0,True
evaluation_ac,20264005,main_00005,power:p5uhs10_1247,power,0.63651475323583,False
evaluation_ac,20264005,main_00005,power:p5uhs26_1247,power,0.0,True
evaluation_ac,20264005,main_00005,road:1775-3138,road,0.31422092581911865,False
evaluation_ac,20264005,main_00005,road:2437-2456,road,0.30813968620798415,False
evaluation_ac,20264005,main_00005,road:3768-3794,road,0.0,True
evaluation_ac,20264005,main_00005,road:4272-6131,road,0.1172939209702688,False
evaluation_ac,20264005,main_00005,road:4539-6645,road,0.2207838684227461,False
evaluation_ac,20264005,main_00005,road:5643-5717,road,0.13042251833164342,False
evaluation_ac,20264005,main_00005,road:5677-5692,road,0.0,True
evaluation_ac,20264005,main_00005,road:6276-6279,road,0.2591091832387047,False
evaluation_ac,20264006,main_00006,power:p1uhs23_1247,power,0.6997855812143353,False
evaluation_ac,20264006,main_00006,power:p1uhs9_1247,power,0.0,True
evaluation_ac,20264006,main_00006,power:p3uhs21_1247,power,0.2239234918991941,False
evaluation_ac,20264006,main_00006,power:p3uhs27_1247,power,0.0,True
evaluation_ac,20264006,main_00006,power:p4uhs18_1247,power,0.38366822832444825,False
evaluation_ac,20264006,main_00006,power:p4uhs2_1247,power,0.0,True
evaluation_ac,20264006,main_00006,power:p4uhs4_1247,power,0.31280378367853706,False
evaluation_ac,20264006,main_00006,power:p4uhs7_1247,power,0.0,True
evaluation_ac,20264006,main_00006,power:p5uhs4_1247,power,0.0,True
evaluation_ac,20264006,main_00006,road:1352-1358,road,0.0,True
evaluation_ac,20264006,main_00006,road:2916-3424,road,0.360380869876219,False
evaluation_ac,20264006,main_00006,road:3854-3857,road,0.3398389848361558,False
evaluation_ac,20264006,main_00006,road:5228-7354,road,0.4596500474760521,False
evaluation_ac,20264007,main_00007,power:p1uhs12_1247,power,0.6638172713399215,False
evaluation_ac,20264007,main_00007,power:p1uhs16_1247,power,0.0,True
evaluation_ac,20264007,main_00007,power:p1uhs17_1247,power,0.0,True
evaluation_ac,20264007,main_00007,power:p2uhs0_1247,power,0.0,True
evaluation_ac,20264007,main_00007,power:p2uhs11_1247,power,0.0,True
evaluation_ac,20264007,main_00007,power:p3uhs11_1247,power,0.0,True
evaluation_ac,20264007,main_00007,power:p3uhs1_1247,power,0.41206178065906646,False
evaluation_ac,20264007,main_00007,power:p4uhs6_1247,power,0.0,True
evaluation_ac,20264007,main_00007,power:p4uhs9_1247,power,0.0,True
evaluation_ac,20264007,main_00007,power:p5uhs11_1247,power,0.22959423668957532,False
evaluation_ac,20264007,main_00007,power:p5uhs19_1247,power,0.0,True
evaluation_ac,20264007,main_00007,road:1370-1378,road,0.4977777999185933,False
evaluation_ac,20264007,main_00007,road:1732-1733,road,0.35703345240164075,False
evaluation_ac,20264007,main_00007,road:4606-4607,road,0.0,True
evaluation_ac,20264007,main_00007,road:4869-5946,road,0.0,True
evaluation_ac,20264007,main_00007,road:5194-5210,road,0.22993803890302433,False
evaluation_ac,20264007,main_00007,road:5571-5572,road,0.11566048320508204,False
evaluation_ac,20264007,main_00007,road:5979-5980,road,0.3269256806226233,False
evaluation_ac,20264007,main_00007,road:6399-6751,road,0.0,True
evaluation_ac,20264007,main_00007,road:6616-7280,road,0.2586669519403373,False
evaluation_ac,20264007,main_00007,road:6908-6910,road,0.0,True
evaluation_ac,20264008,main_00008,power:p1rhs3_1247,power,0.538076528986029,False
evaluation_ac,20264008,main_00008,power:p1uhs13_1247,power,0.3428456999794705,False
evaluation_ac,20264008,main_00008,power:p2uhs4_1247,power,0.3523131868641003,False
evaluation_ac,20264008,main_00008,power:p3uhs26_1247,power,0.0,True
evaluation_ac,20264008,main_00008,power:p4uhs10_1247,power,0.6151706091469139,False
evaluation_ac,20264008,main_00008,power:p4uhs1_1247,power,0.33283446944551376,False
evaluation_ac,20264008,main_00008,power:p4uhs4_1247,power,0.0,True
evaluation_ac,20264008,main_00008,power:p4uhs8_1247,power,0.0,True
evaluation_ac,20264008,main_00008,power:p5uhs4_1247,power,0.0,True
evaluation_ac,20264008,main_00008,road:1256-7364,road,0.4688170249831358,False
evaluation_ac,20264008,main_00008,road:3030-3209,road,0.45242252284763174,False
evaluation_ac,20264008,main_00008,road:3062-3207,road,0.4067306884753097,False
evaluation_ac,20264008,main_00008,road:3356-3358,road,0.12789797255181423,False
evaluation_ac,20264008,main_00008,road:3515-4273,road,0.2073461904021432,False
evaluation_ac,20264008,main_00008,road:4466-4472,road,0.0,True
evaluation_ac,20264008,main_00008,road:4850-5137,road,0.4607793400351904,False
evaluation_ac,20264008,main_00008,road:5235-5237,road,0.1535327476447077,False
evaluation_ac,20264008,main_00008,road:5975-6883,road,0.1950195666517227,False
evaluation_ac,20264008,main_00008,road:6001-6002,road,0.3085783259813728,False
evaluation_ac,20264008,main_00008,road:6037-6038,road,0.49998697913735346,False
evaluation_ac,20264009,main_00009,power:p1uhs11_1247,power,0.4498483496244047,False
evaluation_ac,20264009,main_00009,power:p1uhs13_1247,power,0.0,True
evaluation_ac,20264009,main_00009,power:p1uhs2_1247,power,0.48983299068246605,False
evaluation_ac,20264009,main_00009,power:p2uhs3_1247,power,0.0,True
evaluation_ac,20264009,main_00009,power:p3uhs10_1247,power,0.0,True
evaluation_ac,20264009,main_00009,power:p3uhs18_1247,power,0.22235718786102746,False
evaluation_ac,20264009,main_00009,power:p3uhs19_1247,power,0.3386393648339746,False
evaluation_ac,20264009,main_00009,power:p3uhs21_1247,power,0.0,True
evaluation_ac,20264009,main_00009,power:p3uhs6_1247,power,0.7421474903616965,False
evaluation_ac,20264009,main_00009,power:p4uhs7_1247,power,0.0,True
evaluation_ac,20264009,main_00009,power:p5uhs20_1247,power,0.0,True
evaluation_ac,20264009,main_00009,power:p5uhs3_1247,power,0.0,True
evaluation_ac,20264009,main_00009,road:1517-1591,road,0.42605833823271766,False
evaluation_ac,20264009,main_00009,road:1664-1667,road,0.15920031862628958,False
evaluation_ac,20264009,main_00009,road:2876-3474,road,0.3495327801819883,False
evaluation_ac,20264009,main_00009,road:3801-3803,road,0.31416708184674724,False
evaluation_ac,20264009,main_00009,road:4870-6983,road,0.0,True
evaluation_ac,20264009,main_00009,road:4875-7206,road,0.0,True
evaluation_ac,20264009,main_00009,road:5806-5810,road,0.35101568522253945,False
evaluation_ac,20264009,main_00009,road:5889-5895,road,0.2326737599012726,False
evaluation_ac,20264009,main_00009,road:6893-6896,road,0.3886257751573978,False
evaluation_ac,20264010,main_00010,power:p1rhs5_1247,power,0.2005045309467726,False
evaluation_ac,20264010,main_00010,power:p1rhs6_1247,power,0.0,True
evaluation_ac,20264010,main_00010,power:p1uhs14_1247,power,0.0,True
evaluation_ac,20264010,main_00010,power:p1uhs20_1247,power,0.0,True
evaluation_ac,20264010,main_00010,power:p3uhs10_1247,power,0.7616096254211946,False
evaluation_ac,20264010,main_00010,power:p3uhs11_1247,power,0.0,True
evaluation_ac,20264010,main_00010,power:p3uhs28_1247,power,0.0,True
evaluation_ac,20264010,main_00010,power:p3uhs5_1247,power,0.0,True
evaluation_ac,20264010,main_00010,power:p3uhs7_1247,power,0.4926349788783846,False
evaluation_ac,20264010,main_00010,power:p4uhs11_1247,power,0.5851974643443288,False
evaluation_ac,20264010,main_00010,power:p4uhs9_1247,power,0.7785824841467437,False
evaluation_ac,20264010,main_00010,power:p5uhs11_1247,power,0.0,True
evaluation_ac,20264010,main_00010,road:1163-4953,road,0.23147215277987254,False
evaluation_ac,20264010,main_00010,road:1178-4477,road,0.36092710973374265,False
evaluation_ac,20264010,main_00010,road:1703-6763,road,0.0,True
evaluation_ac,20264010,main_00010,road:3549-3552,road,0.0,True
evaluation_ac,20264010,main_00010,road:3629-3664,road,0.41924006394190805,False
evaluation_ac,20264010,main_00010,road:3669-3677,road,0.19869994318319995,False
evaluation_ac,20264010,main_00010,road:3973-3974,road,0.134650750796393,False
evaluation_ac,20264010,main_00010,road:4082-4132,road,0.2054383169937246,False
evaluation_ac,20264010,main_00010,road:4250-4251,road,0.2404070370888418,False
evaluation_ac,20264010,main_00010,road:4887-7258,road,0.2877722982492805,False
evaluation_ac,20264010,main_00010,road:5091-5095,road,0.21164913074555414,False
evaluation_ac,20264010,main_00010,road:5761-5764,road,0.14731117809869576,False
evaluation_ac,20264011,main_00011,power:p1rhs7_1247,power,0.5801519974126137,False
evaluation_ac,20264011,main_00011,power:p1uhs10_1247,power,0.3334082450237752,False
evaluation_ac,20264011,main_00011,power:p1uhs15_1247,power,0.7494286499997722,False
evaluation_ac,20264011,main_00011,power:p1uhs17_1247,power,0.685336502273834,False
evaluation_ac,20264011,main_00011,power:p1uhs5_1247,power,0.5996475911317399,False
evaluation_ac,20264011,main_00011,power:p3uhs15_1247,power,0.47771255904399695,False
evaluation_ac,20264011,main_00011,power:p3uhs26_1247,power,0.0,True
evaluation_ac,20264011,main_00011,power:p4uhs5_1247,power,0.0,True
evaluation_ac,20264011,main_00011,power:p5uhs11_1247,power,0.2937959159517577,False
evaluation_ac,20264011,main_00011,power:p5uhs26_1247,power,0.3803730226671489,False
evaluation_ac,20264011,main_00011,power:p5uhs29_1247,power,0.3917326394885099,False
evaluation_ac,20264011,main_00011,power:p5uhs3_1247,power,0.3202289160578441,False
evaluation_ac,20264011,main_00011,power:p5uhs9_1247,power,0.7157375753675936,False
evaluation_ac,20264011,main_00011,road:1801-2543,road,0.113978325003947,False
evaluation_ac,20264011,main_00011,road:2031-2032,road,0.16644673370879637,False
evaluation_ac,20264011,main_00011,road:2141-2162,road,0.11868227565613321,False
evaluation_ac,20264011,main_00011,road:2839-2908,road,0.3372840492236038,False
evaluation_ac,20264011,main_00011,road:3064-6132,road,0.4600625148593851,False
evaluation_ac,20264011,main_00011,road:3478-3481,road,0.20935287656784074,False
evaluation_ac,20264011,main_00011,road:3616-3725,road,0.0,True
evaluation_ac,20264011,main_00011,road:4874-7206,road,0.4622770152955482,False
evaluation_ac,20264011,main_00011,road:4912-6100,road,0.0,True
evaluation_ac,20264011,main_00011,road:5709-5710,road,0.0,True
evaluation_ac,20264012,main_00012,power:p1rhs2_1247,power,0.0,True
evaluation_ac,20264012,main_00012,power:p1uhs20_1247,power,0.7840595086629099,False
evaluation_ac,20264012,main_00012,power:p1uhs21_1247,power,0.0,True
evaluation_ac,20264012,main_00012,power:p1uhs24_1247,power,0.0,True
evaluation_ac,20264012,main_00012,power:p1uhs5_1247,power,0.0,True
evaluation_ac,20264012,main_00012,power:p1uhs9_1247,power,0.0,True
evaluation_ac,20264012,main_00012,power:p2uhs7_1247,power,0.47459557036097905,False
evaluation_ac,20264012,main_00012,power:p3uhs10_1247,power,0.0,True
evaluation_ac,20264012,main_00012,power:p4uhs0_1247,power,0.20995681425147833,False
evaluation_ac,20264012,main_00012,power:p4uhs6_1247,power,0.72919069203751,False
evaluation_ac,20264012,main_00012,power:p4uhs7_1247,power,0.0,True
evaluation_ac,20264012,main_00012,power:p5uhs15_1247,power,0.0,True
evaluation_ac,20264012,main_00012,power:p5uhs18_1247,power,0.39527433922563365,False
evaluation_ac,20264012,main_00012,power:p5uhs1_1247,power,0.0,True
evaluation_ac,20264012,main_00012,power:p5uhs26_1247,power,0.5156427547487774,False
evaluation_ac,20264012,main_00012,road:1345-1346,road,0.396894203568428,False
evaluation_ac,20264012,main_00012,road:2095-2189,road,0.15269566563525927,False
evaluation_ac,20264012,main_00012,road:3427-3433,road,0.31598717490704287,False
evaluation_ac,20264012,main_00012,road:3718-3722,road,0.28437446263837096,False
evaluation_ac,20264012,main_00012,road:4588-5468,road,0.1581148347626955,False
evaluation_ac,20264012,main_00012,road:5250-5252,road,0.3236892615457869,False
evaluation_ac,20264012,main_00012,road:5378-6695,road,0.31830562709068444,False
evaluation_ac,20264012,main_00012,road:5714-5716,road,0.47029878272552694,False
evaluation_ac,20264012,main_00012,road:6036-6039,road,0.0,True
evaluation_ac,20264012,main_00012,road:6081-6084,road,0.4306120654195401,False
evaluation_ac,20264012,main_00012,road:6291-6292,road,0.16770955498380624,False
evaluation_ac,20264012,main_00012,road:6459-6460,road,0.43646246226021734,False
evaluation_ac,20264012,main_00012,road:6844-6847,road,0.31532060484235047,False
evaluation_ac,20264013,main_00013,power:p1rhs3_1247,power,0.0,True
evaluation_ac,20264013,main_00013,power:p1uhs10_1247,power,0.638107999081269,False
evaluation_ac,20264013,main_00013,power:p1uhs5_1247,power,0.43249521695072324,False
evaluation_ac,20264013,main_00013,power:p2uhs4_1247,power,0.0,True
evaluation_ac,20264013,main_00013,power:p2uhs5_1247,power,0.2697177799263894,False
evaluation_ac,20264013,main_00013,power:p3uhs12_1247,power,0.0,True
evaluation_ac,20264013,main_00013,power:p3uhs15_1247,power,0.0,True
evaluation_ac,20264013,main_00013,power:p4uhs14_1247,power,0.4155899154225019,False
evaluation_ac,20264013,main_00013,power:p4uhs16_1247,power,0.30151697111147135,False
evaluation_ac,20264013,main_00013,power:p4uhs18_1247,power,0.0,True
evaluation_ac,20264013,main_00013,power:p5uhs29_1247,power,0.36909566171100106,False
evaluation_ac,20264013,main_00013,power:p5uhs30_1247,power,0.7517448118533296,False
evaluation_ac,20264013,main_00013,road:1819-1840,road,0.2068629902321626,False
evaluation_ac,20264013,main_00013,road:2231-2232,road,0.0,True
evaluation_ac,20264013,main_00013,road:5472-6727,road,0.36475019796933705,False
evaluation_ac,20264013,main_00013,road:6046-6050,road,0.41427809994148157,False
evaluation_ac,20264013,main_00013,road:7078-7081,road,0.1397519875345241,False
evaluation_ac,20264014,main_00014,power:p1uhs1_1247,power,0.0,True
evaluation_ac,20264014,main_00014,power:p1uhs23_1247,power,0.6857557479226248,False
evaluation_ac,20264014,main_00014,power:p1uhs6_1247,power,0.0,True
evaluation_ac,20264014,main_00014,power:p2uhs10_1247,power,0.0,True
evaluation_ac,20264014,main_00014,power:p3uhs12_1247,power,0.7768486988323142,False
evaluation_ac,20264014,main_00014,power:p3uhs19_1247,power,0.0,True
evaluation_ac,20264014,main_00014,power:p3uhs22_1247,power,0.0,True
evaluation_ac,20264014,main_00014,power:p3uhs23_1247,power,0.0,True
evaluation_ac,20264014,main_00014,power:p3uhs6_1247,power,0.5752383309354328,False
evaluation_ac,20264014,main_00014,power:p5uhs26_1247,power,0.633207789133625,False
evaluation_ac,20264014,main_00014,power:p5uhs4_1247,power,0.0,True
evaluation_ac,20264014,main_00014,road:3019-3021,road,0.3665514680553339,False
evaluation_ac,20264014,main_00014,road:4324-4325,road,0.0,True
evaluation_ac,20264014,main_00014,road:4880-5407,road,0.2943795742030061,False
evaluation_ac,20264014,main_00014,road:6077-6083,road,0.3214134192419089,False
evaluation_ac,20264015,main_00015,power:p1uhs19_1247,power,0.0,True
evaluation_ac,20264015,main_00015,power:p1uhs20_1247,power,0.35105654863761826,False
evaluation_ac,20264015,main_00015,power:p1uhs2_1247,power,0.41462015006133274,False
evaluation_ac,20264015,main_00015,power:p3uhs11_1247,power,0.0,True
evaluation_ac,20264015,main_00015,power:p3uhs28_1247,power,0.5000978604806579,False
evaluation_ac,20264015,main_00015,power:p3uhs3_1247,power,0.0,True
evaluation_ac,20264015,main_00015,power:p3uhs7_1247,power,0.0,True
evaluation_ac,20264015,main_00015,power:p4uhs12_1247,power,0.0,True
evaluation_ac,20264015,main_00015,power:p4uhs16_1247,power,0.5424195595383396,False
evaluation_ac,20264015,main_00015,power:p4uhs1_1247,power,0.7440964204720539,False
evaluation_ac,20264015,main_00015,power:p4uhs3_1247,power,0.0,True
evaluation_ac,20264015,main_00015,power:p5uhs12_1247,power,0.0,True
evaluation_ac,20264015,main_00015,power:p5uhs1_1247,power,0.3907194378177301,False
evaluation_ac,20264015,main_00015,power:p5uhs2_1247,power,0.222156458612503,False
evaluation_ac,20264015,main_00015,power:p5uhs4_1247,power,0.20043732580219323,False
evaluation_ac,20264015,main_00015,road:1294-1295,road,0.18815938180962744,False
evaluation_ac,20264015,main_00015,road:1413-6785,road,0.22474848898097433,False
evaluation_ac,20264015,main_00015,road:1946-1948,road,0.0,True
evaluation_ac,20264015,main_00015,road:2489-7422,road,0.0,True
evaluation_ac,20264015,main_00015,road:4094-4096,road,0.2484674262450708,False
evaluation_ac,20264015,main_00015,road:4751-4758,road,0.3390922994219321,False
evaluation_ac,20264015,main_00015,road:6065-6778,road,0.2552516470890406,False
evaluation_ac,20264015,main_00015,road:6305-7252,road,0.0,True
evaluation_ac,20264016,main_00016,power:p1uhs1_1247,power,0.0,True
evaluation_ac,20264016,main_00016,power:p1uhs5_1247,power,0.22837916100993105,False
evaluation_ac,20264016,main_00016,power:p3uhs25_1247,power,0.5783718464926434,False
evaluation_ac,20264016,main_00016,power:p3uhs28_1247,power,0.0,True
evaluation_ac,20264016,main_00016,power:p3uhs9_1247,power,0.5653065837172688,False
evaluation_ac,20264016,main_00016,power:p4uhs11_1247,power,0.43661297021617607,False
evaluation_ac,20264016,main_00016,power:p4uhs18_1247,power,0.2695354261972454,False
evaluation_ac,20264016,main_00016,power:p4uhs2_1247,power,0.0,True
evaluation_ac,20264016,main_00016,power:p4uhs5_1247,power,0.0,True
evaluation_ac,20264016,main_00016,power:p4uhs6_1247,power,0.0,True
evaluation_ac,20264016,main_00016,power:p5uhs13_1247,power,0.3840101817276742,False
evaluation_ac,20264016,main_00016,power:p5uhs19_1247,power,0.32191671514498643,False
evaluation_ac,20264016,main_00016,power:p5uhs20_1247,power,0.38909214563788785,False
evaluation_ac,20264016,main_00016,power:p5uhs2_1247,power,0.0,True
evaluation_ac,20264016,main_00016,power:p5uhs3_1247,power,0.0,True
evaluation_ac,20264016,main_00016,road:1516-1562,road,0.10492787307579543,False
evaluation_ac,20264016,main_00016,road:2613-2652,road,0.34848087933631533,False
evaluation_ac,20264016,main_00016,road:2711-2728,road,0.2586272951648294,False
evaluation_ac,20264016,main_00016,road:5670-7176,road,0.0,True
evaluation_ac,20264017,main_00017,power:p1uhs10_1247,power,0.0,True
evaluation_ac,20264017,main_00017,power:p1uhs16_1247,power,0.0,True
evaluation_ac,20264017,main_00017,power:p1uhs23_1247,power,0.6884593497088974,False
evaluation_ac,20264017,main_00017,power:p1uhs8_1247,power,0.0,True
evaluation_ac,20264017,main_00017,power:p2uhs6_1247,power,0.0,True
evaluation_ac,20264017,main_00017,power:p3uhs21_1247,power,0.6361520112530865,False
evaluation_ac,20264017,main_00017,power:p3uhs27_1247,power,0.748487105088218,False
evaluation_ac,20264017,main_00017,power:p3uhs6_1247,power,0.0,True
evaluation_ac,20264017,main_00017,power:p5uhs24_1247,power,0.7663409145244418,False
evaluation_ac,20264017,main_00017,power:p5uhs2_1247,power,0.4082753259072812,False
evaluation_ac,20264017,main_00017,power:p5uhs30_1247,power,0.0,True
evaluation_ac,20264017,main_00017,road:2894-2895,road,0.0,True
evaluation_ac,20264017,main_00017,road:4179-4331,road,0.3238339113767277,False
evaluation_ac,20264017,main_00017,road:4830-4831,road,0.0,True
evaluation_ac,20264017,main_00017,road:4859-4863,road,0.40637209548794284,False
evaluation_ac,20264017,main_00017,road:6846-6852,road,0.23405836012155445,False
evaluation_ac,20264018,main_00018,power:p1uhs21_1247,power,0.0,True
evaluation_ac,20264018,main_00018,power:p1uhs9_1247,power,0.0,True
evaluation_ac,20264018,main_00018,power:p2uhs12_1247,power,0.0,True
evaluation_ac,20264018,main_00018,power:p2uhs1_1247,power,0.4421874039338908,False
evaluation_ac,20264018,main_00018,power:p2uhs5_1247,power,0.0,True
evaluation_ac,20264018,main_00018,power:p3uhs17_1247,power,0.0,True
evaluation_ac,20264018,main_00018,power:p3uhs25_1247,power,0.740643895713885,False
evaluation_ac,20264018,main_00018,power:p4uhs7_1247,power,0.26296321020373714,False
evaluation_ac,20264018,main_00018,power:p5uhs15_1247,power,0.6022702443582822,False
evaluation_ac,20264018,main_00018,power:p5uhs18_1247,power,0.0,True
evaluation_ac,20264018,main_00018,power:p5uhs25_1247,power,0.0,True
evaluation_ac,20264018,main_00018,power:p5uhs29_1247,power,0.3914469448653284,False
evaluation_ac,20264018,main_00018,road:1955-2001,road,0.17733847232203992,False
evaluation_ac,20264018,main_00018,road:1999-6787,road,0.36337874857794994,False
evaluation_ac,20264018,main_00018,road:2150-2152,road,0.0,True
evaluation_ac,20264018,main_00018,road:4532-6392,road,0.4652214129900972,False
evaluation_ac,20264018,main_00018,road:5421-5424,road,0.47305192353968917,False
evaluation_ac,20264019,main_00019,power:p1rhs2_1247,power,0.0,True
evaluation_ac,20264019,main_00019,power:p1uhs24_1247,power,0.4269216891116584,False
evaluation_ac,20264019,main_00019,power:p1uhs3_1247,power,0.3080664464613382,False
evaluation_ac,20264019,main_00019,power:p2uhs13_1247,power,0.0,True
evaluation_ac,20264019,main_00019,power:p2uhs5_1247,power,0.0,True
evaluation_ac,20264019,main_00019,power:p3uhs1_1247,power,0.0,True
evaluation_ac,20264019,main_00019,power:p3uhs5_1247,power,0.43369079840997227,False
evaluation_ac,20264019,main_00019,power:p4uhs15_1247,power,0.40266507702768795,False
evaluation_ac,20264019,main_00019,power:p4uhs7_1247,power,0.0,True
evaluation_ac,20264019,main_00019,power:p5uhs16_1247,power,0.0,True
evaluation_ac,20264019,main_00019,road:1198-1199,road,0.4589819836410225,False
evaluation_ac,20264019,main_00019,road:1615-1623,road,0.18586615320331856,False
evaluation_ac,20264019,main_00019,road:1704-6763,road,0.2926950278219784,False
evaluation_ac,20264019,main_00019,road:1779-3140,road,0.106061261231023,False
evaluation_ac,20264019,main_00019,road:2465-2550,road,0.47081685696528,False
evaluation_ac,20264019,main_00019,road:3003-3004,road,0.10094695166944734,False
evaluation_ac,20264019,main_00019,road:3025-3171,road,0.0,True
evaluation_ac,20264019,main_00019,road:4628-4629,road,0.0,True
evaluation_ac,20264019,main_00019,road:5197-5227,road,0.3279835955797339,False
evaluation_ac,20264019,main_00019,road:6180-7441,road,0.0,True
evaluation_ac,20264019,main_00019,road:6293-6294,road,0.3569755916432229,False
evaluation_ac,20264019,main_00019,road:6731-7203,road,0.27616511632851193,False
evaluation_ac,20264020,main_00020,power:p1uhs15_1247,power,0.46930687042615854,False
evaluation_ac,20264020,main_00020,power:p1uhs8_1247,power,0.691705928067452,False
evaluation_ac,20264020,main_00020,power:p2uhs2_1247,power,0.0,True
evaluation_ac,20264020,main_00020,power:p2uhs4_1247,power,0.0,True
evaluation_ac,20264020,main_00020,power:p3uhs12_1247,power,0.4740361655549347,False
evaluation_ac,20264020,main_00020,power:p3uhs1_1247,power,0.0,True
evaluation_ac,20264020,main_00020,power:p3uhs26_1247,power,0.0,True
evaluation_ac,20264020,main_00020,power:p3uhs4_1247,power,0.7352740194330372,False
evaluation_ac,20264020,main_00020,power:p4uhs5_1247,power,0.0,True
evaluation_ac,20264020,main_00020,power:p5uhs29_1247,power,0.5526109924729833,False
evaluation_ac,20264020,main_00020,road:1876-1927,road,0.4486879584972636,False
evaluation_ac,20264020,main_00020,road:1978-1995,road,0.4866686486159759,False
evaluation_ac,20264020,main_00020,road:2644-2645,road,0.11194925814482337,False
evaluation_ac,20264020,main_00020,road:2799-2801,road,0.12236222655211759,False
evaluation_ac,20264020,main_00020,road:3560-3607,road,0.38724870775791564,False
evaluation_ac,20264020,main_00020,road:3806-3811,road,0.4510266020391337,False
evaluation_ac,20264020,main_00020,road:3937-4077,road,0.192452910450298,False
evaluation_ac,20264020,main_00020,road:4239-4240,road,0.28023410852874053,False
evaluation_ac,20264020,main_00020,road:4470-6361,road,0.11514879347338658,False
evaluation_ac,20264020,main_00020,road:5406-5953,road,0.12317264167414566,False
evaluation_ac,20264020,main_00020,road:5650-5717,road,0.49517533137022285,False
evaluation_ac,20264020,main_00020,road:5823-5824,road,0.419967976865649,False
evaluation_ac,20264020,main_00020,road:6476-6477,road,0.30686702213624883,False
evaluation_ac,20264021,main_00021,power:p1uhs13_1247,power,0.29017762624150406,False
evaluation_ac,20264021,main_00021,power:p1uhs17_1247,power,0.5483910631772755,False
evaluation_ac,20264021,main_00021,power:p2uhs13_1247,power,0.49671978772660474,False
evaluation_ac,20264021,main_00021,power:p3uhs10_1247,power,0.0,True
evaluation_ac,20264021,main_00021,power:p3uhs13_1247,power,0.6627714416780892,False
evaluation_ac,20264021,main_00021,power:p3uhs28_1247,power,0.0,True
evaluation_ac,20264021,main_00021,power:p4uhs16_1247,power,0.4392643782779245,False
evaluation_ac,20264021,main_00021,power:p4uhs3_1247,power,0.31240528152998037,False
evaluation_ac,20264021,main_00021,power:p4uhs5_1247,power,0.3849951057667468,False
evaluation_ac,20264021,main_00021,power:p5uhs0_1247,power,0.0,True
evaluation_ac,20264021,main_00021,power:p5uhs14_1247,power,0.7858618048868551,False
evaluation_ac,20264021,main_00021,power:p5uhs20_1247,power,0.760762382017351,False
evaluation_ac,20264021,main_00021,power:p5uhs26_1247,power,0.0,True
evaluation_ac,20264021,main_00021,road:1130-4151,road,0.4507436136038896,False
evaluation_ac,20264021,main_00021,road:2373-2378,road,0.34625349360240065,False
evaluation_ac,20264021,main_00021,road:2991-2996,road,0.40795887689263743,False
evaluation_ac,20264021,main_00021,road:5094-5107,road,0.21144464320741663,False
evaluation_ac,20264021,main_00021,road:5504-5506,road,0.0,True
evaluation_ac,20264021,main_00021,road:6487-6491,road,0.24625743765776453,False
evaluation_ac,20264022,main_00022,power:p1uhs1_1247,power,0.0,True
evaluation_ac,20264022,main_00022,power:p1uhs2_1247,power,0.5422488199441765,False
evaluation_ac,20264022,main_00022,power:p1uhs3_1247,power,0.5221148492874189,False
evaluation_ac,20264022,main_00022,power:p1uhs9_1247,power,0.0,True
evaluation_ac,20264022,main_00022,power:p2uhs13_1247,power,0.0,True
evaluation_ac,20264022,main_00022,power:p2uhs6_1247,power,0.6899265196309613,False
evaluation_ac,20264022,main_00022,power:p3uhs15_1247,power,0.7438370411749888,False
evaluation_ac,20264022,main_00022,power:p4uhs17_1247,power,0.4590504701793318,False
evaluation_ac,20264022,main_00022,power:p4uhs8_1247,power,0.770314555753576,False
evaluation_ac,20264022,main_00022,road:1433-1434,road,0.22606013047723628,False
evaluation_ac,20264022,main_00022,road:1608-1610,road,0.1185573281579464,False
evaluation_ac,20264022,main_00022,road:3493-3494,road,0.2953990306579397,False
evaluation_ac,20264022,main_00022,road:3656-3658,road,0.0,True
evaluation_ac,20264022,main_00022,road:4126-4135,road,0.39409355960575854,False
evaluation_ac,20264022,main_00022,road:4736-4739,road,0.49837764211364544,False
evaluation_ac,20264022,main_00022,road:4943-6102,road,0.32943337458882316,False
evaluation_ac,20264022,main_00022,road:5094-5107,road,0.24931071794010184,False
evaluation_ac,20264022,main_00022,road:5541-5575,road,0.19197715915953895,False
evaluation_ac,20264022,main_00022,road:5581-5583,road,0.4129114506391982,False
evaluation_ac,20264022,main_00022,road:6011-6013,road,0.2465143775041022,False
evaluation_ac,20264022,main_00022,road:6552-6557,road,0.0,True
evaluation_ac,20264023,main_00023,power:p1uhs9_1247,power,0.3509380691762338,False
evaluation_ac,20264023,main_00023,power:p2uhs9_1247,power,0.0,True
evaluation_ac,20264023,main_00023,power:p3uhs26_1247,power,0.0,True
evaluation_ac,20264023,main_00023,power:p3uhs27_1247,power,0.33699766511861456,False
evaluation_ac,20264023,main_00023,power:p3uhs8_1247,power,0.0,True
evaluation_ac,20264023,main_00023,power:p4uhs0_1247,power,0.3564599844688217,False
evaluation_ac,20264023,main_00023,power:p4uhs6_1247,power,0.6850370562830568,False
evaluation_ac,20264023,main_00023,power:p5uhs12_1247,power,0.4825549570786849,False
evaluation_ac,20264023,main_00023,power:p5uhs22_1247,power,0.0,True
evaluation_ac,20264023,main_00023,power:p5uhs30_1247,power,0.0,True
evaluation_ac,20264023,main_00023,power:p5uhs6_1247,power,0.0,True
evaluation_ac,20264023,main_00023,road:2824-6675,road,0.0,True
evaluation_ac,20264023,main_00023,road:2832-2833,road,0.20874530695921978,False
evaluation_ac,20264023,main_00023,road:3435-3446,road,0.12403846735928248,False
evaluation_ac,20264023,main_00023,road:3568-4403,road,0.0,True
evaluation_ac,20264023,main_00023,road:3889-7294,road,0.1672518914216241,False
evaluation_ac,20264023,main_00023,road:4303-4305,road,0.3011811710068243,False
evaluation_ac,20264023,main_00023,road:4651-4656,road,0.4672964719652347,False
evaluation_ac,20264023,main_00023,road:4789-7216,road,0.4135713148944562,False
evaluation_ac,20264024,main_00024,power:p1rhs5_1247,power,0.0,True
evaluation_ac,20264024,main_00024,power:p1uhs12_1247,power,0.5241685193740042,False
evaluation_ac,20264024,main_00024,power:p1uhs3_1247,power,0.0,True
evaluation_ac,20264024,main_00024,power:p2uhs13_1247,power,0.583548825011647,False
evaluation_ac,20264024,main_00024,power:p2uhs2_1247,power,0.0,True
evaluation_ac,20264024,main_00024,power:p2uhs3_1247,power,0.7156695219835787,False
evaluation_ac,20264024,main_00024,power:p3uhs11_1247,power,0.0,True
evaluation_ac,20264024,main_00024,power:p3uhs5_1247,power,0.0,True
evaluation_ac,20264024,main_00024,power:p3uhs7_1247,power,0.4476622098701974,False
evaluation_ac,20264024,main_00024,power:p5uhs19_1247,power,0.6763137708843553,False
evaluation_ac,20264024,main_00024,power:p5uhs21_1247,power,0.7836497718749074,False
evaluation_ac,20264024,main_00024,power:p5uhs26_1247,power,0.2866686656599906,False
evaluation_ac,20264024,main_00024,power:p5uhs2_1247,power,0.47309244122914024,False
evaluation_ac,20264024,main_00024,road:2613-2652,road,0.3033630271524552,False
evaluation_ac,20264024,main_00024,road:3005-3087,road,0.4710313389598628,False
evaluation_ac,20264024,main_00024,road:3436-3448,road,0.4596619831450941,False
evaluation_ac,20264024,main_00024,road:4247-4249,road,0.0,True
evaluation_ac,20264024,main_00024,road:5348-5356,road,0.25659970823210854,False
evaluation_ac,20264024,main_00024,road:5648-7176,road,0.4365135045626962,False
task_b,20260325,main_00001,power:p1rhs1_1247,power,0.44203863999543586,False
task_b,20260325,main_00001,power:p1rhs6_1247,power,0.0,True
task_b,20260325,main_00001,power:p1uhs17_1247,power,0.0,True
task_b,20260325,main_00001,power:p1uhs2_1247,power,0.4904174917983386,False
task_b,20260325,main_00001,power:p1uhs6_1247,power,0.0,True
task_b,20260325,main_00001,power:p2uhs10_1247,power,0.3252729301971188,False
task_b,20260325,main_00001,power:p2uhs8_1247,power,0.323880443506507,False
task_b,20260325,main_00001,power:p3uhs15_1247,power,0.5499336078914796,False
task_b,20260325,main_00001,power:p3uhs16_1247,power,0.0,True
task_b,20260325,main_00001,power:p4uhs13_1247,power,0.6863129982961316,False
task_b,20260325,main_00001,power:p5uhs13_1247,power,0.0,True
task_b,20260325,main_00001,power:p5uhs15_1247,power,0.5008147693722401,False
task_b,20260325,main_00001,power:p5uhs20_1247,power,0.0,True
task_b,20260325,main_00001,power:p5uhs22_1247,power,0.425768360660739,False
task_b,20260325,main_00001,road:1750-1784,road,0.3566084676888781,False
task_b,20260325,main_00001,road:2699-6971,road,0.23647782502168657,False
task_b,20260325,main_00001,road:3185-3227,road,0.11801645689797868,False
task_b,20260325,main_00001,road:4012-4029,road,0.35910405360931197,False
task_b,20260325,main_00001,road:4375-4391,road,0.2820302059800127,False
task_b,20260325,main_00001,road:5290-5293,road,0.17162183113963714,False
task_b,20260325,main_00001,road:5555-7151,road,0.21856070623843937,False
task_b,20260326,main_00002,power:p1rhs1_1247,power,0.6177558307061837,False
task_b,20260326,main_00002,power:p2uhs11_1247,power,0.21576105221869205,False
task_b,20260326,main_00002,power:p2uhs9_1247,power,0.4340622373199724,False
task_b,20260326,main_00002,power:p3uhs12_1247,power,0.0,True
task_b,20260326,main_00002,power:p3uhs14_1247,power,0.7159793982969369,False
task_b,20260326,main_00002,power:p3uhs20_1247,power,0.0,True
task_b,20260326,main_00002,power:p4uhs2_1247,power,0.0,True
task_b,20260326,main_00002,power:p5uhs12_1247,power,0.5989446504781241,False
task_b,20260326,main_00002,power:p5uhs20_1247,power,0.49370320056567,False
task_b,20260326,main_00002,power:p5uhs25_1247,power,0.0,True
task_b,20260326,main_00002,power:p5uhs3_1247,power,0.5523345004325998,False
task_b,20260326,main_00002,road:2287-2334,road,0.4774307123320778,False
task_b,20260326,main_00002,road:5201-5202,road,0.20904080041440698,False
task_b,20260326,main_00002,road:6098-6099,road,0.41306545071490164,False
task_b,20260326,main_00002,road:6297-7246,road,0.0,True
task_b,20260327,main_00003,power:p1uhs16_1247,power,0.0,True
task_b,20260327,main_00003,power:p1uhs2_1247,power,0.0,True
task_b,20260327,main_00003,power:p2uhs11_1247,power,0.3278502196377796,False
task_b,20260327,main_00003,power:p3uhs3_1247,power,0.5319376806313807,False
task_b,20260327,main_00003,power:p3uhs5_1247,power,0.0,True
task_b,20260327,main_00003,power:p3uhs6_1247,power,0.5614695512851458,False
task_b,20260327,main_00003,power:p4uhs14_1247,power,0.7313506668455998,False
task_b,20260327,main_00003,power:p4uhs17_1247,power,0.3452630855015624,False
task_b,20260327,main_00003,power:p5uhs29_1247,power,0.0,True
task_b,20260327,main_00003,road:1192-5698,road,0.17474927100069637,False
task_b,20260327,main_00003,road:1790-1791,road,0.13838424065531274,False
task_b,20260327,main_00003,road:2802-2838,road,0.38519933988513455,False
task_b,20260327,main_00003,road:2819-6928,road,0.3551098192956278,False
task_b,20260327,main_00003,road:3019-3288,road,0.0,True
task_b,20260327,main_00003,road:3250-3273,road,0.4005079124258082,False
task_b,20260327,main_00003,road:3403-3406,road,0.39385730034799415,False
task_b,20260327,main_00003,road:3579-3580,road,0.24234246480538768,False
task_b,20260327,main_00003,road:6302-7250,road,0.22261688124539047,False
task_b,20260327,main_00003,road:6918-6921,road,0.33958390054812904,False
task_b,20260327,main_00003,road:7282-7283,road,0.10308851262499075,False
task_b,20260328,main_00004,power:p1rhs7_1247,power,0.0,True
task_b,20260328,main_00004,power:p1uhs19_1247,power,0.0,True
task_b,20260328,main_00004,power:p1uhs7_1247,power,0.0,True
task_b,20260328,main_00004,power:p1uhs9_1247,power,0.0,True
task_b,20260328,main_00004,power:p4uhs20_1247,power,0.0,True
task_b,20260328,main_00004,power:p5uhs23_1247,power,0.25353197278734396,False
task_b,20260328,main_00004,power:p5uhs7_1247,power,0.0,True
task_b,20260328,main_00004,power:p5uhs9_1247,power,0.0,True
task_b,20260328,main_00004,road:2211-2219,road,0.1316335758225371,False
task_b,20260328,main_00004,road:3127-3161,road,0.27686023496036727,False
task_b,20260328,main_00004,road:3532-3535,road,0.24764540433585247,False
task_b,20260328,main_00004,road:3975-3977,road,0.4237406793584212,False
task_b,20260328,main_00004,road:4826-7052,road,0.3790590643655867,False
task_b,20260328,main_00004,road:4828-4829,road,0.22612967505650494,False
task_b,20260328,main_00004,road:5281-6736,road,0.14881772666869608,False
task_b,20260329,main_00005,power:p1rhs2_1247,power,0.422082042620334,False
task_b,20260329,main_00005,power:p3uhs18_1247,power,0.0,True
task_b,20260329,main_00005,power:p3uhs19_1247,power,0.6448669192233859,False
task_b,20260329,main_00005,power:p3uhs25_1247,power,0.0,True
task_b,20260329,main_00005,power:p3uhs3_1247,power,0.0,True
task_b,20260329,main_00005,power:p3uhs4_1247,power,0.4779289512022643,False
task_b,20260329,main_00005,power:p3uhs9_1247,power,0.0,True
task_b,20260329,main_00005,power:p4uhs13_1247,power,0.6962067405355024,False
task_b,20260329,main_00005,power:p4uhs18_1247,power,0.5940521420833105,False
task_b,20260329,main_00005,power:p5uhs17_1247,power,0.0,True
task_b,20260329,main_00005,power:p5uhs19_1247,power,0.22237762076472228,False
task_b,20260329,main_00005,power:p5uhs20_1247,power,0.0,True
task_b,20260329,main_00005,power:p5uhs21_1247,power,0.0,True
task_b,20260329,main_00005,power:p5uhs29_1247,power,0.0,True
task_b,20260329,main_00005,power:p5uhs3_1247,power,0.0,True
task_b,20260329,main_00005,road:1168-1169,road,0.47737819083416255,False
task_b,20260329,main_00005,road:1352-1358,road,0.0,True
task_b,20260329,main_00005,road:1652-1657,road,0.210980154750549,False
task_b,20260329,main_00005,road:2107-2108,road,0.11928934266907931,False
task_b,20260329,main_00005,road:3594-4450,road,0.29439802217439626,False
task_b,20260329,main_00005,road:3942-3943,road,0.28520904126744906,False
task_b,20260329,main_00005,road:4250-4251,road,0.1591703784770151,False
task_b,20260329,main_00005,road:4546-6965,road,0.0,True
task_b,20260329,main_00005,road:4571-4807,road,0.0,True
task_b,20260329,main_00005,road:4849-4900,road,0.36276359305337524,False
task_b,20260329,main_00005,road:5346-5359,road,0.0,True
task_b,20260329,main_00005,road:5728-5729,road,0.34960290268275185,False
task_b,20260329,main_00005,road:6071-6075,road,0.33020826755416144,False
task_b,20260330,main_00006,power:p1uhs12_1247,power,0.5129056241084222,False
task_b,20260330,main_00006,power:p1uhs6_1247,power,0.0,True
task_b,20260330,main_00006,power:p3uhs17_1247,power,0.6841925208544481,False
task_b,20260330,main_00006,power:p3uhs1_1247,power,0.6989097840919852,False
task_b,20260330,main_00006,power:p4uhs18_1247,power,0.7669251168922926,False
task_b,20260330,main_00006,power:p4uhs3_1247,power,0.503692707452916,False
task_b,20260330,main_00006,power:p5uhs11_1247,power,0.31171623347236055,False
task_b,20260330,main_00006,power:p5uhs15_1247,power,0.0,True
task_b,20260330,main_00006,power:p5uhs1_1247,power,0.0,True
task_b,20260330,main_00006,power:p5uhs22_1247,power,0.34410991640955724,False
task_b,20260330,main_00006,road:1249-1250,road,0.2104157328876617,False
task_b,20260330,main_00006,road:2295-2333,road,0.32196534663217957,False
task_b,20260330,main_00006,road:2835-4324,road,0.15570072921437572,False
task_b,20260330,main_00006,road:3439-7289,road,0.138012768755583,False
task_b,20260330,main_00006,road:3510-3511,road,0.128274947923102,False
task_b,20260330,main_00006,road:4770-5852,road,0.11390656894733775,False
task_b,20260330,main_00006,road:5018-5024,road,0.1468584294838231,False
