stage,variant,tag,k,options_digest,reference,candidate,asset_type,n,identical_sequences,identical_fraction
a-main,main,default,,44136fa355b3,CEN,JSH,power:,24,0,0.0
a-main,main,default,,44136fa355b3,CEN,JSH,road:,24,19,0.7916666666666666
a-main,main,default,,44136fa355b3,JSH,IJSH,power:,24,5,0.20833333333333334
a-main,main,default,,44136fa355b3,JSH,IJSH,road:,24,24,1.0
a-main,main,default,,44136fa355b3,CEN,IJSH,power:,24,0,0.0
a-main,main,default,,44136fa355b3,CEN,IJSH,road:,24,19,0.7916666666666666
b-main,main,default,,44136fa355b3,baseline_reference,guardrail_gini_restore,power:,6,0,0.0
b-main,main,default,,44136fa355b3,baseline_reference,guardrail_gini_restore,road:,6,0,0.0
b-main,main,default,,44136fa355b3,baseline_reference,single_gini_restore,power:,6,0,0.0
b-main,main,default,,44136fa355b3,baseline_reference,single_gini_restore,road:,6,0,0.0
b-main,main,default,,44136fa355b3,baseline_reference,single_maximin_time_avg_cri,power:,6,1,0.16666666666666666
b-main,main,default,,44136fa355b3,baseline_reference,single_maximin_time_avg_cri,road:,6,1,0.16666666666666666
b-main,main,default,,44136fa355b3,baseline_reference,single_p90_access_restore,power:,6,5,0.8333333333333334
b-main,main,default,,44136fa355b3,baseline_reference,single_p90_access_restore,road:,6,5,0.8333333333333334
b-main,main,default,,44136fa355b3,baseline_reference,single_triangle,power:,6,0,0.0
b-main,main,default,,44136fa355b3,baseline_reference,single_triangle,road:,6,0,0.0
b-main,main,default,,44136fa355b3,baseline_reference,weighted_gini_restore_l050,power:,6,1,0.16666666666666666
b-main,main,default,,44136fa355b3,baseline_reference,weighted_gini_restore_l050,road:,6,2,0.3333333333333333
b-main,main,default,,44136fa355b3,baseline_reference,weighted_maximin_time_avg_cri_l050,power:,6,2,0.3333333333333333
b-main,main,default,,44136fa355b3,baseline_reference,weighted_maximin_time_avg_cri_l050,road:,6,3,0.5
c-main,main,default,,44136fa355b3,CEN,JSH,power:,24,0,0.0
c-main,main,default,,44136fa355b3,CEN,JSH,road:,24,19,0.7916666666666666
c-main,main,default,,44136fa355b3,JSH,IJSH,power:,24,5,0.20833333333333334
c-main,main,default,,44136fa355b3,JSH,IJSH,road:,24,24,1.0
c-main,main,default,,44136fa355b3,CEN,IJSH,power:,24,0,0.0
c-main,main,default,,44136fa355b3,CEN,IJSH,road:,24,19,0.7916666666666666
c-main,main,default,,44136fa355b3,CEN,OD_CEN,power:,24,24,1.0
c-main,main,default,,44136fa355b3,CEN,OD_CEN,road:,24,0,0.0
c-main,main,default,,44136fa355b3,JSH,OD_JSH,power:,24,24,1.0
c-main,main,default,,44136fa355b3,JSH,OD_JSH,road:,24,0,0.0
c-main,main,default,,44136fa355b3,IJSH,OD_IJSH,power:,24,24,1.0
c-main,main,default,,44136fa355b3,IJSH,OD_IJSH,road:,24,0,0.0
c-main,main,default,,44136fa355b3,JSH,OD_CEN,power:,24,0,0.0
c-main,main,default,,44136fa355b3,JSH,OD_CEN,road:,24,0,0.0
c-main,main,default,,44136fa355b3,IJSH,OD_CEN,power:,24,0,0.0
c-main,main,default,,44136fa355b3,IJSH,OD_CEN,road:,24,0,0.0
