scenario_seed,strategy,triangle_area,gini_restore,pareto
20260325,baseline_reference,42.01631178321958,0.9652404261010197,False
20260325,guardrail_gini_restore,29.615658271548025,0.9552523212141493,True
20260325,single_gini_restore,38.83914619058804,0.9584762800353102,False
20260325,single_maximin_time_avg_cri,45.53899859638137,0.9662229271394536,False
20260325,single_p90_access_restore,42.01631178321958,0.9652404261010197,False
20260325,single_triangle,35.922736991141996,0.9623579944981304,False
20260325,weighted_gini_restore_l050,37.26217701314745,0.9649923746487294,False
20260325,weighted_maximin_time_avg_cri_l050,37.27899465642694,0.9662001969649596,False
20260326,baseline_reference,79.17888336141367,0.9846954054056707,False
20260326,guardrail_gini_restore,68.72374891952131,0.9827800648454621,False
20260326,single_gini_restore,18.148480802830274,0.9808120363175374,True
20260326,single_maximin_time_avg_cri,25.381595482150214,0.9834265433362701,False
20260326,single_p90_access_restore,79.17888336141367,0.9846954054056707,False
20260326,single_triangle,21.999006993788974,0.9836186470827846,False
20260326,weighted_gini_restore_l050,27.864346908922812,0.9887451683823394,False
20260326,weighted_maximin_time_avg_cri_l050,27.864346908922812,0.9887451683823394,False
20260327,baseline_reference,9.764941635523805,0.9478965380656907,True
20260327,guardrail_gini_restore,10.959550557552355,0.9426162441284935,False
20260327,single_gini_restore,10.145646688721653,0.9422029754448729,True
20260327,single_maximin_time_avg_cri,27.36465331281506,0.9485944260059034,False
20260327,single_p90_access_restore,9.764941635523805,0.9478965380656907,True
20260327,single_triangle,5.374280961537016,0.9507930378914926,True
20260327,weighted_gini_restore_l050,7.517670146808486,0.9481003198159539,True
20260327,weighted_maximin_time_avg_cri_l050,7.517670146808486,0.9481003198159539,True
20260328,baseline_reference,20.133818970004757,0.9571124033625742,False
20260328,guardrail_gini_restore,23.775588420112996,0.9456286424325022,False
20260328,single_gini_restore,22.734620096460535,0.9418304287024091,True
20260328,single_maximin_time_avg_cri,18.634122144538317,0.9539232313726385,True
20260328,single_p90_access_restore,20.133818970004757,0.9571124033625742,False
20260328,single_triangle,18.634122144538317,0.9539232313726385,True
20260328,weighted_gini_restore_l050,18.634122144538317,0.9539232313726385,True
20260328,weighted_maximin_time_avg_cri_l050,18.634122144538317,0.9539232313726385,True
20260329,baseline_reference,154.98527735851002,0.5107165076448039,True
20260329,guardrail_gini_restore,185.5593346890408,0.4692803237857941,True
20260329,single_gini_restore,180.6461261926949,0.47668439417533226,True
20260329,single_maximin_time_avg_cri,180.6461261926949,0.47668439417533226,True
20260329,single_p90_access_restore,211.22480338297396,0.6037324103769381,False
20260329,single_triangle,150.02950726109387,0.5226953793725237,True
20260329,weighted_gini_restore_l050,154.98527735851002,0.5107165076448039,True
20260329,weighted_maximin_time_avg_cri_l050,154.98527735851002,0.5107165076448039,True
20260330,baseline_reference,45.51100911033066,0.8980387783477495,False
20260330,guardrail_gini_restore,58.987840982186974,0.8735177317431253,True
20260330,single_gini_restore,46.23804569211448,0.8767795425370584,True
20260330,single_maximin_time_avg_cri,45.51100911033066,0.8980387783477495,False
20260330,single_p90_access_restore,45.51100911033066,0.8980387783477495,False
20260330,single_triangle,22.660194534974707,0.9150023683041915,True
20260330,weighted_gini_restore_l050,36.028570593422444,0.8908688294013201,True
20260330,weighted_maximin_time_avg_cri_l050,45.51100911033066,0.8980387783477495,False
