stage,job_id,strategy,scenario_id,scenario_seed,end_minutes,end_hours,extra_minutes,remaining_final,remaining_at_24h,old_remaining,power_jobs,power_travel_minutes,power_repair_minutes,power_finish_minutes,road_finish_minutes,triangle_area,after_24h_triangle_area
a-main,main_00015_CEN_fd494a402c3c,CEN,main_00015,20264015,2146.8998082158764,35.781663470264604,706.8998082158764,0,3,3,15,1846.8998082158764,300.0,2146.8998082158764,590.3805300000001,123.32158605619657,0.9825188133875511
a-main,main_00015_IJSH_7da9b1ad156e,IJSH,main_00015,20264015,2292.379836215876,38.206330603597934,852.3798362158759,0,7,7,15,1992.3798362158761,299.99999999999983,2292.379836215876,603.086289,603.868476205011,207.65065881703626
a-main,main_00015_JSH_ca4cbac1723f,JSH,main_00015,20264015,2355.120925215876,39.2520154202646,915.120925215876,0,7,7,15,2055.120925215876,299.9999999999999,2355.120925215876,603.790852,620.4086127702213,224.10337334266876
a-main,main_00016_CEN_c3bfa26f46c8,CEN,main_00016,20264016,1603.5269192928506,26.725448654880843,163.5269192928506,0,1,1,15,1303.5269192928506,299.99999999999994,1603.5269192928506,320.065787,27.173653060484497,0.03276359411757475
a-main,main_00016_IJSH_5b44a41165fb,IJSH,main_00016,20264016,1599.5265282928503,26.658775471547507,159.52652829285034,0,3,3,15,1299.5265282928506,299.99999999999983,1599.5265282928503,309.454002,166.76544323722948,1.527734627749822
a-main,main_00016_JSH_51b0c63004bf,JSH,main_00016,20264016,1599.5265282928503,26.658775471547507,159.52652829285034,0,3,3,15,1299.5265282928506,299.99999999999983,1599.5265282928503,309.454002,166.76544323722948,1.527734627749822
c-main,main_00015_CEN_4ef3c8789814,CEN,main_00015,20264015,2146.8998082158764,35.781663470264604,706.8998082158764,0,3,3,15,1846.8998082158764,300.0,2146.8998082158764,590.3805300000001,123.32158605619657,0.9825188133875511
c-main,main_00015_IJSH_8e95c3c5c61b,IJSH,main_00015,20264015,2292.379836215876,38.206330603597934,852.3798362158759,0,7,7,15,1992.3798362158761,299.99999999999983,2292.379836215876,603.086289,603.868476205011,207.65065881703626
c-main,main_00015_JSH_f47d878c5609,JSH,main_00015,20264015,2355.120925215876,39.2520154202646,915.120925215876,0,7,7,15,2055.120925215876,299.9999999999999,2355.120925215876,603.790852,620.4086127702213,224.10337334266876
c-main,main_00015_OD_CEN_e0cc6d225b83,OD_CEN,main_00015,20264015,2148.4987762158767,35.80831293693128,708.4987762158767,0,3,3,15,1848.4987762158764,300.0000000000003,2148.4987762158767,459.73877899999997,307.51694180819175,0.9867776564947572
c-main,main_00015_OD_IJSH_13eaa9a691cb,OD_IJSH,main_00015,20264015,2293.834782215876,38.23057970359794,853.8347822158762,0,7,7,15,1993.8347822158762,300.0,2293.834782215876,470.30319000000003,785.943135265468,208.03219206055735
c-main,main_00015_OD_JSH_e45e4d884c91,OD_JSH,main_00015,20264015,2357.1961752158763,39.286602920264606,917.1961752158763,0,7,7,15,2057.1961752158763,299.9999999999999,2357.1961752158763,470.39577900000006,802.6456317312143,224.64757007822948
c-main,main_00016_CEN_9a89c179dfbc,CEN,main_00016,20264016,1603.5269192928506,26.725448654880843,163.5269192928506,0,1,1,15,1303.5269192928506,299.99999999999994,1603.5269192928506,320.065787,27.173653060484497,0.03276359411757475
c-main,main_00016_IJSH_61f61a72a843,IJSH,main_00016,20264016,1599.5265282928503,26.658775471547507,159.52652829285034,0,3,3,15,1299.5265282928506,299.99999999999983,1599.5265282928503,309.454002,166.76544323722948,1.527734627749822
c-main,main_00016_JSH_d2ea6d7a42eb,JSH,main_00016,20264016,1599.5265282928503,26.658775471547507,159.52652829285034,0,3,3,15,1299.5265282928506,299.99999999999983,1599.5265282928503,309.454002,166.76544323722948,1.527734627749822
c-main,main_00016_OD_CEN_bf8938a5a503,OD_CEN,main_00016,20264016,1603.3860032928505,26.72310005488084,163.38600329285055,0,1,1,15,1303.3860032928505,299.99999999999994,1603.3860032928505,271.949791,27.160784711084517,0.03273536075606681
c-main,main_00016_OD_IJSH_7118ec03333c,OD_IJSH,main_00016,20264016,1599.6921382928504,26.661535638214172,159.69213829285036,0,3,3,15,1299.6921382928506,299.99999999999983,1599.6921382928504,271.99892500000004,168.4349104976168,1.543378011074781
c-main,main_00016_OD_JSH_2149281715e5,OD_JSH,main_00016,20264016,1599.6921382928504,26.661535638214172,159.69213829285036,0,3,3,15,1299.6921382928506,299.99999999999983,1599.6921382928504,271.99892500000004,168.4349104976168,1.543378011074781
