candidate,candidate_mean,candidate_unpaired,exact_sign_p,higher_is_better,k,losses,mean_reduction,mean_reduction_ci95,median_reduction,metric,n,options_digest,percent_reduction_of_reference_mean,positive_difference,reference,reference_mean,reference_unpaired,stage,tag,ties,trimmed_mean_ci95,trimmed_mean_reduction,variant,wins
JSH,82.58202921016795,0,0.06391465663909912,False,,7,-28.075061249547673,"[-79.26705811535838,8.55539255716266]",2.251893489484747,triangle_area,24,44136fa355b3,-51.50728851737103,candidate improvement,CEN,54.50696796062027,0,a-main,default,0,"[-79.26705811535838,8.55539255716266]",-28.07506124954767,main,17
JSH,115.47306139919294,0,0.30745625495910645,False,,9,-50.967693171210946,"[-139.95205108944214,5.597738474547204]",1.9834823440398743,weighted_triangle_area,24,44136fa355b3,-79.01310320572901,candidate improvement,CEN,64.505368227982,0,a-main,default,0,"[-139.95205108944214,5.597738474547203]",-50.96769317121093,main,15
JSH,0.868805531065085,0,0.8388197422027588,False,,11,-0.0008933589742363968,"[-0.0075949091952185275,0.005659441230633531]",0.0006219312948395617,gini_restore,24,44136fa355b3,-0.10293195590104995,candidate improvement,CEN,0.8679121720908484,0,a-main,default,0,"[-0.0075949091952185275,0.005659441230633531]",-0.0008933589742363968,main,13
JSH,160.9305136857505,0,1.0,False,,3,-121.05361035726919,"[-317.2152792874819,3.8464237530484784]",0.0,p90_access_restore,24,44136fa355b3,-303.5682318662116,candidate improvement,CEN,39.87690332848131,0,a-main,default,19,"[-317.2152792874819,3.8464237530484784]",-121.05361035726918,main,2
JSH,0.8352484361818019,0,1.0,True,,12,-0.03195182831737408,"[-0.09100830345360836,0.017206155282233047]",0.004149356727015718,min_time_avg_cri,24,44136fa355b3,-3.6844809238874996,candidate improvement,CEN,0.867200264499176,0,a-main,default,0,"[-0.09100830345360837,0.017206155282233047]",-0.03195182831737408,main,12
IJSH,79.87582583667704,0,0.6476058959960938,False,,8,2.706203373490911,"[-0.7923120598148513,6.728795638722703]",0.0,triangle_area,24,44136fa355b3,3.2769882253725346,candidate improvement,JSH,82.58202921016795,0,a-main,default,5,"[-0.7923120598148514,6.728795638722703]",2.706203373490911,main,11
IJSH,109.92044363206082,0,0.6476058959960938,False,,8,5.5526177671321095,"[-0.06325708967968487,13.212972281788494]",0.0,weighted_triangle_area,24,44136fa355b3,4.808582798317424,candidate improvement,JSH,115.47306139919294,0,a-main,default,5,"[-0.06325708967968487,13.212972281788494]",5.552617767132111,main,11
IJSH,0.8683213570734108,0,0.1670684814453125,False,,13,0.00048417399167399733,"[-0.0011420967236131009,0.002734810088884405]",-0.00012824635408770213,gini_restore,24,44136fa355b3,0.055728695819931,candidate improvement,JSH,0.868805531065085,0,a-main,default,5,"[-0.0011420967236131009,0.002734810088884405]",0.00048417399167399733,main,6
IJSH,152.33782854010803,0,1.0,False,,2,8.592685145642472,"[-5.454147626524265,30.54120289830925]",0.0,p90_access_restore,24,44136fa355b3,5.33937595105266,candidate improvement,JSH,160.9305136857505,0,a-main,default,20,"[-5.454147626524265,30.54120289830925]",8.592685145642472,main,2
IJSH,0.8506507387765122,0,0.1670684814453125,True,,6,0.015402302594710197,"[0.004530783065245904,0.030067836061333533]",0.00020956939251928763,min_time_avg_cri,24,44136fa355b3,1.8440384833426615,candidate improvement,JSH,0.8352484361818019,0,a-main,default,5,"[0.004530783065245904,0.030067836061333533]",0.015402302594710197,main,13
IJSH,79.87582583667704,0,0.5412561893463135,False,,10,-25.368857876056765,"[-76.00440822722794,10.719092963618293]",0.7179643276739878,triangle_area,24,44136fa355b3,-46.54241251207559,candidate improvement,CEN,54.50696796062027,0,a-main,default,0,"[-76.00440822722794,10.719092963618294]",-25.36885787605676,main,14
IJSH,109.92044363206082,0,0.15158963203430176,False,,8,-45.41507540407883,"[-131.69344231809035,8.828307395156955]",1.6871973631782957,weighted_triangle_area,24,44136fa355b3,-70.40510991824408,candidate improvement,CEN,64.505368227982,0,a-main,default,0,"[-131.69344231809035,8.828307395156957]",-45.41507540407883,main,16
IJSH,0.8683213570734108,0,0.5412561893463135,False,,10,-0.00040918498256239944,"[-0.006998819330481006,0.005653799913071326]",0.001524906572037854,gini_restore,24,44136fa355b3,-0.047145897444513335,candidate improvement,CEN,0.8679121720908484,0,a-main,default,0,"[-0.006998819330481006,0.005653799913071326]",-0.00040918498256239944,main,14
IJSH,152.33782854010803,0,0.625,False,,3,-112.46092521162672,"[-304.6257830829806,2.183543504627393]",0.0,p90_access_restore,24,44136fa355b3,-282.0202067478586,candidate improvement,CEN,39.87690332848131,0,a-main,default,20,"[-304.6257830829806,2.183543504627393]",-112.4609252116267,main,1
IJSH,0.8506507387765122,0,0.30745625495910645,True,,9,-0.01654952572266388,"[-0.07501799473792364,0.03161837744272377]",0.02016497527058747,min_time_avg_cri,24,44136fa355b3,-1.9083856866927424,candidate improvement,CEN,0.867200264499176,0,a-main,default,0,"[-0.07501799473792363,0.03161837744272377]",-0.01654952572266388,main,15
guardrail_gini_restore,62.93695363999374,0,0.6875,False,,4,-4.338579936826664,"[-16.39760647861076,6.812532922498505]",-2.4181891860683944,triangle_area,6,44136fa355b3,-7.403925506199119,candidate improvement,baseline_reference,58.59837370316708,0,b-main,default,0,"[-16.397606478610765,6.812532922498505]",-4.3385799368266635,main,2
guardrail_gini_restore,77.1425681504607,0,0.6875,False,,2,4.877771534734554,"[-3.563311591864561,11.632616235039137]",10.483377317085278,weighted_triangle_area,6,44136fa355b3,5.947026741727815,candidate improvement,baseline_reference,82.02033968519525,0,b-main,default,0,"[-3.56331159186456,11.632616235039137]",4.8777715347345545,main,4
guardrail_gini_restore,0.8615125546915877,0,0.03125,False,,0,0.015770788462997027,"[0.006226465142492588,0.02759894217482047]",0.01073593290847119,gini_restore,6,44136fa355b3,1.7976847031299537,candidate improvement,baseline_reference,0.8772833431545847,0,b-main,default,0,"[0.006226465142492588,0.02759894217482047]",0.015770788462997027,main,6
guardrail_gini_restore,24.472500445645682,0,1.0,False,,0,0.023274500000004156,"[0.0,0.06982350000001247]",0.0,p90_access_restore,6,44136fa355b3,0.09501434452124315,candidate improvement,baseline_reference,24.49577494564569,0,b-main,default,5,"[0.0,0.06982350000001247]",0.023274500000004156,main,1
guardrail_gini_restore,0.8496494145226202,0,1.0,True,,3,0.05897484912125469,"[-0.0031279356589759,0.12967521881210142]",0.028908914617538917,min_time_avg_cri,6,44136fa355b3,7.4588018512164505,candidate improvement,baseline_reference,0.7906745654013657,0,b-main,default,0,"[-0.0031279356589759,0.12967521881210142]",0.05897484912125469,main,3
single_gini_restore,52.79201094390165,0,0.6875,False,,4,5.806362759265432,"[-12.543242345581795,30.267126831261777]",-0.5538708174908349,triangle_area,6,44136fa355b3,9.908743864937012,candidate improvement,baseline_reference,58.59837370316708,0,b-main,default,0,"[-12.543242345581795,30.267126831261777]",5.806362759265432,main,2
single_gini_restore,67.66401257376221,0,0.6875,False,,2,14.356327111433052,"[1.2966328280566113,32.81023506958359]",5.393190591775724,weighted_triangle_area,6,44136fa355b3,17.503374366083467,candidate improvement,baseline_reference,82.02033968519525,0,b-main,default,0,"[1.2966328280566113,32.81023506958359]",14.356327111433048,main,4
single_gini_restore,0.86279760953542,0,0.03125,False,,0,0.014485733619164757,"[0.006866664023962817,0.023753486661234075]",0.01102306036293732,gini_restore,6,44136fa355b3,1.6512035401328995,candidate improvement,baseline_reference,0.8772833431545847,0,b-main,default,0,"[0.006866664023962817,0.023753486661234075]",0.014485733619164757,main,6
single_gini_restore,24.49577494564569,0,1.0,False,,0,0.0,"[0.0,0.0]",0.0,p90_access_restore,6,44136fa355b3,0.0,candidate improvement,baseline_reference,24.49577494564569,0,b-main,default,6,"[0.0,0.0]",0.0,main,0
single_gini_restore,0.8366367510619958,0,0.6875,True,,2,0.04596218566063015,"[-0.012362519003220126,0.1082623626036387]",0.03003717406640405,min_time_avg_cri,6,44136fa355b3,5.8130345494670905,candidate improvement,baseline_reference,0.7906745654013657,0,b-main,default,0,"[-0.012362519003220126,0.1082623626036387]",0.04596218566063015,main,4
single_maximin_time_avg_cri,57.17941747315175,0,1.0,False,,3,1.4189562300153256,"[-15.594415774879314,23.965358660083183]",-1.7613434065808953,triangle_area,6,44136fa355b3,2.4214942162100224,candidate improvement,baseline_reference,58.59837370316708,0,b-main,default,1,"[-15.594415774879309,23.965358660083183]",1.4189562300153256,main,2
single_maximin_time_avg_cri,70.40757988287977,0,0.375,False,,1,11.612759802315487,"[0.21586619242635288,28.315955077920552]",3.906837643018452,weighted_triangle_area,6,44136fa355b3,14.158390280858105,candidate improvement,baseline_reference,82.02033968519525,0,b-main,default,1,"[0.21586619242635288,28.315955077920552]",11.612759802315487,main,4
single_maximin_time_avg_cri,0.8711483833962245,0,1.0,False,,2,0.006134959758360241,"[-0.00034865264798208023,0.017439010757869355]",0.000634431034700289,gini_restore,6,44136fa355b3,0.6993133753457359,candidate improvement,baseline_reference,0.8772833431545847,0,b-main,default,1,"[-0.00034865264798208023,0.017439010757869355]",0.006134959758360241,main,3
single_maximin_time_avg_cri,24.49577494564569,0,1.0,False,,0,0.0,"[0.0,0.0]",0.0,p90_access_restore,6,44136fa355b3,0.0,candidate improvement,baseline_reference,24.49577494564569,0,b-main,default,6,"[0.0,0.0]",0.0,main,0
single_maximin_time_avg_cri,0.8636939143411583,0,0.0625,True,,0,0.0730193489397926,"[0.01851860557892404,0.1344176340283224]",0.04947637297605506,min_time_avg_cri,6,44136fa355b3,9.235069918143402,candidate improvement,baseline_reference,0.7906745654013657,0,b-main,default,1,"[0.01851860557892404,0.1344176340283224]",0.0730193489397926,main,5
single_p90_access_restore,67.97162804057774,0,1.0,False,,1,-9.373254337410657,"[-28.11976301223197,0.0]",0.0,triangle_area,6,44136fa355b3,-15.995758491338572,candidate improvement,baseline_reference,58.59837370316708,0,b-main,default,5,"[-28.11976301223197,0.0]",-9.373254337410657,main,0
single_p90_access_restore,90.93087100883723,0,1.0,False,,1,-8.910531323641957,"[-26.73159397092587,0.0]",0.0,weighted_triangle_area,6,44136fa355b3,-10.863806901851097,candidate improvement,baseline_reference,82.02033968519525,0,b-main,default,5,"[-26.73159397092587,0.0]",-8.910531323641957,main,0
single_p90_access_restore,0.8927859936099405,0,1.0,False,,1,-0.015502650455355704,"[-0.04650795136606711,0.0]",0.0,gini_restore,6,44136fa355b3,-1.7671201187532415,candidate improvement,baseline_reference,0.8772833431545847,0,b-main,default,5,"[-0.04650795136606711,0.0]",-0.015502650455355704,main,0
single_p90_access_restore,16.845709112477696,0,1.0,False,,0,7.65006583316799,"[0.0,22.95019749950397]",0.0,p90_access_restore,6,44136fa355b3,31.23014417850801,candidate improvement,baseline_reference,24.49577494564569,0,b-main,default,5,"[0.0,22.95019749950397]",7.65006583316799,main,1
single_p90_access_restore,0.7926796543770731,0,1.0,True,,0,0.00200508897570754,"[0.0,0.00601526692712262]",0.0,min_time_avg_cri,6,44136fa355b3,0.2535921937351947,candidate improvement,baseline_reference,0.7906745654013657,0,b-main,default,5,"[0.0,0.00601526692712262]",0.00200508897570754,main,1
single_triangle,42.43664148117915,0,0.03125,False,,0,16.161732221987936,"[3.805009981400032,33.956145741605496]",5.524672444746866,triangle_area,6,44136fa355b3,27.580513247442635,candidate improvement,baseline_reference,58.59837370316708,0,b-main,default,0,"[3.8050099814000315,33.956145741605496]",16.161732221987936,main,6
single_triangle,64.57427234551811,0,0.03125,False,,0,17.44606733967714,"[4.468077957114006,33.768792408393914]",11.269830027184906,weighted_triangle_area,6,44136fa355b3,21.27041585859973,candidate improvement,baseline_reference,82.02033968519525,0,b-main,default,0,"[4.468077957114006,33.768792408393914]",17.44606733967714,main,6
single_triangle,0.8813984430869602,0,1.0,False,,3,-0.004115099932375428,"[-0.010612987169987894,0.001720577613789039]",-0.0009098707514578752,gini_restore,6,44136fa355b3,-0.46907307251248165,candidate improvement,baseline_reference,0.8772833431545847,0,b-main,default,0,"[-0.010612987169987894,0.001720577613789039]",-0.004115099932375428,main,3
single_triangle,24.472500445645682,0,1.0,False,,0,0.023274500000004156,"[0.0,0.06982350000001247]",0.0,p90_access_restore,6,44136fa355b3,0.09501434452124315,candidate improvement,baseline_reference,24.49577494564569,0,b-main,default,5,"[0.0,0.06982350000001247]",0.023274500000004156,main,1
single_triangle,0.8285604035303588,0,0.6875,True,,2,0.03788583812899312,"[-0.0160690394505096,0.11059096100525266]",0.003473153684292518,min_time_avg_cri,6,44136fa355b3,4.791584273330121,candidate improvement,baseline_reference,0.7906745654013657,0,b-main,default,0,"[-0.0160690394505096,0.11059096100525266]",0.03788583812899312,main,4
weighted_gini_restore_l050,47.04869402755825,0,0.0625,False,,0,11.549679675608827,"[1.6667999849533877,27.862169364760422]",3.500703129393723,triangle_area,6,44136fa355b3,19.709897981323326,candidate improvement,baseline_reference,58.59837370316708,0,b-main,default,1,"[1.6667999849533877,27.862169364760422]",11.549679675608827,main,5
weighted_gini_restore_l050,71.31227272131186,0,0.0625,False,,0,10.708066963883402,"[0.9766071241281225,26.475821820182336]",2.465786324531635,weighted_triangle_area,6,44136fa355b3,13.055379927689104,candidate improvement,baseline_reference,82.02033968519525,0,b-main,default,1,"[0.9766071241281225,26.475821820182336]",10.708066963883402,main,5
weighted_gini_restore_l050,0.8762244052109643,0,1.0,False,,2,0.0010589379436205897,"[-0.0014859745396738806,0.004048575888116283]",0.0001240257261451161,gini_restore,6,44136fa355b3,0.12070649145267037,candidate improvement,baseline_reference,0.8772833431545847,0,b-main,default,1,"[-0.0014859745396738806,0.004048575888116283]",0.0010589379436205897,main,3
weighted_gini_restore_l050,24.49577494564569,0,1.0,False,,0,0.0,"[0.0,0.0]",0.0,p90_access_restore,6,44136fa355b3,0.0,candidate improvement,baseline_reference,24.49577494564569,0,b-main,default,6,"[0.0,0.0]",0.0,main,0
weighted_gini_restore_l050,0.8159486174402207,0,1.0,True,,3,0.025274052038855077,"[-0.01837588999705318,0.10004645124980437]",-0.004995269912125844,min_time_avg_cri,6,44136fa355b3,3.196517650220018,candidate improvement,baseline_reference,0.7906745654013657,0,b-main,default,1,"[-0.01837588999705318,0.10004645124980437]",0.025274052038855077,main,2
weighted_maximin_time_avg_cri_l050,48.63190338758954,0,0.125,False,,0,9.966470315577544,"[0.7490904962384395,26.696770551621942]",1.8734841570908793,triangle_area,6,44136fa355b3,17.008100542283284,candidate improvement,baseline_reference,58.59837370316708,0,b-main,default,2,"[0.7490904962384395,26.69677055162194]",9.966470315577542,main,4
weighted_maximin_time_avg_cri_l050,72.81383176769312,0,0.125,False,,0,9.20650791750215,"[0.17878579164201605,25.482143601003088]",0.5363573749260482,weighted_triangle_area,6,44136fa355b3,11.22466445864273,candidate improvement,baseline_reference,82.02033968519525,0,b-main,default,2,"[0.17878579164201605,25.482143601003088]",9.20650791750215,main,4
weighted_maximin_time_avg_cri_l050,0.8776207004214075,0,0.625,False,,3,-0.00033735726682267614,"[-0.0021683133194565127,0.0014006605592673527]",-0.00010189087513157169,gini_restore,6,44136fa355b3,-0.03845476714622073,candidate improvement,baseline_reference,0.8772833431545847,0,b-main,default,2,"[-0.0021683133194565127,0.0014006605592673527]",-0.00033735726682267614,main,1
weighted_maximin_time_avg_cri_l050,24.49577494564569,0,1.0,False,,0,0.0,"[0.0,0.0]",0.0,p90_access_restore,6,44136fa355b3,0.0,candidate improvement,baseline_reference,24.49577494564569,0,b-main,default,6,"[0.0,0.0]",0.0,main,0
weighted_maximin_time_avg_cri_l050,0.8229463197097254,0,0.625,True,,1,0.0322717543083599,"[-0.0075240017721797114,0.10427649044664976]",4.8150657724788104e-05,min_time_avg_cri,6,44136fa355b3,4.081547038506034,candidate improvement,baseline_reference,0.7906745654013657,0,b-main,default,2,"[-0.0075240017721797114,0.10427649044664976]",0.0322717543083599,main,3
JSH,82.58202921016795,0,0.06391465663909912,False,,7,-28.075061249547673,"[-78.82325159233612,8.902039099416124]",2.251893489484747,triangle_area,24,44136fa355b3,-51.50728851737103,candidate improvement,CEN,54.50696796062027,0,c-main,default,0,"[-78.82325159233612,8.902039099416124]",-28.07506124954767,main,17
JSH,115.47306139919294,0,0.30745625495910645,False,,9,-50.967693171210946,"[-141.06307496342168,5.8160330784879735]",1.9834823440398743,weighted_triangle_area,24,44136fa355b3,-79.01310320572901,candidate improvement,CEN,64.505368227982,0,c-main,default,0,"[-141.0630749634217,5.8160330784879735]",-50.96769317121093,main,15
JSH,0.868805531065085,0,0.8388197422027588,False,,11,-0.0008933589742363968,"[-0.0077397113907054635,0.005570343042414576]",0.0006219312948395617,gini_restore,24,44136fa355b3,-0.10293195590104995,candidate improvement,CEN,0.8679121720908484,0,c-main,default,0,"[-0.0077397113907054635,0.005570343042414576]",-0.0008933589742363968,main,13
JSH,160.9305136857505,0,1.0,False,,3,-121.05361035726919,"[-314.0932184088333,4.106755381151632]",0.0,p90_access_restore,24,44136fa355b3,-303.5682318662116,candidate improvement,CEN,39.87690332848131,0,c-main,default,19,"[-314.09321840883337,4.106755381151632]",-121.05361035726918,main,2
JSH,0.8352484361818019,0,1.0,True,,12,-0.03195182831737408,"[-0.09123854161488186,0.017315812979488046]",0.004149356727015718,min_time_avg_cri,24,44136fa355b3,-3.6844809238874996,candidate improvement,CEN,0.867200264499176,0,c-main,default,0,"[-0.09123854161488186,0.017315812979488046]",-0.03195182831737408,main,12
IJSH,79.87582583667704,0,0.6476058959960938,False,,8,2.706203373490911,"[-0.8341500864591068,6.800636526044765]",0.0,triangle_area,24,44136fa355b3,3.2769882253725346,candidate improvement,JSH,82.58202921016795,0,c-main,default,5,"[-0.8341500864591068,6.800636526044765]",2.706203373490911,main,11
IJSH,109.92044363206082,0,0.6476058959960938,False,,8,5.5526177671321095,"[-0.09474381818870053,13.141559826996431]",0.0,weighted_triangle_area,24,44136fa355b3,4.808582798317424,candidate improvement,JSH,115.47306139919294,0,c-main,default,5,"[-0.09474381818870053,13.141559826996428]",5.552617767132111,main,11
IJSH,0.8683213570734108,0,0.1670684814453125,False,,13,0.00048417399167399733,"[-0.0011230406398858648,0.0027216555742560133]",-0.00012824635408770213,gini_restore,24,44136fa355b3,0.055728695819931,candidate improvement,JSH,0.868805531065085,0,c-main,default,5,"[-0.0011230406398858648,0.0027216555742560133]",0.00048417399167399733,main,6
IJSH,152.33782854010803,0,1.0,False,,2,8.592685145642472,"[-5.454147626524265,29.85020273316682]",0.0,p90_access_restore,24,44136fa355b3,5.33937595105266,candidate improvement,JSH,160.9305136857505,0,c-main,default,20,"[-5.454147626524265,29.85020273316682]",8.592685145642472,main,2
IJSH,0.8506507387765122,0,0.1670684814453125,True,,6,0.015402302594710197,"[0.004398375566931562,0.029586140208270776]",0.00020956939251928763,min_time_avg_cri,24,44136fa355b3,1.8440384833426615,candidate improvement,JSH,0.8352484361818019,0,c-main,default,5,"[0.004398375566931562,0.029586140208270776]",0.015402302594710197,main,13
IJSH,79.87582583667704,0,0.5412561893463135,False,,10,-25.368857876056765,"[-75.81609146285165,10.86438496074416]",0.7179643276739878,triangle_area,24,44136fa355b3,-46.54241251207559,candidate improvement,CEN,54.50696796062027,0,c-main,default,0,"[-75.81609146285165,10.86438496074416]",-25.36885787605676,main,14
IJSH,109.92044363206082,0,0.15158963203430176,False,,8,-45.41507540407883,"[-132.03828366946,8.98876853297553]",1.6871973631782957,weighted_triangle_area,24,44136fa355b3,-70.40510991824408,candidate improvement,CEN,64.505368227982,0,c-main,default,0,"[-132.03828366946,8.988768532975529]",-45.41507540407883,main,16
IJSH,0.8683213570734108,0,0.5412561893463135,False,,10,-0.00040918498256239944,"[-0.007084780472463633,0.005560477798374377]",0.001524906572037854,gini_restore,24,44136fa355b3,-0.047145897444513335,candidate improvement,CEN,0.8679121720908484,0,c-main,default,0,"[-0.007084780472463633,0.005560477798374377]",-0.00040918498256239944,main,14
IJSH,152.33782854010803,0,0.625,False,,3,-112.46092521162672,"[-304.6257830829806,2.183543504627393]",0.0,p90_access_restore,24,44136fa355b3,-282.0202067478586,candidate improvement,CEN,39.87690332848131,0,c-main,default,20,"[-304.6257830829806,2.183543504627393]",-112.4609252116267,main,1
IJSH,0.8506507387765122,0,0.30745625495910645,True,,9,-0.01654952572266388,"[-0.0747214127198594,0.03215539757558603]",0.02016497527058747,min_time_avg_cri,24,44136fa355b3,-1.9083856866927424,candidate improvement,CEN,0.867200264499176,0,c-main,default,0,"[-0.0747214127198594,0.03215539757558603]",-0.01654952572266388,main,15
OD_CEN,62.96774267196681,0,0.8388197422027588,False,,13,-8.460774711346518,"[-24.24495150233057,-0.19117466247640605]",-0.05219649060343201,triangle_area,24,44136fa355b3,-15.522372694550148,candidate improvement,CEN,54.50696796062027,0,c-main,default,0,"[-24.24495150233057,-0.19117466247640605]",-8.46077471134652,main,11
OD_CEN,72.69141499692626,0,0.06391465663909912,False,,17,-8.186046768944239,"[-23.924871005177692,0.3332964863606436]",-0.2198182060735423,weighted_triangle_area,24,44136fa355b3,-12.690489169850498,candidate improvement,CEN,64.505368227982,0,c-main,default,0,"[-23.924871005177692,0.33329648636064363]",-8.186046768944237,main,7
OD_CEN,0.8649449139504709,0,0.4048728942871094,False,,9,0.0029672581403775897,"[-0.0008953039579950237,0.007354308737917913]",8.261699042666493e-07,gini_restore,24,44136fa355b3,0.34188460950251465,candidate improvement,CEN,0.8679121720908484,0,c-main,default,1,"[-0.0008953039579950237,0.007354308737917913]",0.0029672581403775897,main,14
OD_CEN,40.93016156706411,0,1.0,False,,2,-1.0532582385827982,"[-4.398293924081728,1.1955901249999996]",0.0,p90_access_restore,24,44136fa355b3,-2.641273897089518,candidate improvement,CEN,39.87690332848131,0,c-main,default,19,"[-4.398293924081728,1.1955901249999996]",-1.0532582385827982,main,3
OD_CEN,0.8611474775178918,0,0.30745625495910645,True,,9,-0.006052786981284086,"[-0.02230947888530616,0.008091163244202214]",1.3675208059449329e-05,min_time_avg_cri,24,44136fa355b3,-0.6979687655860762,candidate improvement,CEN,0.867200264499176,0,c-main,default,0,"[-0.02230947888530616,0.008091163244202214]",-0.006052786981284086,main,15
OD_JSH,91.02112234159627,0,0.8388197422027588,False,,13,-8.439093131428343,"[-24.02219435544022,-0.27113412622504396]",-0.09153190787439769,triangle_area,24,44136fa355b3,-10.21904306801567,candidate improvement,JSH,82.58202921016795,0,c-main,default,0,"[-24.02219435544022,-0.27113412622504396]",-8.439093131428342,main,11
OD_JSH,123.75745900830297,0,0.15158963203430176,False,,16,-8.284397609110032,"[-23.753643406205608,0.06981129964282848]",-0.23581267250788507,weighted_triangle_area,24,44136fa355b3,-7.174311920657135,candidate improvement,JSH,115.47306139919294,0,c-main,default,0,"[-23.753643406205608,0.06981129964282848]",-8.28439760911003,main,8
OD_JSH,0.8655948805711149,0,1.0,False,,11,0.0032106504939699763,"[-0.0010030187094632332,0.008500163851846312]",4.0721259797482645e-07,gini_restore,24,44136fa355b3,0.3695476581547518,candidate improvement,JSH,0.868805531065085,0,c-main,default,1,"[-0.0010030187094632332,0.008500163851846312]",0.0032106504939699763,main,12
OD_JSH,160.59244835241716,0,0.625,False,,3,0.33806533333331207,"[-0.2599460833333798,1.2999585833333207]",0.0,p90_access_restore,24,44136fa355b3,0.2100691320686724,candidate improvement,JSH,160.9305136857505,0,c-main,default,20,"[-0.2599460833333798,1.2999585833333207]",0.33806533333331207,main,1
OD_JSH,0.8230605390844632,0,0.5412561893463135,True,,10,-0.012187897097338696,"[-0.02981776011401453,0.0010196385112889931]",1.876911561282668e-05,min_time_avg_cri,24,44136fa355b3,-1.459194243218655,candidate improvement,JSH,0.8352484361818019,0,c-main,default,0,"[-0.02981776011401453,0.0010196385112889931]",-0.012187897097338696,main,14
OD_IJSH,88.31495146269407,0,0.5412561893463135,False,,14,-8.439125626017033,"[-24.029798920844566,-0.2766916796972087]",-0.09814701080472332,triangle_area,24,44136fa355b3,-10.565306258332281,candidate improvement,IJSH,79.87582583667704,0,c-main,default,0,"[-24.029798920844566,-0.2766916796972087]",-8.439125626017033,main,10
OD_IJSH,118.16502143008938,0,0.30745625495910645,False,,15,-8.244577798028542,"[-23.809861862392832,0.09503764758870585]",-0.18764856142242348,weighted_triangle_area,24,44136fa355b3,-7.5004953815741535,candidate improvement,IJSH,109.92044363206082,0,c-main,default,0,"[-23.809861862392836,0.09503764758870585]",-8.244577798028544,main,9
OD_IJSH,0.8652030339051867,0,1.0,False,,12,0.0031183231682243018,"[-0.001064828363016146,0.008403353289478797]",-1.2305311980487232e-07,gini_restore,24,44136fa355b3,0.35912086496804524,candidate improvement,IJSH,0.8683213570734108,0,c-main,default,0,"[-0.001064828363016146,0.008403353289478797]",0.0031183231682243018,main,12
OD_IJSH,152.24816195665701,0,0.375,False,,4,0.08966658345102196,"[-0.7878723329802272,1.2116442499999938]",0.0,p90_access_restore,24,44136fa355b3,0.0588603528816969,candidate improvement,IJSH,152.33782854010803,0,c-main,default,19,"[-0.7878723329802272,1.2116442499999938]",0.08966658345102196,main,1
OD_IJSH,0.8359666822162587,0,0.8388197422027588,True,,13,-0.01468405656025337,"[-0.03495533922684416,0.0006025521071507126]",-2.2099326594915425e-05,min_time_avg_cri,24,44136fa355b3,-1.7262145191777998,candidate improvement,IJSH,0.8506507387765122,0,c-main,default,0,"[-0.03495533922684416,0.0006025521071507126]",-0.01468405656025337,main,11
OD_CEN,62.96774267196681,0,0.06391465663909912,False,,17,19.614286538201156,"[-10.125422070138468,56.509250518962446]",-4.364129466603005,triangle_area,24,44136fa355b3,23.751277034236573,candidate improvement,JSH,82.58202921016795,0,c-main,default,0,"[-10.125422070138466,56.50925051896245]",19.61428653820115,main,7
OD_CEN,72.69141499692626,0,0.15158963203430176,False,,16,42.781646402266695,"[-5.914085920425439,116.89837125471556]",-2.2314545469867415,weighted_triangle_area,24,44136fa355b3,37.04902761205022,candidate improvement,JSH,115.47306139919294,0,c-main,default,0,"[-5.914085920425439,116.89837125471554]",42.78164640226669,main,8
OD_CEN,0.8649449139504709,0,0.15158963203430176,False,,8,0.0038606171146139865,"[-0.0031722470128749606,0.01092404154015718]",0.0027922919627769716,gini_restore,24,44136fa355b3,0.44435917781061823,candidate improvement,JSH,0.868805531065085,0,c-main,default,0,"[-0.0031722470128749606,0.01092404154015718]",0.0038606171146139865,main,16
OD_CEN,40.93016156706411,0,0.6875,False,,2,120.00035211868641,"[-4.684342411401096,311.9372866125027]",0.0,p90_access_restore,24,44136fa355b3,74.56656253083952,candidate improvement,JSH,160.9305136857505,0,c-main,default,18,"[-4.684342411401097,311.9372866125027]",120.0003521186864,main,4
OD_CEN,0.8611474775178918,0,0.8388197422027588,True,,13,0.025899041336089987,"[-0.028318795957181984,0.08784853908744938]",-0.008750726057047409,min_time_avg_cri,24,44136fa355b3,3.1007590333821047,candidate improvement,JSH,0.8352484361818019,0,c-main,default,0,"[-0.028318795957181984,0.08784853908744938]",0.025899041336089987,main,11
OD_CEN,62.96774267196681,0,0.5412561893463135,False,,14,16.908083164710245,"[-12.264015166591756,52.593656513367556]",-2.314291448538036,triangle_area,24,44136fa355b3,21.167960378002707,candidate improvement,IJSH,79.87582583667704,0,c-main,default,0,"[-12.264015166591756,52.593656513367556]",16.908083164710245,main,10
OD_CEN,72.69141499692626,0,0.15158963203430176,False,,16,37.22902863513459,"[-9.40288551995842,107.89006512732016]",-2.780022657897069,weighted_triangle_area,24,44136fa355b3,33.86906694058855,candidate improvement,IJSH,109.92044363206082,0,c-main,default,0,"[-9.402885519958422,107.89006512732016]",37.229028635134576,main,8
OD_CEN,0.8649449139504709,0,0.15158963203430176,False,,8,0.003376443122939989,"[-0.003210797761760692,0.010273103960938668]",0.0023099796283131413,gini_restore,24,44136fa355b3,0.38884718145364394,candidate improvement,IJSH,0.8683213570734108,0,c-main,default,0,"[-0.003210797761760692,0.010273103960938668]",0.003376443122939989,main,16
OD_CEN,40.93016156706411,0,0.6875,False,,2,111.40766697304393,"[-3.1948099515435247,299.46780487573375]",0.0,p90_access_restore,24,44136fa355b3,73.13197781581357,candidate improvement,IJSH,152.33782854010803,0,c-main,default,18,"[-3.194809951543524,299.46780487573375]",111.40766697304393,main,4
OD_CEN,0.8611474775178918,0,0.15158963203430176,True,,16,0.010496738741379788,"[-0.04188958177152025,0.07347934231004412]",-0.02187787608275793,min_time_avg_cri,24,44136fa355b3,1.2339657467972351,candidate improvement,IJSH,0.8506507387765122,0,c-main,default,0,"[-0.04188958177152025,0.07347934231004412]",0.010496738741379791,main,8
