stage,job_id,strategy,scenario_id,scenario_seed,accepted,best,iteration,objective,temperature
b-main,main_00001_guardrail_gini_restore_37da2961274a,guardrail_gini_restore,main_00001,20260325,True,48304.03761683419,1,48304.03761683419,1.4
b-main,main_00001_guardrail_gini_restore_37da2961274a,guardrail_gini_restore,main_00001,20260325,False,48304.03761683419,2,49542.39411133278,1.3579999999999999
b-main,main_00001_guardrail_gini_restore_37da2961274a,guardrail_gini_restore,main_00001,20260325,True,48108.982680843445,3,48108.982680843445,1.3172599999999999
b-main,main_00001_guardrail_gini_restore_37da2961274a,guardrail_gini_restore,main_00001,20260325,True,48108.982680843445,4,48109.02429191502,1.2777421999999998
b-main,main_00001_guardrail_gini_restore_37da2961274a,guardrail_gini_restore,main_00001,20260325,False,48108.982680843445,5,49201.0456014085,1.2394099339999998
b-main,main_00001_guardrail_gini_restore_37da2961274a,guardrail_gini_restore,main_00001,20260325,True,48108.982680843445,6,48109.02429191502,1.2022276359799997
b-main,main_00001_guardrail_gini_restore_37da2961274a,guardrail_gini_restore,main_00001,20260325,True,40576.431376268454,7,40576.431376268454,1.1661608069005998
b-main,main_00001_guardrail_gini_restore_37da2961274a,guardrail_gini_restore,main_00001,20260325,False,40576.431376268454,8,40577.21750191466,1.1311759826935817
b-main,main_00001_guardrail_gini_restore_37da2961274a,guardrail_gini_restore,main_00001,20260325,True,38474.6306809079,9,38474.6306809079,1.0972407032127742
b-main,main_00001_guardrail_gini_restore_37da2961274a,guardrail_gini_restore,main_00001,20260325,True,38305.64890454329,10,38305.64890454329,1.064323482116391
b-main,main_00001_guardrail_gini_restore_37da2961274a,guardrail_gini_restore,main_00001,20260325,True,38303.53207645212,11,38303.53207645212,1.0323937776528993
b-main,main_00001_guardrail_gini_restore_37da2961274a,guardrail_gini_restore,main_00001,20260325,False,38303.53207645212,12,40273.528715767905,1.0014219643233122
b-main,main_00001_single_gini_restore_e49ad7773042,single_gini_restore,main_00001,20260325,True,0.9652404261010197,1,0.9652404261010197,1.4
b-main,main_00001_single_gini_restore_e49ad7773042,single_gini_restore,main_00001,20260325,True,0.9652404261010197,2,0.966483370505747,1.3579999999999999
b-main,main_00001_single_gini_restore_e49ad7773042,single_gini_restore,main_00001,20260325,True,0.9652404261010197,3,0.9662912926739773,1.3172599999999999
b-main,main_00001_single_gini_restore_e49ad7773042,single_gini_restore,main_00001,20260325,True,0.9652404261010197,4,0.9662915547891231,1.2777421999999998
b-main,main_00001_single_gini_restore_e49ad7773042,single_gini_restore,main_00001,20260325,True,0.9652404261010197,5,0.9669193291840237,1.2394099339999998
b-main,main_00001_single_gini_restore_e49ad7773042,single_gini_restore,main_00001,20260325,True,0.9652404261010197,6,0.9669193291840237,1.2022276359799997
b-main,main_00001_single_gini_restore_e49ad7773042,single_gini_restore,main_00001,20260325,True,0.9624256269984213,7,0.9624256269984213,1.1661608069005998
b-main,main_00001_single_gini_restore_e49ad7773042,single_gini_restore,main_00001,20260325,True,0.9623283469137549,8,0.9623283469137549,1.1311759826935817
b-main,main_00001_single_gini_restore_e49ad7773042,single_gini_restore,main_00001,20260325,True,0.9622715868137186,9,0.9622715868137186,1.0972407032127742
b-main,main_00001_single_gini_restore_e49ad7773042,single_gini_restore,main_00001,20260325,True,0.9584762800353102,10,0.9584762800353102,1.064323482116391
b-main,main_00001_single_gini_restore_e49ad7773042,single_gini_restore,main_00001,20260325,True,0.9584762800353102,11,0.9643762918725147,1.0323937776528993
b-main,main_00001_single_gini_restore_e49ad7773042,single_gini_restore,main_00001,20260325,True,0.9584762800353102,12,0.9652935976753372,1.0014219643233122
b-main,main_00001_single_maximin_time_avg_cri_9b284bcd345e,single_maximin_time_avg_cri,main_00001,20260325,True,0.12421801933499044,1,0.12421801933499044,1.4
b-main,main_00001_single_maximin_time_avg_cri_9b284bcd345e,single_maximin_time_avg_cri,main_00001,20260325,True,0.12421801933499044,2,0.12424267584661497,1.3579999999999999
b-main,main_00001_single_maximin_time_avg_cri_9b284bcd345e,single_maximin_time_avg_cri,main_00001,20260325,True,0.12410150537652764,3,0.12410150537652764,1.3172599999999999
b-main,main_00001_single_maximin_time_avg_cri_9b284bcd345e,single_maximin_time_avg_cri,main_00001,20260325,True,0.12400643183865001,4,0.12400643183865001,1.2777421999999998
b-main,main_00001_single_maximin_time_avg_cri_9b284bcd345e,single_maximin_time_avg_cri,main_00001,20260325,True,0.12386889141182134,5,0.12386889141182134,1.2394099339999998
b-main,main_00001_single_maximin_time_avg_cri_9b284bcd345e,single_maximin_time_avg_cri,main_00001,20260325,True,0.12386889141182134,6,0.12447567198424503,1.2022276359799997
b-main,main_00001_single_maximin_time_avg_cri_9b284bcd345e,single_maximin_time_avg_cri,main_00001,20260325,True,0.12386889141182134,7,0.12447567198424503,1.1661608069005998
b-main,main_00001_single_maximin_time_avg_cri_9b284bcd345e,single_maximin_time_avg_cri,main_00001,20260325,True,0.12016505682784573,8,0.12016505682784573,1.1311759826935817
b-main,main_00001_single_maximin_time_avg_cri_9b284bcd345e,single_maximin_time_avg_cri,main_00001,20260325,True,0.12016505682784573,9,0.12502528330783746,1.0972407032127742
b-main,main_00001_single_maximin_time_avg_cri_9b284bcd345e,single_maximin_time_avg_cri,main_00001,20260325,True,0.12016505682784573,10,0.12419693029689971,1.064323482116391
b-main,main_00001_single_maximin_time_avg_cri_9b284bcd345e,single_maximin_time_avg_cri,main_00001,20260325,True,0.12016505682784573,11,0.12458574632862651,1.0323937776528993
b-main,main_00001_single_maximin_time_avg_cri_9b284bcd345e,single_maximin_time_avg_cri,main_00001,20260325,True,0.12016505682784573,12,0.12512861163503097,1.0014219643233122
b-main,main_00001_single_p90_access_restore_9a3cbb6483c8,single_p90_access_restore,main_00001,20260325,True,0.0,1,0.0,1.4
b-main,main_00001_single_p90_access_restore_9a3cbb6483c8,single_p90_access_restore,main_00001,20260325,True,0.0,2,0.0,1.3579999999999999
b-main,main_00001_single_p90_access_restore_9a3cbb6483c8,single_p90_access_restore,main_00001,20260325,True,0.0,3,0.0,1.3172599999999999
b-main,main_00001_single_p90_access_restore_9a3cbb6483c8,single_p90_access_restore,main_00001,20260325,True,0.0,4,0.0,1.2777421999999998
b-main,main_00001_single_p90_access_restore_9a3cbb6483c8,single_p90_access_restore,main_00001,20260325,True,0.0,5,0.0,1.2394099339999998
b-main,main_00001_single_p90_access_restore_9a3cbb6483c8,single_p90_access_restore,main_00001,20260325,True,0.0,6,0.0,1.2022276359799997
b-main,main_00001_single_p90_access_restore_9a3cbb6483c8,single_p90_access_restore,main_00001,20260325,True,0.0,7,0.0,1.1661608069005998
b-main,main_00001_single_p90_access_restore_9a3cbb6483c8,single_p90_access_restore,main_00001,20260325,True,0.0,8,0.0,1.1311759826935817
b-main,main_00001_single_p90_access_restore_9a3cbb6483c8,single_p90_access_restore,main_00001,20260325,True,0.0,9,0.0,1.0972407032127742
b-main,main_00001_single_p90_access_restore_9a3cbb6483c8,single_p90_access_restore,main_00001,20260325,True,0.0,10,0.0,1.064323482116391
b-main,main_00001_single_p90_access_restore_9a3cbb6483c8,single_p90_access_restore,main_00001,20260325,True,0.0,11,0.0,1.0323937776528993
b-main,main_00001_single_p90_access_restore_9a3cbb6483c8,single_p90_access_restore,main_00001,20260325,True,0.0,12,0.0,1.0014219643233122
b-main,main_00001_single_triangle_6d40503b2757,single_triangle,main_00001,20260325,True,42.01631178321958,1,42.01631178321958,1.4
b-main,main_00001_single_triangle_6d40503b2757,single_triangle,main_00001,20260325,True,37.42840155453519,2,37.42840155453519,1.3579999999999999
b-main,main_00001_single_triangle_6d40503b2757,single_triangle,main_00001,20260325,True,37.31598871706316,3,37.31598871706316,1.3172599999999999
b-main,main_00001_single_triangle_6d40503b2757,single_triangle,main_00001,20260325,True,37.27899465642694,4,37.27899465642694,1.2777421999999998
b-main,main_00001_single_triangle_6d40503b2757,single_triangle,main_00001,20260325,False,37.27899465642694,5,41.433555676610005,1.2394099339999998
b-main,main_00001_single_triangle_6d40503b2757,single_triangle,main_00001,20260325,True,37.27899465642694,6,38.48881280270988,1.2022276359799997
b-main,main_00001_single_triangle_6d40503b2757,single_triangle,main_00001,20260325,True,37.27899465642694,7,38.48881280270988,1.1661608069005998
b-main,main_00001_single_triangle_6d40503b2757,single_triangle,main_00001,20260325,False,37.27899465642694,8,41.19950531831318,1.1311759826935817
b-main,main_00001_single_triangle_6d40503b2757,single_triangle,main_00001,20260325,True,37.27899465642694,9,38.16465568879938,1.0972407032127742
b-main,main_00001_single_triangle_6d40503b2757,single_triangle,main_00001,20260325,True,37.27899465642694,10,38.118082870027884,1.064323482116391
b-main,main_00001_single_triangle_6d40503b2757,single_triangle,main_00001,20260325,True,35.922736991141996,11,35.922736991141996,1.0323937776528993
b-main,main_00001_single_triangle_6d40503b2757,single_triangle,main_00001,20260325,False,35.922736991141996,12,37.93255489003505,1.0014219643233122
b-main,main_00001_weighted_gini_restore_l050_0227ca720b57,weighted_gini_restore_l050,main_00001,20260325,True,1.5,1,1.5,1.4
b-main,main_00001_weighted_gini_restore_l050_0227ca720b57,weighted_gini_restore_l050,main_00001,20260325,True,1.3914503025369973,2,1.3914503025369973,1.3579999999999999
b-main,main_00001_weighted_gini_restore_l050_0227ca720b57,weighted_gini_restore_l050,main_00001,20260325,True,1.3886280228352341,3,1.3886280228352341,1.3172599999999999
b-main,main_00001_weighted_gini_restore_l050_0227ca720b57,weighted_gini_restore_l050,main_00001,20260325,True,1.3877476909790565,4,1.3877476909790565,1.2777421999999998
b-main,main_00001_weighted_gini_restore_l050_0227ca720b57,weighted_gini_restore_l050,main_00001,20260325,True,1.3877476909790565,5,1.4876141340927962,1.2394099339999998
b-main,main_00001_weighted_gini_restore_l050_0227ca720b57,weighted_gini_restore_l050,main_00001,20260325,True,1.3877476909790565,6,1.5161839649809368,1.2022276359799997
b-main,main_00001_weighted_gini_restore_l050_0227ca720b57,weighted_gini_restore_l050,main_00001,20260325,True,1.3877476909790565,7,1.5161839649809368,1.1661608069005998
b-main,main_00001_weighted_gini_restore_l050_0227ca720b57,weighted_gini_restore_l050,main_00001,20260325,False,1.3877476909790565,8,1.579710397768737,1.1311759826935817
b-main,main_00001_weighted_gini_restore_l050_0227ca720b57,weighted_gini_restore_l050,main_00001,20260325,True,1.3877476909790565,9,1.5124211663898848,1.0972407032127742
b-main,main_00001_weighted_gini_restore_l050_0227ca720b57,weighted_gini_restore_l050,main_00001,20260325,True,1.3877476909790565,10,1.5112853181377677,1.064323482116391
b-main,main_00001_weighted_gini_restore_l050_0227ca720b57,weighted_gini_restore_l050,main_00001,20260325,True,1.3877476909790565,11,1.457402154018876,1.0323937776528993
b-main,main_00001_weighted_gini_restore_l050_0227ca720b57,weighted_gini_restore_l050,main_00001,20260325,True,1.386721767562964,12,1.386721767562964,1.0014219643233122
b-main,main_00001_weighted_maximin_time_avg_cri_l050_3784c03ae5e1,weighted_maximin_time_avg_cri_l050,main_00001,20260325,True,1.5,1,1.5,1.4
b-main,main_00001_weighted_maximin_time_avg_cri_l050_3784c03ae5e1,weighted_maximin_time_avg_cri_l050,main_00001,20260325,True,1.3909056972252871,2,1.3909056972252871,1.3579999999999999
b-main,main_00001_weighted_maximin_time_avg_cri_l050_3784c03ae5e1,weighted_maximin_time_avg_cri_l050,main_00001,20260325,True,1.38738816704898,3,1.38738816704898,1.3172599999999999
b-main,main_00001_weighted_maximin_time_avg_cri_l050_3784c03ae5e1,weighted_maximin_time_avg_cri_l050,main_00001,20260325,True,1.386122088168823,4,1.386122088168823,1.2777421999999998
b-main,main_00001_weighted_maximin_time_avg_cri_l050_3784c03ae5e1,weighted_maximin_time_avg_cri_l050,main_00001,20260325,True,1.386122088168823,5,1.4852737414029533,1.2394099339999998
b-main,main_00001_weighted_maximin_time_avg_cri_l050_3784c03ae5e1,weighted_maximin_time_avg_cri_l050,main_00001,20260325,True,1.386122088168823,6,1.5146423456422347,1.2022276359799997
b-main,main_00001_weighted_maximin_time_avg_cri_l050_3784c03ae5e1,weighted_maximin_time_avg_cri_l050,main_00001,20260325,True,1.386122088168823,7,1.5146423456422347,1.1661608069005998
b-main,main_00001_weighted_maximin_time_avg_cri_l050_3784c03ae5e1,weighted_maximin_time_avg_cri_l050,main_00001,20260325,False,1.386122088168823,8,1.5510318449746707,1.1311759826935817
b-main,main_00001_weighted_maximin_time_avg_cri_l050_3784c03ae5e1,weighted_maximin_time_avg_cri_l050,main_00001,20260325,True,1.386122088168823,9,1.4877800652616797,1.0972407032127742
b-main,main_00001_weighted_maximin_time_avg_cri_l050_3784c03ae5e1,weighted_maximin_time_avg_cri_l050,main_00001,20260325,True,1.386122088168823,10,1.4864607295042982,1.064323482116391
b-main,main_00001_weighted_maximin_time_avg_cri_l050_3784c03ae5e1,weighted_maximin_time_avg_cri_l050,main_00001,20260325,True,1.386122088168823,11,1.4329118423703853,1.0323937776528993
b-main,main_00001_weighted_maximin_time_avg_cri_l050_3784c03ae5e1,weighted_maximin_time_avg_cri_l050,main_00001,20260325,True,1.386122088168823,12,1.5145101988700036,1.0014219643233122
b-main,main_00002_guardrail_gini_restore_679e6b2a0c36,guardrail_gini_restore,main_00002,20260326,False,49313.94915364497,1,49553.86862883506,1.4
b-main,main_00002_guardrail_gini_restore_679e6b2a0c36,guardrail_gini_restore,main_00002,20260326,True,48788.690855487854,2,48788.690855487854,1.3579999999999999
b-main,main_00002_guardrail_gini_restore_679e6b2a0c36,guardrail_gini_restore,main_00002,20260326,True,48786.46605753267,3,48786.46605753267,1.3172599999999999
b-main,main_00002_guardrail_gini_restore_679e6b2a0c36,guardrail_gini_restore,main_00002,20260326,True,48783.908617950525,4,48783.908617950525,1.2777421999999998
b-main,main_00002_guardrail_gini_restore_679e6b2a0c36,guardrail_gini_restore,main_00002,20260326,True,48767.3612267703,5,48767.3612267703,1.2394099339999998
b-main,main_00002_guardrail_gini_restore_679e6b2a0c36,guardrail_gini_restore,main_00002,20260326,False,48767.3612267703,6,48904.8941971417,1.2022276359799997
b-main,main_00002_guardrail_gini_restore_679e6b2a0c36,guardrail_gini_restore,main_00002,20260326,True,48722.68284230235,7,48722.68284230235,1.1661608069005998
b-main,main_00002_guardrail_gini_restore_679e6b2a0c36,guardrail_gini_restore,main_00002,20260326,False,48722.68284230235,8,50753.37677740979,1.1311759826935817
b-main,main_00002_guardrail_gini_restore_679e6b2a0c36,guardrail_gini_restore,main_00002,20260326,True,48683.27609213045,9,48683.27609213045,1.0972407032127742
b-main,main_00002_guardrail_gini_restore_679e6b2a0c36,guardrail_gini_restore,main_00002,20260326,True,47570.05577231136,10,47570.05577231136,1.064323482116391
b-main,main_00002_guardrail_gini_restore_679e6b2a0c36,guardrail_gini_restore,main_00002,20260326,False,47570.05577231136,11,47813.72529643535,1.0323937776528993
b-main,main_00002_guardrail_gini_restore_679e6b2a0c36,guardrail_gini_restore,main_00002,20260326,True,47388.15345899449,12,47388.15345899449,1.0014219643233122
b-main,main_00002_single_gini_restore_a16500aa4601,single_gini_restore,main_00002,20260326,True,0.9846954054056707,1,0.9849672561255973,1.4
b-main,main_00002_single_gini_restore_a16500aa4601,single_gini_restore,main_00002,20260326,True,0.9846954054056707,2,0.9850582088237374,1.3579999999999999
b-main,main_00002_single_gini_restore_a16500aa4601,single_gini_restore,main_00002,20260326,True,0.9846954054056707,3,0.9850582088237374,1.3172599999999999
b-main,main_00002_single_gini_restore_a16500aa4601,single_gini_restore,main_00002,20260326,True,0.9846954054056707,4,0.986435671965171,1.2777421999999998
b-main,main_00002_single_gini_restore_a16500aa4601,single_gini_restore,main_00002,20260326,True,0.9846954054056707,5,0.9864356895364783,1.2394099339999998
b-main,main_00002_single_gini_restore_a16500aa4601,single_gini_restore,main_00002,20260326,True,0.982662267397735,6,0.982662267397735,1.2022276359799997
b-main,main_00002_single_gini_restore_a16500aa4601,single_gini_restore,main_00002,20260326,True,0.982662267397735,7,0.9831585426410283,1.1661608069005998
b-main,main_00002_single_gini_restore_a16500aa4601,single_gini_restore,main_00002,20260326,True,0.982662267397735,8,0.9842031760214647,1.1311759826935817
b-main,main_00002_single_gini_restore_a16500aa4601,single_gini_restore,main_00002,20260326,True,0.982662267397735,9,0.9842126634496884,1.0972407032127742
b-main,main_00002_single_gini_restore_a16500aa4601,single_gini_restore,main_00002,20260326,True,0.9816392006676518,10,0.9816392006676518,1.064323482116391
b-main,main_00002_single_gini_restore_a16500aa4601,single_gini_restore,main_00002,20260326,True,0.9808120363175374,11,0.9808120363175374,1.0323937776528993
b-main,main_00002_single_gini_restore_a16500aa4601,single_gini_restore,main_00002,20260326,True,0.9808120363175374,12,0.9814294099756795,1.0014219643233122
b-main,main_00002_single_maximin_time_avg_cri_cccde0e8588f,single_maximin_time_avg_cri,main_00002,20260326,True,0.1513414215187877,1,0.1513414215187877,1.4
b-main,main_00002_single_maximin_time_avg_cri_cccde0e8588f,single_maximin_time_avg_cri,main_00002,20260326,True,0.1513414215187877,2,0.15142131875503162,1.3579999999999999
b-main,main_00002_single_maximin_time_avg_cri_cccde0e8588f,single_maximin_time_avg_cri,main_00002,20260326,True,0.1513414215187877,3,0.15142131875503162,1.3172599999999999
b-main,main_00002_single_maximin_time_avg_cri_cccde0e8588f,single_maximin_time_avg_cri,main_00002,20260326,True,0.1513414215187877,4,0.1513414215187877,1.2777421999999998
b-main,main_00002_single_maximin_time_avg_cri_cccde0e8588f,single_maximin_time_avg_cri,main_00002,20260326,True,0.15130082299020342,5,0.15130082299020342,1.2394099339999998
b-main,main_00002_single_maximin_time_avg_cri_cccde0e8588f,single_maximin_time_avg_cri,main_00002,20260326,True,0.15130082299020342,6,0.1513537391745018,1.2022276359799997
b-main,main_00002_single_maximin_time_avg_cri_cccde0e8588f,single_maximin_time_avg_cri,main_00002,20260326,True,0.1040097211311013,7,0.1040097211311013,1.1661608069005998
b-main,main_00002_single_maximin_time_avg_cri_cccde0e8588f,single_maximin_time_avg_cri,main_00002,20260326,True,0.1040097211311013,8,0.10402053626263741,1.1311759826935817
b-main,main_00002_single_maximin_time_avg_cri_cccde0e8588f,single_maximin_time_avg_cri,main_00002,20260326,True,0.1040097211311013,9,0.1517448493072432,1.0972407032127742
b-main,main_00002_single_maximin_time_avg_cri_cccde0e8588f,single_maximin_time_avg_cri,main_00002,20260326,True,0.1040097211311013,10,0.15339483335452986,1.064323482116391
b-main,main_00002_single_maximin_time_avg_cri_cccde0e8588f,single_maximin_time_avg_cri,main_00002,20260326,True,0.09695261282818501,11,0.09695261282818501,1.0323937776528993
b-main,main_00002_single_maximin_time_avg_cri_cccde0e8588f,single_maximin_time_avg_cri,main_00002,20260326,True,0.09695261282818501,12,0.12386628624665363,1.0014219643233122
b-main,main_00002_single_p90_access_restore_ec75f0f9dde6,single_p90_access_restore,main_00002,20260326,True,0.0,1,0.0,1.4
b-main,main_00002_single_p90_access_restore_ec75f0f9dde6,single_p90_access_restore,main_00002,20260326,True,0.0,2,0.0,1.3579999999999999
b-main,main_00002_single_p90_access_restore_ec75f0f9dde6,single_p90_access_restore,main_00002,20260326,True,0.0,3,0.0,1.3172599999999999
b-main,main_00002_single_p90_access_restore_ec75f0f9dde6,single_p90_access_restore,main_00002,20260326,True,0.0,4,0.0,1.2777421999999998
b-main,main_00002_single_p90_access_restore_ec75f0f9dde6,single_p90_access_restore,main_00002,20260326,True,0.0,5,0.0,1.2394099339999998
b-main,main_00002_single_p90_access_restore_ec75f0f9dde6,single_p90_access_restore,main_00002,20260326,True,0.0,6,0.0,1.2022276359799997
b-main,main_00002_single_p90_access_restore_ec75f0f9dde6,single_p90_access_restore,main_00002,20260326,True,0.0,7,0.0,1.1661608069005998
b-main,main_00002_single_p90_access_restore_ec75f0f9dde6,single_p90_access_restore,main_00002,20260326,True,0.0,8,0.0,1.1311759826935817
b-main,main_00002_single_p90_access_restore_ec75f0f9dde6,single_p90_access_restore,main_00002,20260326,True,0.0,9,0.0,1.0972407032127742
b-main,main_00002_single_p90_access_restore_ec75f0f9dde6,single_p90_access_restore,main_00002,20260326,True,0.0,10,0.0,1.064323482116391
b-main,main_00002_single_p90_access_restore_ec75f0f9dde6,single_p90_access_restore,main_00002,20260326,True,0.0,11,0.0,1.0323937776528993
b-main,main_00002_single_p90_access_restore_ec75f0f9dde6,single_p90_access_restore,main_00002,20260326,True,0.0,12,0.0,1.0014219643233122
b-main,main_00002_single_triangle_f56df0ee93fe,single_triangle,main_00002,20260326,True,47.24763862487064,1,47.24763862487064,1.4
b-main,main_00002_single_triangle_f56df0ee93fe,single_triangle,main_00002,20260326,False,47.24763862487064,2,71.89321221730458,1.3579999999999999
b-main,main_00002_single_triangle_f56df0ee93fe,single_triangle,main_00002,20260326,True,47.24763862487064,3,47.24763862487064,1.3172599999999999
b-main,main_00002_single_triangle_f56df0ee93fe,single_triangle,main_00002,20260326,False,47.24763862487064,4,71.89321221730458,1.2777421999999998
b-main,main_00002_single_triangle_f56df0ee93fe,single_triangle,main_00002,20260326,True,47.24763862487064,5,47.29981061486186,1.2394099339999998
b-main,main_00002_single_triangle_f56df0ee93fe,single_triangle,main_00002,20260326,True,25.432674283188536,6,25.432674283188536,1.2022276359799997
b-main,main_00002_single_triangle_f56df0ee93fe,single_triangle,main_00002,20260326,False,25.432674283188536,7,28.680259766661546,1.1661608069005998
b-main,main_00002_single_triangle_f56df0ee93fe,single_triangle,main_00002,20260326,True,25.09987842736713,8,25.09987842736713,1.1311759826935817
b-main,main_00002_single_triangle_f56df0ee93fe,single_triangle,main_00002,20260326,True,24.195121166038856,9,24.195121166038856,1.0972407032127742
b-main,main_00002_single_triangle_f56df0ee93fe,single_triangle,main_00002,20260326,True,21.999006993788974,10,21.999006993788974,1.064323482116391
b-main,main_00002_single_triangle_f56df0ee93fe,single_triangle,main_00002,20260326,True,21.999006993788974,11,21.999006993788974,1.0323937776528993
b-main,main_00002_single_triangle_f56df0ee93fe,single_triangle,main_00002,20260326,False,21.999006993788974,12,25.420035476306598,1.0014219643233122
b-main,main_00002_weighted_gini_restore_l050_90b27c6f821e,weighted_gini_restore_l050,main_00002,20260326,True,1.0968582317825413,1,1.0968582317825413,1.4
b-main,main_00002_weighted_gini_restore_l050_90b27c6f821e,weighted_gini_restore_l050,main_00002,20260326,True,1.0968582317825413,2,1.4089040168086333,1.3579999999999999
b-main,main_00002_weighted_gini_restore_l050_90b27c6f821e,weighted_gini_restore_l050,main_00002,20260326,True,1.0968582317825413,3,1.4089040168086333,1.3172599999999999
b-main,main_00002_weighted_gini_restore_l050_90b27c6f821e,weighted_gini_restore_l050,main_00002,20260326,True,1.0968582317825413,4,1.0968582317825413,1.2777421999999998
b-main,main_00002_weighted_gini_restore_l050_90b27c6f821e,weighted_gini_restore_l050,main_00002,20260326,False,1.0968582317825413,5,1.1550013269713957,1.2394099339999998
b-main,main_00002_weighted_gini_restore_l050_90b27c6f821e,weighted_gini_restore_l050,main_00002,20260326,False,1.0968582317825413,6,1.247071684081976,1.2022276359799997
b-main,main_00002_weighted_gini_restore_l050_90b27c6f821e,weighted_gini_restore_l050,main_00002,20260326,True,0.9240178789082242,7,0.9240178789082242,1.1661608069005998
b-main,main_00002_weighted_gini_restore_l050_90b27c6f821e,weighted_gini_restore_l050,main_00002,20260326,True,0.9108817570923742,8,0.9108817570923742,1.1311759826935817
b-main,main_00002_weighted_gini_restore_l050_90b27c6f821e,weighted_gini_restore_l050,main_00002,20260326,True,0.8539727445558021,9,0.8539727445558021,1.0972407032127742
b-main,main_00002_weighted_gini_restore_l050_90b27c6f821e,weighted_gini_restore_l050,main_00002,20260326,True,0.8539727445558021,10,1.0560423098527276,1.064323482116391
b-main,main_00002_weighted_gini_restore_l050_90b27c6f821e,weighted_gini_restore_l050,main_00002,20260326,True,0.8539727445558021,11,0.9900563666656255,1.0323937776528993
b-main,main_00002_weighted_gini_restore_l050_90b27c6f821e,weighted_gini_restore_l050,main_00002,20260326,True,0.8539727445558021,12,0.9900563666656255,1.0014219643233122
b-main,main_00002_weighted_maximin_time_avg_cri_l050_a43d1c12f7b4,weighted_maximin_time_avg_cri_l050,main_00002,20260326,True,1.0964311320745388,1,1.0964311320745388,1.4
b-main,main_00002_weighted_maximin_time_avg_cri_l050_a43d1c12f7b4,weighted_maximin_time_avg_cri_l050,main_00002,20260326,True,1.0964311320745388,2,1.4079594184183155,1.3579999999999999
b-main,main_00002_weighted_maximin_time_avg_cri_l050_a43d1c12f7b4,weighted_maximin_time_avg_cri_l050,main_00002,20260326,True,1.0964311320745388,3,1.4079594184183155,1.3172599999999999
b-main,main_00002_weighted_maximin_time_avg_cri_l050_a43d1c12f7b4,weighted_maximin_time_avg_cri_l050,main_00002,20260326,True,1.0964311320745388,4,1.0964311320745388,1.2777421999999998
b-main,main_00002_weighted_maximin_time_avg_cri_l050_a43d1c12f7b4,weighted_maximin_time_avg_cri_l050,main_00002,20260326,False,1.0964311320745388,5,1.1543350973655464,1.2394099339999998
b-main,main_00002_weighted_maximin_time_avg_cri_l050_a43d1c12f7b4,weighted_maximin_time_avg_cri_l050,main_00002,20260326,False,1.0964311320745388,6,1.2472531594372427,1.2022276359799997
b-main,main_00002_weighted_maximin_time_avg_cri_l050_a43d1c12f7b4,weighted_maximin_time_avg_cri_l050,main_00002,20260326,True,0.9234505035393846,7,0.9234505035393846,1.1661608069005998
b-main,main_00002_weighted_maximin_time_avg_cri_l050_a43d1c12f7b4,weighted_maximin_time_avg_cri_l050,main_00002,20260326,True,0.9103258254171773,8,0.9103258254171773,1.1311759826935817
b-main,main_00002_weighted_maximin_time_avg_cri_l050_a43d1c12f7b4,weighted_maximin_time_avg_cri_l050,main_00002,20260326,True,0.8515984162036125,9,0.8515984162036125,1.0972407032127742
b-main,main_00002_weighted_maximin_time_avg_cri_l050_a43d1c12f7b4,weighted_maximin_time_avg_cri_l050,main_00002,20260326,True,0.8515984162036125,10,1.061065523516148,1.064323482116391
b-main,main_00002_weighted_maximin_time_avg_cri_l050_a43d1c12f7b4,weighted_maximin_time_avg_cri_l050,main_00002,20260326,True,0.8515984162036125,11,0.9054634083472262,1.0323937776528993
b-main,main_00002_weighted_maximin_time_avg_cri_l050_a43d1c12f7b4,weighted_maximin_time_avg_cri_l050,main_00002,20260326,True,0.8515984162036125,12,0.9054634083472262,1.0014219643233122
b-main,main_00003_guardrail_gini_restore_64bf5627bcdc,guardrail_gini_restore,main_00003,20260327,False,47404.59184492008,1,47462.410383073366,1.4
b-main,main_00003_guardrail_gini_restore_64bf5627bcdc,guardrail_gini_restore,main_00003,20260327,False,47404.59184492008,2,47548.703278965244,1.3579999999999999
b-main,main_00003_guardrail_gini_restore_64bf5627bcdc,guardrail_gini_restore,main_00003,20260327,True,47222.93358879147,3,47222.93358879147,1.3172599999999999
b-main,main_00003_guardrail_gini_restore_64bf5627bcdc,guardrail_gini_restore,main_00003,20260327,False,47222.93358879147,4,47611.78371998324,1.2777421999999998
b-main,main_00003_guardrail_gini_restore_64bf5627bcdc,guardrail_gini_restore,main_00003,20260327,False,47222.93358879147,5,49967.674843137494,1.2394099339999998
b-main,main_00003_guardrail_gini_restore_64bf5627bcdc,guardrail_gini_restore,main_00003,20260327,True,47198.61722083871,6,47198.61722083871,1.2022276359799997
b-main,main_00003_guardrail_gini_restore_64bf5627bcdc,guardrail_gini_restore,main_00003,20260327,True,44272.86957016199,7,44272.86957016199,1.1661608069005998
b-main,main_00003_guardrail_gini_restore_64bf5627bcdc,guardrail_gini_restore,main_00003,20260327,False,44272.86957016199,8,44495.69414255451,1.1311759826935817
b-main,main_00003_guardrail_gini_restore_64bf5627bcdc,guardrail_gini_restore,main_00003,20260327,True,42125.49251664491,9,42125.49251664491,1.0972407032127742
b-main,main_00003_guardrail_gini_restore_64bf5627bcdc,guardrail_gini_restore,main_00003,20260327,False,42125.49251664491,10,42163.60216616476,1.064323482116391
b-main,main_00003_guardrail_gini_restore_64bf5627bcdc,guardrail_gini_restore,main_00003,20260327,False,42125.49251664491,11,42311.427120852444,1.0323937776528993
b-main,main_00003_guardrail_gini_restore_64bf5627bcdc,guardrail_gini_restore,main_00003,20260327,False,42125.49251664491,12,48009.67117126157,1.0014219643233122
b-main,main_00003_single_gini_restore_f05395094684,single_gini_restore,main_00003,20260327,True,0.9478965380656907,1,0.9479542546011592,1.4
b-main,main_00003_single_gini_restore_f05395094684,single_gini_restore,main_00003,20260327,True,0.9478965380656907,2,0.9481003198159539,1.3579999999999999
b-main,main_00003_single_gini_restore_f05395094684,single_gini_restore,main_00003,20260327,True,0.9478965380656907,3,0.9489693476734131,1.3172599999999999
b-main,main_00003_single_gini_restore_f05395094684,single_gini_restore,main_00003,20260327,True,0.9478965380656907,4,0.9496865125241643,1.2777421999999998
b-main,main_00003_single_gini_restore_f05395094684,single_gini_restore,main_00003,20260327,True,0.9478965380656907,5,0.9499537399456872,1.2394099339999998
b-main,main_00003_single_gini_restore_f05395094684,single_gini_restore,main_00003,20260327,True,0.9459143768702447,6,0.9459143768702447,1.2022276359799997
b-main,main_00003_single_gini_restore_f05395094684,single_gini_restore,main_00003,20260327,True,0.9442697250077181,7,0.9442697250077181,1.1661608069005998
b-main,main_00003_single_gini_restore_f05395094684,single_gini_restore,main_00003,20260327,True,0.9434381646945018,8,0.9434381646945018,1.1311759826935817
b-main,main_00003_single_gini_restore_f05395094684,single_gini_restore,main_00003,20260327,True,0.9422029754448729,9,0.9422029754448729,1.0972407032127742
b-main,main_00003_single_gini_restore_f05395094684,single_gini_restore,main_00003,20260327,True,0.9422029754448729,10,0.9422029754448729,1.064323482116391
b-main,main_00003_single_gini_restore_f05395094684,single_gini_restore,main_00003,20260327,True,0.9422029754448729,11,0.943083074220405,1.0323937776528993
b-main,main_00003_single_gini_restore_f05395094684,single_gini_restore,main_00003,20260327,True,0.9422029754448729,12,0.9461737746610004,1.0014219643233122
b-main,main_00003_single_maximin_time_avg_cri_df477d6040b4,single_maximin_time_avg_cri,main_00003,20260327,True,0.13207457381540944,1,0.1321893538238893,1.4
b-main,main_00003_single_maximin_time_avg_cri_df477d6040b4,single_maximin_time_avg_cri,main_00003,20260327,True,0.13207457381540944,2,0.14728022629947135,1.3579999999999999
b-main,main_00003_single_maximin_time_avg_cri_df477d6040b4,single_maximin_time_avg_cri,main_00003,20260327,True,0.13207457381540944,3,0.14791593870966357,1.3172599999999999
b-main,main_00003_single_maximin_time_avg_cri_df477d6040b4,single_maximin_time_avg_cri,main_00003,20260327,True,0.09727719439777816,4,0.09727719439777816,1.2777421999999998
b-main,main_00003_single_maximin_time_avg_cri_df477d6040b4,single_maximin_time_avg_cri,main_00003,20260327,True,0.09727719439777816,5,0.11193115392081343,1.2394099339999998
b-main,main_00003_single_maximin_time_avg_cri_df477d6040b4,single_maximin_time_avg_cri,main_00003,20260327,False,0.09727719439777816,6,0.2013826722210066,1.2022276359799997
b-main,main_00003_single_maximin_time_avg_cri_df477d6040b4,single_maximin_time_avg_cri,main_00003,20260327,True,0.08898441774881583,7,0.08898441774881583,1.1661608069005998
b-main,main_00003_single_maximin_time_avg_cri_df477d6040b4,single_maximin_time_avg_cri,main_00003,20260327,True,0.0875981811926062,8,0.0875981811926062,1.1311759826935817
b-main,main_00003_single_maximin_time_avg_cri_df477d6040b4,single_maximin_time_avg_cri,main_00003,20260327,True,0.0875981811926062,9,0.12775564715579546,1.0972407032127742
b-main,main_00003_single_maximin_time_avg_cri_df477d6040b4,single_maximin_time_avg_cri,main_00003,20260327,True,0.0875981811926062,10,0.11915833837423306,1.064323482116391
b-main,main_00003_single_maximin_time_avg_cri_df477d6040b4,single_maximin_time_avg_cri,main_00003,20260327,True,0.0875981811926062,11,0.14929550498845479,1.0323937776528993
b-main,main_00003_single_maximin_time_avg_cri_df477d6040b4,single_maximin_time_avg_cri,main_00003,20260327,True,0.0875981811926062,12,0.1573861402115082,1.0014219643233122
b-main,main_00003_single_p90_access_restore_a0ad46fef552,single_p90_access_restore,main_00003,20260327,True,0.0,1,0.0,1.4
b-main,main_00003_single_p90_access_restore_a0ad46fef552,single_p90_access_restore,main_00003,20260327,True,0.0,2,0.0,1.3579999999999999
b-main,main_00003_single_p90_access_restore_a0ad46fef552,single_p90_access_restore,main_00003,20260327,True,0.0,3,0.0,1.3172599999999999
b-main,main_00003_single_p90_access_restore_a0ad46fef552,single_p90_access_restore,main_00003,20260327,True,0.0,4,0.0,1.2777421999999998
b-main,main_00003_single_p90_access_restore_a0ad46fef552,single_p90_access_restore,main_00003,20260327,True,0.0,5,0.0,1.2394099339999998
b-main,main_00003_single_p90_access_restore_a0ad46fef552,single_p90_access_restore,main_00003,20260327,True,0.0,6,0.0,1.2022276359799997
b-main,main_00003_single_p90_access_restore_a0ad46fef552,single_p90_access_restore,main_00003,20260327,True,0.0,7,0.0,1.1661608069005998
b-main,main_00003_single_p90_access_restore_a0ad46fef552,single_p90_access_restore,main_00003,20260327,True,0.0,8,0.0,1.1311759826935817
b-main,main_00003_single_p90_access_restore_a0ad46fef552,single_p90_access_restore,main_00003,20260327,True,0.0,9,0.0,1.0972407032127742
b-main,main_00003_single_p90_access_restore_a0ad46fef552,single_p90_access_restore,main_00003,20260327,True,0.0,10,0.0,1.064323482116391
b-main,main_00003_single_p90_access_restore_a0ad46fef552,single_p90_access_restore,main_00003,20260327,True,0.0,11,0.0,1.0323937776528993
b-main,main_00003_single_p90_access_restore_a0ad46fef552,single_p90_access_restore,main_00003,20260327,True,0.0,12,0.0,1.0014219643233122
b-main,main_00003_single_triangle_fd5fb4bed6ae,single_triangle,main_00003,20260327,True,9.764941635523805,1,9.866944320318044,1.4
b-main,main_00003_single_triangle_fd5fb4bed6ae,single_triangle,main_00003,20260327,True,7.517670146808486,2,7.517670146808486,1.3579999999999999
b-main,main_00003_single_triangle_fd5fb4bed6ae,single_triangle,main_00003,20260327,True,7.517670146808486,3,7.536404417025674,1.3172599999999999
b-main,main_00003_single_triangle_fd5fb4bed6ae,single_triangle,main_00003,20260327,False,7.517670146808486,4,8.860641551428435,1.2777421999999998
b-main,main_00003_single_triangle_fd5fb4bed6ae,single_triangle,main_00003,20260327,False,7.517670146808486,5,26.612161208107857,1.2394099339999998
b-main,main_00003_single_triangle_fd5fb4bed6ae,single_triangle,main_00003,20260327,True,7.517670146808486,6,7.735160018737552,1.2022276359799997
b-main,main_00003_single_triangle_fd5fb4bed6ae,single_triangle,main_00003,20260327,False,7.517670146808486,7,13.76302081679533,1.1661608069005998
b-main,main_00003_single_triangle_fd5fb4bed6ae,single_triangle,main_00003,20260327,True,6.235130745507225,8,6.235130745507225,1.1311759826935817
b-main,main_00003_single_triangle_fd5fb4bed6ae,single_triangle,main_00003,20260327,True,6.231821520270419,9,6.231821520270419,1.0972407032127742
b-main,main_00003_single_triangle_fd5fb4bed6ae,single_triangle,main_00003,20260327,False,6.231821520270419,10,10.177748990271903,1.064323482116391
b-main,main_00003_single_triangle_fd5fb4bed6ae,single_triangle,main_00003,20260327,True,5.601885546436609,11,5.601885546436609,1.0323937776528993
b-main,main_00003_single_triangle_fd5fb4bed6ae,single_triangle,main_00003,20260327,True,5.374280961537016,12,5.374280961537016,1.0014219643233122
b-main,main_00003_weighted_gini_restore_l050_92e6204d904f,weighted_gini_restore_l050,main_00003,20260327,True,1.5,1,1.5104762504174163,1.4
b-main,main_00003_weighted_gini_restore_l050_92e6204d904f,weighted_gini_restore_l050,main_00003,20260327,True,1.2699707869466956,2,1.2699707869466956,1.3579999999999999
b-main,main_00003_weighted_gini_restore_l050_92e6204d904f,weighted_gini_restore_l050,main_00003,20260327,True,1.2699707869466956,3,1.2718995524585024,1.3172599999999999
b-main,main_00003_weighted_gini_restore_l050_92e6204d904f,weighted_gini_restore_l050,main_00003,20260327,True,1.2699707869466956,4,1.4081035773684727,1.2777421999999998
b-main,main_00003_weighted_gini_restore_l050_92e6204d904f,weighted_gini_restore_l050,main_00003,20260327,True,1.2699707869466956,5,3.3839948530266724,1.2394099339999998
b-main,main_00003_weighted_gini_restore_l050_92e6204d904f,weighted_gini_restore_l050,main_00003,20260327,True,1.2699707869466956,6,3.404624343718153,1.2022276359799997
b-main,main_00003_weighted_gini_restore_l050_92e6204d904f,weighted_gini_restore_l050,main_00003,20260327,True,1.2699707869466956,7,2.847772060184643,1.1661608069005998
b-main,main_00003_weighted_gini_restore_l050_92e6204d904f,weighted_gini_restore_l050,main_00003,20260327,True,1.2699707869466956,8,1.3724837413876205,1.1311759826935817
b-main,main_00003_weighted_gini_restore_l050_92e6204d904f,weighted_gini_restore_l050,main_00003,20260327,True,1.2699707869466956,9,1.3720511722152584,1.0972407032127742
b-main,main_00003_weighted_gini_restore_l050_92e6204d904f,weighted_gini_restore_l050,main_00003,20260327,True,1.2699707869466956,10,1.8027410902284844,1.064323482116391
b-main,main_00003_weighted_gini_restore_l050_92e6204d904f,weighted_gini_restore_l050,main_00003,20260327,True,1.2699707869466956,11,1.7566957442023807,1.0323937776528993
b-main,main_00003_weighted_gini_restore_l050_92e6204d904f,weighted_gini_restore_l050,main_00003,20260327,True,1.2699707869466956,12,1.980252981482,1.0014219643233122
b-main,main_00003_weighted_maximin_time_avg_cri_l050_7f627b6fd50b,weighted_maximin_time_avg_cri_l050,main_00003,20260327,True,1.5,1,1.510880333155943,1.4
b-main,main_00003_weighted_maximin_time_avg_cri_l050_7f627b6fd50b,weighted_maximin_time_avg_cri_l050,main_00003,20260327,True,1.3274279425609512,2,1.3274279425609512,1.3579999999999999
b-main,main_00003_weighted_maximin_time_avg_cri_l050_7f627b6fd50b,weighted_maximin_time_avg_cri_l050,main_00003,20260327,True,1.3274279425609512,3,1.3294651971810443,1.3172599999999999
b-main,main_00003_weighted_maximin_time_avg_cri_l050_7f627b6fd50b,weighted_maximin_time_avg_cri_l050,main_00003,20260327,True,1.3274279425609512,4,1.4426878590017291,1.2777421999999998
b-main,main_00003_weighted_maximin_time_avg_cri_l050_7f627b6fd50b,weighted_maximin_time_avg_cri_l050,main_00003,20260327,True,1.3274279425609512,5,3.3969641037661127,1.2394099339999998
b-main,main_00003_weighted_maximin_time_avg_cri_l050_7f627b6fd50b,weighted_maximin_time_avg_cri_l050,main_00003,20260327,True,1.3274279425609512,6,3.4214882085979186,1.2022276359799997
b-main,main_00003_weighted_maximin_time_avg_cri_l050_7f627b6fd50b,weighted_maximin_time_avg_cri_l050,main_00003,20260327,True,1.3274279425609512,7,2.8689556968382663,1.1661608069005998
b-main,main_00003_weighted_maximin_time_avg_cri_l050_7f627b6fd50b,weighted_maximin_time_avg_cri_l050,main_00003,20260327,True,1.3274279425609512,8,1.4230961327441034,1.1311759826935817
b-main,main_00003_weighted_maximin_time_avg_cri_l050_7f627b6fd50b,weighted_maximin_time_avg_cri_l050,main_00003,20260327,True,1.3274279425609512,9,1.42272930235944,1.0972407032127742
b-main,main_00003_weighted_maximin_time_avg_cri_l050_7f627b6fd50b,weighted_maximin_time_avg_cri_l050,main_00003,20260327,True,1.3274279425609512,10,1.8531538877942288,1.064323482116391
b-main,main_00003_weighted_maximin_time_avg_cri_l050_7f627b6fd50b,weighted_maximin_time_avg_cri_l050,main_00003,20260327,True,1.3274279425609512,11,1.7868041315475978,1.0323937776528993
b-main,main_00003_weighted_maximin_time_avg_cri_l050_7f627b6fd50b,weighted_maximin_time_avg_cri_l050,main_00003,20260327,True,1.3274279425609512,12,2.123845053888838,1.0014219643233122
b-main,main_00004_guardrail_gini_restore_af883e419b48,guardrail_gini_restore,main_00004,20260328,True,44685.082300337526,1,44685.082300337526,1.4
b-main,main_00004_guardrail_gini_restore_af883e419b48,guardrail_gini_restore,main_00004,20260328,False,44685.082300337526,2,46908.625901265514,1.3579999999999999
b-main,main_00004_guardrail_gini_restore_af883e419b48,guardrail_gini_restore,main_00004,20260328,True,44685.082300337526,3,44685.082300337526,1.3172599999999999
b-main,main_00004_guardrail_gini_restore_af883e419b48,guardrail_gini_restore,main_00004,20260328,False,44685.082300337526,4,46908.625901265514,1.2777421999999998
b-main,main_00004_guardrail_gini_restore_af883e419b48,guardrail_gini_restore,main_00004,20260328,False,44685.082300337526,5,44686.44958083394,1.2394099339999998
b-main,main_00004_guardrail_gini_restore_af883e419b48,guardrail_gini_restore,main_00004,20260328,False,44685.082300337526,6,48401.13532218941,1.2022276359799997
b-main,main_00004_guardrail_gini_restore_af883e419b48,guardrail_gini_restore,main_00004,20260328,False,44685.082300337526,7,44687.04211274383,1.1661608069005998
b-main,main_00004_guardrail_gini_restore_af883e419b48,guardrail_gini_restore,main_00004,20260328,True,44608.59027416239,8,44608.59027416239,1.1311759826935817
b-main,main_00004_guardrail_gini_restore_af883e419b48,guardrail_gini_restore,main_00004,20260328,True,38873.40493691381,9,38873.40493691381,1.0972407032127742
b-main,main_00004_guardrail_gini_restore_af883e419b48,guardrail_gini_restore,main_00004,20260328,False,38873.40493691381,10,39114.37067405878,1.064323482116391
b-main,main_00004_guardrail_gini_restore_af883e419b48,guardrail_gini_restore,main_00004,20260328,False,38873.40493691381,11,39497.21461984064,1.0323937776528993
b-main,main_00004_guardrail_gini_restore_af883e419b48,guardrail_gini_restore,main_00004,20260328,True,36395.63482647686,12,36395.63482647686,1.0014219643233122
b-main,main_00004_single_gini_restore_b2414afa598d,single_gini_restore,main_00004,20260328,True,0.9539232313726385,1,0.9539232313726385,1.4
b-main,main_00004_single_gini_restore_b2414afa598d,single_gini_restore,main_00004,20260328,True,0.9539232313726385,2,0.9561448558466159,1.3579999999999999
b-main,main_00004_single_gini_restore_b2414afa598d,single_gini_restore,main_00004,20260328,True,0.9539232313726385,3,0.9561448558466159,1.3172599999999999
b-main,main_00004_single_gini_restore_b2414afa598d,single_gini_restore,main_00004,20260328,True,0.9539232313726385,4,0.9539232313726385,1.2777421999999998
b-main,main_00004_single_gini_restore_b2414afa598d,single_gini_restore,main_00004,20260328,True,0.9456084780646596,5,0.9456084780646596,1.2394099339999998
b-main,main_00004_single_gini_restore_b2414afa598d,single_gini_restore,main_00004,20260328,True,0.9452252878471914,6,0.9452252878471914,1.2022276359799997
b-main,main_00004_single_gini_restore_b2414afa598d,single_gini_restore,main_00004,20260328,True,0.9452252878471914,7,0.9473946033647835,1.1661608069005998
b-main,main_00004_single_gini_restore_b2414afa598d,single_gini_restore,main_00004,20260328,True,0.9452252878471914,8,0.9473918288496825,1.1311759826935817
b-main,main_00004_single_gini_restore_b2414afa598d,single_gini_restore,main_00004,20260328,True,0.9428104694087234,9,0.9428104694087234,1.0972407032127742
b-main,main_00004_single_gini_restore_b2414afa598d,single_gini_restore,main_00004,20260328,True,0.9418304287024091,10,0.9418304287024091,1.064323482116391
b-main,main_00004_single_gini_restore_b2414afa598d,single_gini_restore,main_00004,20260328,True,0.9418304287024091,11,0.9434876564595882,1.0323937776528993
b-main,main_00004_single_gini_restore_b2414afa598d,single_gini_restore,main_00004,20260328,True,0.9418304287024091,12,0.9444082177044695,1.0014219643233122
b-main,main_00004_single_maximin_time_avg_cri_f39b1586a340,single_maximin_time_avg_cri,main_00004,20260328,True,0.2089983410326237,1,0.2089983410326237,1.4
b-main,main_00004_single_maximin_time_avg_cri_f39b1586a340,single_maximin_time_avg_cri,main_00004,20260328,True,0.2089983410326237,2,0.4152525993718078,1.3579999999999999
b-main,main_00004_single_maximin_time_avg_cri_f39b1586a340,single_maximin_time_avg_cri,main_00004,20260328,True,0.2089983410326237,3,0.4152525993718078,1.3172599999999999
b-main,main_00004_single_maximin_time_avg_cri_f39b1586a340,single_maximin_time_avg_cri,main_00004,20260328,True,0.2089983410326237,4,0.2089983410326237,1.2777421999999998
b-main,main_00004_single_maximin_time_avg_cri_f39b1586a340,single_maximin_time_avg_cri,main_00004,20260328,True,0.2089983410326237,5,0.2403447904576197,1.2394099339999998
b-main,main_00004_single_maximin_time_avg_cri_f39b1586a340,single_maximin_time_avg_cri,main_00004,20260328,True,0.2089983410326237,6,0.23971364256896133,1.2022276359799997
b-main,main_00004_single_maximin_time_avg_cri_f39b1586a340,single_maximin_time_avg_cri,main_00004,20260328,True,0.2089983410326237,7,0.28310613555144926,1.1661608069005998
b-main,main_00004_single_maximin_time_avg_cri_f39b1586a340,single_maximin_time_avg_cri,main_00004,20260328,True,0.2089983410326237,8,0.28301370126985126,1.1311759826935817
b-main,main_00004_single_maximin_time_avg_cri_f39b1586a340,single_maximin_time_avg_cri,main_00004,20260328,True,0.2089983410326237,9,0.2776613635824752,1.0972407032127742
b-main,main_00004_single_maximin_time_avg_cri_f39b1586a340,single_maximin_time_avg_cri,main_00004,20260328,True,0.2089983410326237,10,0.3067303185900706,1.064323482116391
b-main,main_00004_single_maximin_time_avg_cri_f39b1586a340,single_maximin_time_avg_cri,main_00004,20260328,True,0.2089983410326237,11,0.27103330837689,1.0323937776528993
b-main,main_00004_single_maximin_time_avg_cri_f39b1586a340,single_maximin_time_avg_cri,main_00004,20260328,True,0.2089983410326237,12,0.27103330837689,1.0014219643233122
b-main,main_00004_single_p90_access_restore_510349ec335f,single_p90_access_restore,main_00004,20260328,True,0.0,1,0.0,1.4
b-main,main_00004_single_p90_access_restore_510349ec335f,single_p90_access_restore,main_00004,20260328,True,0.0,2,0.0,1.3579999999999999
b-main,main_00004_single_p90_access_restore_510349ec335f,single_p90_access_restore,main_00004,20260328,True,0.0,3,0.0,1.3172599999999999
b-main,main_00004_single_p90_access_restore_510349ec335f,single_p90_access_restore,main_00004,20260328,True,0.0,4,0.0,1.2777421999999998
b-main,main_00004_single_p90_access_restore_510349ec335f,single_p90_access_restore,main_00004,20260328,True,0.0,5,0.0,1.2394099339999998
b-main,main_00004_single_p90_access_restore_510349ec335f,single_p90_access_restore,main_00004,20260328,True,0.0,6,0.0,1.2022276359799997
b-main,main_00004_single_p90_access_restore_510349ec335f,single_p90_access_restore,main_00004,20260328,True,0.0,7,0.0,1.1661608069005998
b-main,main_00004_single_p90_access_restore_510349ec335f,single_p90_access_restore,main_00004,20260328,True,0.0,8,0.0,1.1311759826935817
b-main,main_00004_single_p90_access_restore_510349ec335f,single_p90_access_restore,main_00004,20260328,True,0.0,9,0.0,1.0972407032127742
b-main,main_00004_single_p90_access_restore_510349ec335f,single_p90_access_restore,main_00004,20260328,True,0.0,10,0.0,1.064323482116391
b-main,main_00004_single_p90_access_restore_510349ec335f,single_p90_access_restore,main_00004,20260328,True,0.0,11,0.0,1.0323937776528993
b-main,main_00004_single_p90_access_restore_510349ec335f,single_p90_access_restore,main_00004,20260328,True,0.0,12,0.0,1.0014219643233122
b-main,main_00004_single_triangle_3c42485aec02,single_triangle,main_00004,20260328,True,18.634122144538317,1,18.634122144538317,1.4
b-main,main_00004_single_triangle_3c42485aec02,single_triangle,main_00004,20260328,True,18.634122144538317,2,20.55324909508262,1.3579999999999999
b-main,main_00004_single_triangle_3c42485aec02,single_triangle,main_00004,20260328,True,18.634122144538317,3,20.55324909508262,1.3172599999999999
b-main,main_00004_single_triangle_3c42485aec02,single_triangle,main_00004,20260328,True,18.634122144538317,4,18.634122144538317,1.2777421999999998
b-main,main_00004_single_triangle_3c42485aec02,single_triangle,main_00004,20260328,False,18.634122144538317,5,19.897562280470947,1.2394099339999998
b-main,main_00004_single_triangle_3c42485aec02,single_triangle,main_00004,20260328,True,18.634122144538317,6,18.66850163615642,1.2022276359799997
b-main,main_00004_single_triangle_3c42485aec02,single_triangle,main_00004,20260328,True,18.634122144538317,7,20.46703548585332,1.1661608069005998
b-main,main_00004_single_triangle_3c42485aec02,single_triangle,main_00004,20260328,True,18.634122144538317,8,22.88931342188032,1.1311759826935817
b-main,main_00004_single_triangle_3c42485aec02,single_triangle,main_00004,20260328,True,18.634122144538317,9,22.248424031731034,1.0972407032127742
b-main,main_00004_single_triangle_3c42485aec02,single_triangle,main_00004,20260328,False,18.634122144538317,10,22.27663580335004,1.064323482116391
b-main,main_00004_single_triangle_3c42485aec02,single_triangle,main_00004,20260328,True,18.634122144538317,11,22.181993842830924,1.0323937776528993
b-main,main_00004_single_triangle_3c42485aec02,single_triangle,main_00004,20260328,True,18.634122144538317,12,18.909199075096407,1.0014219643233122
b-main,main_00004_weighted_gini_restore_l050_8eac6275a26c,weighted_gini_restore_l050,main_00004,20260328,True,1.423847505392426,1,1.423847505392426,1.4
b-main,main_00004_weighted_gini_restore_l050_8eac6275a26c,weighted_gini_restore_l050,main_00004,20260328,True,1.423847505392426,2,1.520326668262733,1.3579999999999999
b-main,main_00004_weighted_gini_restore_l050_8eac6275a26c,weighted_gini_restore_l050,main_00004,20260328,True,1.423847505392426,3,1.520326668262733,1.3172599999999999
b-main,main_00004_weighted_gini_restore_l050_8eac6275a26c,weighted_gini_restore_l050,main_00004,20260328,True,1.423847505392426,4,1.423847505392426,1.2777421999999998
b-main,main_00004_weighted_gini_restore_l050_8eac6275a26c,weighted_gini_restore_l050,main_00004,20260328,False,1.423847505392426,5,1.48225597483068,1.2394099339999998
b-main,main_00004_weighted_gini_restore_l050_8eac6275a26c,weighted_gini_restore_l050,main_00004,20260328,True,1.423847505392426,6,1.4263208577578952,1.2022276359799997
b-main,main_00004_weighted_gini_restore_l050_8eac6275a26c,weighted_gini_restore_l050,main_00004,20260328,True,1.423847505392426,7,1.5150080744452734,1.1661608069005998
b-main,main_00004_weighted_gini_restore_l050_8eac6275a26c,weighted_gini_restore_l050,main_00004,20260328,True,1.423847505392426,8,1.6345132217654976,1.1311759826935817
b-main,main_00004_weighted_gini_restore_l050_8eac6275a26c,weighted_gini_restore_l050,main_00004,20260328,True,1.423847505392426,9,1.5993097293823704,1.0972407032127742
b-main,main_00004_weighted_gini_restore_l050_8eac6275a26c,weighted_gini_restore_l050,main_00004,20260328,True,1.423847505392426,10,1.601076031063026,1.064323482116391
b-main,main_00004_weighted_gini_restore_l050_8eac6275a26c,weighted_gini_restore_l050,main_00004,20260328,True,1.423847505392426,11,1.5954739496191443,1.0323937776528993
b-main,main_00004_weighted_gini_restore_l050_8eac6275a26c,weighted_gini_restore_l050,main_00004,20260328,True,1.423847505392426,12,1.4806337461067463,1.0014219643233122
b-main,main_00004_weighted_maximin_time_avg_cri_l050_53f6681af471,weighted_maximin_time_avg_cri_l050,main_00004,20260328,True,1.175836215969159,1,1.175836215969159,1.4
b-main,main_00004_weighted_maximin_time_avg_cri_l050_53f6681af471,weighted_maximin_time_avg_cri_l050,main_00004,20260328,True,1.175836215969159,2,1.518190805808327,1.3579999999999999
b-main,main_00004_weighted_maximin_time_avg_cri_l050_53f6681af471,weighted_maximin_time_avg_cri_l050,main_00004,20260328,True,1.175836215969159,3,1.518190805808327,1.3172599999999999
b-main,main_00004_weighted_maximin_time_avg_cri_l050_53f6681af471,weighted_maximin_time_avg_cri_l050,main_00004,20260328,True,1.175836215969159,4,1.175836215969159,1.2777421999999998
b-main,main_00004_weighted_maximin_time_avg_cri_l050_53f6681af471,weighted_maximin_time_avg_cri_l050,main_00004,20260328,False,1.175836215969159,5,1.2761327977223684,1.2394099339999998
b-main,main_00004_weighted_maximin_time_avg_cri_l050_53f6681af471,weighted_maximin_time_avg_cri_l050,main_00004,20260328,True,1.175836215969159,6,1.2144855286476175,1.2022276359799997
b-main,main_00004_weighted_maximin_time_avg_cri_l050_53f6681af471,weighted_maximin_time_avg_cri_l050,main_00004,20260328,True,1.175836215969159,7,1.3719378897812362,1.1661608069005998
b-main,main_00004_weighted_maximin_time_avg_cri_l050_53f6681af471,weighted_maximin_time_avg_cri_l050,main_00004,20260328,True,1.175836215969159,8,1.5295724256247183,1.1311759826935817
b-main,main_00004_weighted_maximin_time_avg_cri_l050_53f6681af471,weighted_maximin_time_avg_cri_l050,main_00004,20260328,True,1.175836215969159,9,1.4391436620631717,1.0972407032127742
b-main,main_00004_weighted_maximin_time_avg_cri_l050_53f6681af471,weighted_maximin_time_avg_cri_l050,main_00004,20260328,False,1.175836215969159,10,1.474639166010724,1.064323482116391
b-main,main_00004_weighted_maximin_time_avg_cri_l050_53f6681af471,weighted_maximin_time_avg_cri_l050,main_00004,20260328,True,1.175836215969159,11,1.435651654732292,1.0323937776528993
b-main,main_00004_weighted_maximin_time_avg_cri_l050_53f6681af471,weighted_maximin_time_avg_cri_l050,main_00004,20260328,True,1.175836215969159,12,1.3100478771196014,1.0014219643233122
b-main,main_00005_guardrail_gini_restore_9642113a9643,guardrail_gini_restore,main_00005,20260329,True,22412.184803084878,1,22412.184803084878,1.4
b-main,main_00005_guardrail_gini_restore_9642113a9643,guardrail_gini_restore,main_00005,20260329,False,22412.184803084878,2,37960.93912256826,1.3579999999999999
b-main,main_00005_guardrail_gini_restore_9642113a9643,guardrail_gini_restore,main_00005,20260329,True,22412.184803084878,3,22412.184803084878,1.3172599999999999
b-main,main_00005_guardrail_gini_restore_9642113a9643,guardrail_gini_restore,main_00005,20260329,True,190.61377975000437,4,190.61377975000437,1.2777421999999998
b-main,main_00005_guardrail_gini_restore_9642113a9643,guardrail_gini_restore,main_00005,20260329,False,190.61377975000437,5,190.67204251539167,1.2394099339999998
b-main,main_00005_guardrail_gini_restore_9642113a9643,guardrail_gini_restore,main_00005,20260329,True,188.31130834735978,6,188.31130834735978,1.2022276359799997
b-main,main_00005_guardrail_gini_restore_9642113a9643,guardrail_gini_restore,main_00005,20260329,False,188.31130834735978,7,9288.372478230838,1.1661608069005998
b-main,main_00005_guardrail_gini_restore_9642113a9643,guardrail_gini_restore,main_00005,20260329,True,185.5593346890408,8,185.5593346890408,1.1311759826935817
b-main,main_00005_guardrail_gini_restore_9642113a9643,guardrail_gini_restore,main_00005,20260329,False,185.5593346890408,9,15459.719546078179,1.0972407032127742
b-main,main_00005_guardrail_gini_restore_9642113a9643,guardrail_gini_restore,main_00005,20260329,False,185.5593346890408,10,186.3091895293559,1.064323482116391
b-main,main_00005_guardrail_gini_restore_9642113a9643,guardrail_gini_restore,main_00005,20260329,True,185.5593346890408,11,186.59383786850967,1.0323937776528993
b-main,main_00005_guardrail_gini_restore_9642113a9643,guardrail_gini_restore,main_00005,20260329,False,185.5593346890408,12,352.9124841610255,1.0014219643233122
b-main,main_00005_single_gini_restore_11ecd3cc0617,single_gini_restore,main_00005,20260329,True,0.5073893292152687,1,0.5073893292152687,1.4
b-main,main_00005_single_gini_restore_11ecd3cc0617,single_gini_restore,main_00005,20260329,True,0.5073893292152687,2,0.5229300467764872,1.3579999999999999
b-main,main_00005_single_gini_restore_11ecd3cc0617,single_gini_restore,main_00005,20260329,True,0.5073893292152687,3,0.5229300467764872,1.3172599999999999
b-main,main_00005_single_gini_restore_11ecd3cc0617,single_gini_restore,main_00005,20260329,True,0.48032606180907034,4,0.48032606180907034,1.2777421999999998
b-main,main_00005_single_gini_restore_11ecd3cc0617,single_gini_restore,main_00005,20260329,True,0.48032606180907034,5,0.4806931919956743,1.2394099339999998
b-main,main_00005_single_gini_restore_11ecd3cc0617,single_gini_restore,main_00005,20260329,True,0.48032606180907034,6,0.49171508903721683,1.2022276359799997
b-main,main_00005_single_gini_restore_11ecd3cc0617,single_gini_restore,main_00005,20260329,True,0.48032606180907034,7,0.5004283468209885,1.1661608069005998
b-main,main_00005_single_gini_restore_11ecd3cc0617,single_gini_restore,main_00005,20260329,True,0.47668439417533226,8,0.47668439417533226,1.1311759826935817
b-main,main_00005_single_gini_restore_11ecd3cc0617,single_gini_restore,main_00005,20260329,True,0.47668439417533226,9,0.5257833266245764,1.0972407032127742
b-main,main_00005_single_gini_restore_11ecd3cc0617,single_gini_restore,main_00005,20260329,True,0.47668439417533226,10,0.5268485633255837,1.064323482116391
b-main,main_00005_single_gini_restore_11ecd3cc0617,single_gini_restore,main_00005,20260329,True,0.47668439417533226,11,0.5195655162627,1.0323937776528993
b-main,main_00005_single_gini_restore_11ecd3cc0617,single_gini_restore,main_00005,20260329,True,0.47668439417533226,12,0.5078267767769349,1.0014219643233122
b-main,main_00005_single_maximin_time_avg_cri_8aa3d4939831,single_maximin_time_avg_cri,main_00005,20260329,True,0.2775132690383001,1,0.2775132690383001,1.4
b-main,main_00005_single_maximin_time_avg_cri_8aa3d4939831,single_maximin_time_avg_cri,main_00005,20260329,True,0.2775132690383001,2,0.2777022311959101,1.3579999999999999
b-main,main_00005_single_maximin_time_avg_cri_8aa3d4939831,single_maximin_time_avg_cri,main_00005,20260329,True,0.2775132690383001,3,0.2777022311959101,1.3172599999999999
b-main,main_00005_single_maximin_time_avg_cri_8aa3d4939831,single_maximin_time_avg_cri,main_00005,20260329,True,0.20610365005698228,4,0.20610365005698228,1.2777421999999998
b-main,main_00005_single_maximin_time_avg_cri_8aa3d4939831,single_maximin_time_avg_cri,main_00005,20260329,True,0.20610365005698228,5,0.20614771349144156,1.2394099339999998
b-main,main_00005_single_maximin_time_avg_cri_8aa3d4939831,single_maximin_time_avg_cri,main_00005,20260329,True,0.20563224018700954,6,0.20563224018700954,1.2022276359799997
b-main,main_00005_single_maximin_time_avg_cri_8aa3d4939831,single_maximin_time_avg_cri,main_00005,20260329,True,0.20563224018700954,7,0.20758162125147095,1.1661608069005998
b-main,main_00005_single_maximin_time_avg_cri_8aa3d4939831,single_maximin_time_avg_cri,main_00005,20260329,True,0.15941461707272775,8,0.15941461707272775,1.1311759826935817
b-main,main_00005_single_maximin_time_avg_cri_8aa3d4939831,single_maximin_time_avg_cri,main_00005,20260329,True,0.15941461707272775,9,0.20243128452409864,1.0972407032127742
b-main,main_00005_single_maximin_time_avg_cri_8aa3d4939831,single_maximin_time_avg_cri,main_00005,20260329,True,0.15941461707272775,10,0.20254570528352722,1.064323482116391
b-main,main_00005_single_maximin_time_avg_cri_8aa3d4939831,single_maximin_time_avg_cri,main_00005,20260329,True,0.15941461707272775,11,0.1980395134134041,1.0323937776528993
b-main,main_00005_single_maximin_time_avg_cri_8aa3d4939831,single_maximin_time_avg_cri,main_00005,20260329,True,0.15941461707272775,12,0.18049440685820117,1.0014219643233122
b-main,main_00005_single_p90_access_restore_6a256f0c13c4,single_p90_access_restore,main_00005,20260329,True,146.97464967387413,1,146.97464967387413,1.4
b-main,main_00005_single_p90_access_restore_6a256f0c13c4,single_p90_access_restore,main_00005,20260329,True,146.97464967387413,2,146.97464967387413,1.3579999999999999
b-main,main_00005_single_p90_access_restore_6a256f0c13c4,single_p90_access_restore,main_00005,20260329,True,101.07425467486618,3,101.07425467486618,1.3172599999999999
b-main,main_00005_single_p90_access_restore_6a256f0c13c4,single_p90_access_restore,main_00005,20260329,True,101.07425467486618,4,101.07425467486618,1.2777421999999998
b-main,main_00005_single_p90_access_restore_6a256f0c13c4,single_p90_access_restore,main_00005,20260329,True,101.07425467486618,5,101.07425467486618,1.2394099339999998
b-main,main_00005_single_p90_access_restore_6a256f0c13c4,single_p90_access_restore,main_00005,20260329,True,101.07425467486618,6,101.07425467486618,1.2022276359799997
b-main,main_00005_single_p90_access_restore_6a256f0c13c4,single_p90_access_restore,main_00005,20260329,True,101.07425467486618,7,101.07425467486618,1.1661608069005998
b-main,main_00005_single_p90_access_restore_6a256f0c13c4,single_p90_access_restore,main_00005,20260329,True,101.07425467486618,8,101.07425467486618,1.1311759826935817
b-main,main_00005_single_p90_access_restore_6a256f0c13c4,single_p90_access_restore,main_00005,20260329,True,101.07425467486618,9,101.07425467486618,1.0972407032127742
b-main,main_00005_single_p90_access_restore_6a256f0c13c4,single_p90_access_restore,main_00005,20260329,True,101.07425467486618,10,101.07425467486618,1.064323482116391
b-main,main_00005_single_p90_access_restore_6a256f0c13c4,single_p90_access_restore,main_00005,20260329,True,101.07425467486618,11,101.07425467486618,1.0323937776528993
b-main,main_00005_single_p90_access_restore_6a256f0c13c4,single_p90_access_restore,main_00005,20260329,True,101.07425467486618,12,101.07425467486618,1.0014219643233122
b-main,main_00005_single_triangle_3586a1224e99,single_triangle,main_00005,20260329,False,154.98527735851002,1,203.53785037990758,1.4
b-main,main_00005_single_triangle_3586a1224e99,single_triangle,main_00005,20260329,False,154.98527735851002,2,157.54885351863382,1.3579999999999999
b-main,main_00005_single_triangle_3586a1224e99,single_triangle,main_00005,20260329,True,154.98527735851002,3,154.98527735851002,1.3172599999999999
b-main,main_00005_single_triangle_3586a1224e99,single_triangle,main_00005,20260329,False,154.98527735851002,4,190.59847393998632,1.2777421999999998
b-main,main_00005_single_triangle_3586a1224e99,single_triangle,main_00005,20260329,False,154.98527735851002,5,155.82803844937064,1.2394099339999998
b-main,main_00005_single_triangle_3586a1224e99,single_triangle,main_00005,20260329,True,154.98527735851002,6,155.44768398102676,1.2022276359799997
b-main,main_00005_single_triangle_3586a1224e99,single_triangle,main_00005,20260329,True,150.02950726109387,7,150.02950726109387,1.1661608069005998
b-main,main_00005_single_triangle_3586a1224e99,single_triangle,main_00005,20260329,False,150.02950726109387,8,167.40630897149282,1.1311759826935817
b-main,main_00005_single_triangle_3586a1224e99,single_triangle,main_00005,20260329,True,150.02950726109387,9,150.24700924854898,1.0972407032127742
b-main,main_00005_single_triangle_3586a1224e99,single_triangle,main_00005,20260329,True,150.02950726109387,10,150.66459208324477,1.064323482116391
b-main,main_00005_single_triangle_3586a1224e99,single_triangle,main_00005,20260329,False,150.02950726109387,11,378.10822118621303,1.0323937776528993
b-main,main_00005_single_triangle_3586a1224e99,single_triangle,main_00005,20260329,True,150.02950726109387,12,150.67215534615224,1.0014219643233122
b-main,main_00005_weighted_gini_restore_l050_cfb10c83c35f,weighted_gini_restore_l050,main_00005,20260329,True,1.5,1,1.810014799366438,1.4
b-main,main_00005_weighted_gini_restore_l050_cfb10c83c35f,weighted_gini_restore_l050,main_00005,20260329,True,1.5,2,1.8323007828052464,1.3579999999999999
b-main,main_00005_weighted_gini_restore_l050_cfb10c83c35f,weighted_gini_restore_l050,main_00005,20260329,True,1.5,3,1.8323007828052464,1.3172599999999999
b-main,main_00005_weighted_gini_restore_l050_cfb10c83c35f,weighted_gini_restore_l050,main_00005,20260329,True,1.5,4,1.7164761591232935,1.2777421999999998
b-main,main_00005_weighted_gini_restore_l050_cfb10c83c35f,weighted_gini_restore_l050,main_00005,20260329,True,1.5,5,1.7172154442588066,1.2394099339999998
b-main,main_00005_weighted_gini_restore_l050_cfb10c83c35f,weighted_gini_restore_l050,main_00005,20260329,True,1.5,6,1.721285493588815,1.2022276359799997
b-main,main_00005_weighted_gini_restore_l050_cfb10c83c35f,weighted_gini_restore_l050,main_00005,20260329,True,1.5,7,1.7055545463890889,1.1661608069005998
b-main,main_00005_weighted_gini_restore_l050_cfb10c83c35f,weighted_gini_restore_l050,main_00005,20260329,True,1.5,8,1.7358916475283999,1.1311759826935817
b-main,main_00005_weighted_gini_restore_l050_cfb10c83c35f,weighted_gini_restore_l050,main_00005,20260329,True,1.5,9,1.8217100495368868,1.0972407032127742
b-main,main_00005_weighted_gini_restore_l050_cfb10c83c35f,weighted_gini_restore_l050,main_00005,20260329,True,1.5,10,1.8232880171621986,1.064323482116391
b-main,main_00005_weighted_gini_restore_l050_cfb10c83c35f,weighted_gini_restore_l050,main_00005,20260329,True,1.5,11,1.8493071598382849,1.0323937776528993
b-main,main_00005_weighted_gini_restore_l050_cfb10c83c35f,weighted_gini_restore_l050,main_00005,20260329,False,1.5,12,2.712424326857561,1.0014219643233122
b-main,main_00005_weighted_maximin_time_avg_cri_l050_841e1c0c8996,weighted_maximin_time_avg_cri_l050,main_00005,20260329,True,1.5,1,1.7983241852089267,1.4
b-main,main_00005_weighted_maximin_time_avg_cri_l050_841e1c0c8996,weighted_maximin_time_avg_cri_l050,main_00005,20260329,True,1.5,2,1.8118979863456464,1.3579999999999999
b-main,main_00005_weighted_maximin_time_avg_cri_l050_841e1c0c8996,weighted_maximin_time_avg_cri_l050,main_00005,20260329,True,1.5,3,1.8118979863456464,1.3172599999999999
b-main,main_00005_weighted_maximin_time_avg_cri_l050_841e1c0c8996,weighted_maximin_time_avg_cri_l050,main_00005,20260329,True,1.5,4,1.5261746788062067,1.2777421999999998
b-main,main_00005_weighted_maximin_time_avg_cri_l050_841e1c0c8996,weighted_maximin_time_avg_cri_l050,main_00005,20260329,True,1.5,5,1.5273870706625834,1.2394099339999998
b-main,main_00005_weighted_maximin_time_avg_cri_l050_841e1c0c8996,weighted_maximin_time_avg_cri_l050,main_00005,20260329,True,1.5,6,1.5192295642562437,1.2022276359799997
b-main,main_00005_weighted_maximin_time_avg_cri_l050_841e1c0c8996,weighted_maximin_time_avg_cri_l050,main_00005,20260329,True,1.5,7,1.5180954949296845,1.1661608069005998
b-main,main_00005_weighted_maximin_time_avg_cri_l050_841e1c0c8996,weighted_maximin_time_avg_cri_l050,main_00005,20260329,True,1.5,8,1.5436639889055606,1.1311759826935817
b-main,main_00005_weighted_maximin_time_avg_cri_l050_841e1c0c8996,weighted_maximin_time_avg_cri_l050,main_00005,20260329,True,1.5,9,1.6625919207881754,1.0972407032127742
b-main,main_00005_weighted_maximin_time_avg_cri_l050_841e1c0c8996,weighted_maximin_time_avg_cri_l050,main_00005,20260329,True,1.5,10,1.6633218971585442,1.064323482116391
b-main,main_00005_weighted_maximin_time_avg_cri_l050_841e1c0c8996,weighted_maximin_time_avg_cri_l050,main_00005,20260329,True,1.5,11,1.6876070498239586,1.0323937776528993
b-main,main_00005_weighted_maximin_time_avg_cri_l050_841e1c0c8996,weighted_maximin_time_avg_cri_l050,main_00005,20260329,False,1.5,12,3.321703443580418,1.0014219643233122
b-main,main_00006_guardrail_gini_restore_ca61a636e385,guardrail_gini_restore,main_00006,20260330,True,44947.44992649781,1,44947.44992649781,1.4
b-main,main_00006_guardrail_gini_restore_ca61a636e385,guardrail_gini_restore,main_00006,20260330,True,23688.941152388474,2,23688.941152388474,1.3579999999999999
b-main,main_00006_guardrail_gini_restore_ca61a636e385,guardrail_gini_restore,main_00006,20260330,True,23688.941152388474,3,23688.941152388474,1.3172599999999999
b-main,main_00006_guardrail_gini_restore_ca61a636e385,guardrail_gini_restore,main_00006,20260330,False,23688.941152388474,4,25888.329902750847,1.2777421999999998
b-main,main_00006_guardrail_gini_restore_ca61a636e385,guardrail_gini_restore,main_00006,20260330,False,23688.941152388474,5,42852.51875776852,1.2394099339999998
b-main,main_00006_guardrail_gini_restore_ca61a636e385,guardrail_gini_restore,main_00006,20260330,True,20439.880153745486,6,20439.880153745486,1.2022276359799997
b-main,main_00006_guardrail_gini_restore_ca61a636e385,guardrail_gini_restore,main_00006,20260330,False,20439.880153745486,7,45236.880127270655,1.1661608069005998
b-main,main_00006_guardrail_gini_restore_ca61a636e385,guardrail_gini_restore,main_00006,20260330,False,20439.880153745486,8,23688.941152388474,1.1311759826935817
b-main,main_00006_guardrail_gini_restore_ca61a636e385,guardrail_gini_restore,main_00006,20260330,False,20439.880153745486,9,75069.66553065133,1.0972407032127742
b-main,main_00006_guardrail_gini_restore_ca61a636e385,guardrail_gini_restore,main_00006,20260330,False,20439.880153745486,10,21099.859369988302,1.064323482116391
b-main,main_00006_guardrail_gini_restore_ca61a636e385,guardrail_gini_restore,main_00006,20260330,False,20439.880153745486,11,27213.787888976753,1.0323937776528993
b-main,main_00006_guardrail_gini_restore_ca61a636e385,guardrail_gini_restore,main_00006,20260330,False,20439.880153745486,12,29905.329782982786,1.0014219643233122
b-main,main_00006_single_gini_restore_722de754c44f,single_gini_restore,main_00006,20260330,True,0.8980387783477495,1,0.8980387783477495,1.4
b-main,main_00006_single_gini_restore_722de754c44f,single_gini_restore,main_00006,20260330,True,0.8767795425370584,2,0.8767795425370584,1.3579999999999999
b-main,main_00006_single_gini_restore_722de754c44f,single_gini_restore,main_00006,20260330,True,0.8767795425370584,3,0.8767795425370584,1.3172599999999999
b-main,main_00006_single_gini_restore_722de754c44f,single_gini_restore,main_00006,20260330,True,0.8767795425370584,4,0.8789780474678992,1.2777421999999998
b-main,main_00006_single_gini_restore_722de754c44f,single_gini_restore,main_00006,20260330,True,0.8767795425370584,5,0.8989098440585672,1.2394099339999998
b-main,main_00006_single_gini_restore_722de754c44f,single_gini_restore,main_00006,20260330,True,0.8767795425370584,6,0.905265254184817,1.2022276359799997
b-main,main_00006_single_gini_restore_722de754c44f,single_gini_restore,main_00006,20260330,True,0.8767795425370584,7,0.9071193433364293,1.1661608069005998
b-main,main_00006_single_gini_restore_722de754c44f,single_gini_restore,main_00006,20260330,True,0.8767795425370584,8,0.9252130930515197,1.1311759826935817
b-main,main_00006_single_gini_restore_722de754c44f,single_gini_restore,main_00006,20260330,True,0.8767795425370584,9,0.9355253664797711,1.0972407032127742
b-main,main_00006_single_gini_restore_722de754c44f,single_gini_restore,main_00006,20260330,True,0.8767795425370584,10,0.9300013831829914,1.064323482116391
b-main,main_00006_single_gini_restore_722de754c44f,single_gini_restore,main_00006,20260330,True,0.8767795425370584,11,0.9225750238453938,1.0323937776528993
b-main,main_00006_single_gini_restore_722de754c44f,single_gini_restore,main_00006,20260330,True,0.8767795425370584,12,0.9231363368249026,1.0014219643233122
b-main,main_00006_single_maximin_time_avg_cri_4e62d6b8a513,single_maximin_time_avg_cri,main_00006,20260330,True,0.14470770499906238,1,0.14733695561350657,1.4
b-main,main_00006_single_maximin_time_avg_cri_4e62d6b8a513,single_maximin_time_avg_cri,main_00006,20260330,True,0.14470770499906238,2,0.14733695561350657,1.3579999999999999
b-main,main_00006_single_maximin_time_avg_cri_4e62d6b8a513,single_maximin_time_avg_cri,main_00006,20260330,True,0.14470770499906238,3,0.16757285245676712,1.3172599999999999
b-main,main_00006_single_maximin_time_avg_cri_4e62d6b8a513,single_maximin_time_avg_cri,main_00006,20260330,True,0.14470770499906238,4,0.23136190642101673,1.2777421999999998
b-main,main_00006_single_maximin_time_avg_cri_4e62d6b8a513,single_maximin_time_avg_cri,main_00006,20260330,True,0.14470770499906238,5,0.25817520039348174,1.2394099339999998
b-main,main_00006_single_maximin_time_avg_cri_4e62d6b8a513,single_maximin_time_avg_cri,main_00006,20260330,True,0.14470770499906238,6,0.2603496878881686,1.2022276359799997
b-main,main_00006_single_maximin_time_avg_cri_4e62d6b8a513,single_maximin_time_avg_cri,main_00006,20260330,True,0.14470770499906238,7,0.16980955308113876,1.1661608069005998
b-main,main_00006_single_maximin_time_avg_cri_4e62d6b8a513,single_maximin_time_avg_cri,main_00006,20260330,True,0.14470770499906238,8,0.23490150005592514,1.1311759826935817
b-main,main_00006_single_maximin_time_avg_cri_4e62d6b8a513,single_maximin_time_avg_cri,main_00006,20260330,True,0.14470770499906238,9,0.23322618798826567,1.0972407032127742
b-main,main_00006_single_maximin_time_avg_cri_4e62d6b8a513,single_maximin_time_avg_cri,main_00006,20260330,True,0.14470770499906238,10,0.23322618798826567,1.064323482116391
b-main,main_00006_single_maximin_time_avg_cri_4e62d6b8a513,single_maximin_time_avg_cri,main_00006,20260330,True,0.14470770499906238,11,0.20265346599095546,1.0323937776528993
b-main,main_00006_single_maximin_time_avg_cri_4e62d6b8a513,single_maximin_time_avg_cri,main_00006,20260330,True,0.14470770499906238,12,0.22205889528956768,1.0014219643233122
b-main,main_00006_single_p90_access_restore_c461650c7c37,single_p90_access_restore,main_00006,20260330,True,0.0,1,0.0,1.4
b-main,main_00006_single_p90_access_restore_c461650c7c37,single_p90_access_restore,main_00006,20260330,True,0.0,2,0.0,1.3579999999999999
b-main,main_00006_single_p90_access_restore_c461650c7c37,single_p90_access_restore,main_00006,20260330,True,0.0,3,0.0,1.3172599999999999
b-main,main_00006_single_p90_access_restore_c461650c7c37,single_p90_access_restore,main_00006,20260330,True,0.0,4,0.0,1.2777421999999998
b-main,main_00006_single_p90_access_restore_c461650c7c37,single_p90_access_restore,main_00006,20260330,True,0.0,5,0.0,1.2394099339999998
b-main,main_00006_single_p90_access_restore_c461650c7c37,single_p90_access_restore,main_00006,20260330,True,0.0,6,0.0,1.2022276359799997
b-main,main_00006_single_p90_access_restore_c461650c7c37,single_p90_access_restore,main_00006,20260330,True,0.0,7,0.0,1.1661608069005998
b-main,main_00006_single_p90_access_restore_c461650c7c37,single_p90_access_restore,main_00006,20260330,True,0.0,8,0.0,1.1311759826935817
b-main,main_00006_single_p90_access_restore_c461650c7c37,single_p90_access_restore,main_00006,20260330,True,0.0,9,0.0,1.0972407032127742
b-main,main_00006_single_p90_access_restore_c461650c7c37,single_p90_access_restore,main_00006,20260330,True,0.0,10,0.0,1.064323482116391
b-main,main_00006_single_p90_access_restore_c461650c7c37,single_p90_access_restore,main_00006,20260330,True,0.0,11,0.0,1.0323937776528993
b-main,main_00006_single_p90_access_restore_c461650c7c37,single_p90_access_restore,main_00006,20260330,True,0.0,12,0.0,1.0014219643233122
b-main,main_00006_single_triangle_26370360fb98,single_triangle,main_00006,20260330,True,45.51100911033066,1,45.51100911033066,1.4
b-main,main_00006_single_triangle_26370360fb98,single_triangle,main_00006,20260330,False,45.51100911033066,2,46.23804569211448,1.3579999999999999
b-main,main_00006_single_triangle_26370360fb98,single_triangle,main_00006,20260330,True,45.51100911033066,3,45.51100911033066,1.3172599999999999
b-main,main_00006_single_triangle_26370360fb98,single_triangle,main_00006,20260330,True,45.51100911033066,4,46.396489928542294,1.2777421999999998
b-main,main_00006_single_triangle_26370360fb98,single_triangle,main_00006,20260330,False,45.51100911033066,5,50.667015723992975,1.2394099339999998
b-main,main_00006_single_triangle_26370360fb98,single_triangle,main_00006,20260330,True,32.25590319940973,6,32.25590319940973,1.2022276359799997
b-main,main_00006_single_triangle_26370360fb98,single_triangle,main_00006,20260330,False,32.25590319940973,7,71.29163579409456,1.1661608069005998
b-main,main_00006_single_triangle_26370360fb98,single_triangle,main_00006,20260330,True,24.035240575974527,8,24.035240575974527,1.1311759826935817
b-main,main_00006_single_triangle_26370360fb98,single_triangle,main_00006,20260330,True,24.035240575974527,9,24.279496309271273,1.0972407032127742
b-main,main_00006_single_triangle_26370360fb98,single_triangle,main_00006,20260330,True,22.661484269023752,10,22.661484269023752,1.064323482116391
b-main,main_00006_single_triangle_26370360fb98,single_triangle,main_00006,20260330,True,22.660194534974707,11,22.660194534974707,1.0323937776528993
b-main,main_00006_single_triangle_26370360fb98,single_triangle,main_00006,20260330,False,22.660194534974707,12,27.78697314357614,1.0014219643233122
b-main,main_00006_weighted_gini_restore_l050_80c35a35b792,weighted_gini_restore_l050,main_00006,20260330,True,1.5,1,1.5,1.4
b-main,main_00006_weighted_gini_restore_l050_80c35a35b792,weighted_gini_restore_l050,main_00006,20260330,True,1.5,2,1.504138480845224,1.3579999999999999
b-main,main_00006_weighted_gini_restore_l050_80c35a35b792,weighted_gini_restore_l050,main_00006,20260330,True,1.5,3,1.504138480845224,1.3172599999999999
b-main,main_00006_weighted_gini_restore_l050_80c35a35b792,weighted_gini_restore_l050,main_00006,20260330,True,1.5,4,1.5247823107255152,1.2777421999999998
b-main,main_00006_weighted_gini_restore_l050_80c35a35b792,weighted_gini_restore_l050,main_00006,20260330,True,1.5,5,1.6182462684670846,1.2394099339999998
b-main,main_00006_weighted_gini_restore_l050_80c35a35b792,weighted_gini_restore_l050,main_00006,20260330,True,1.287653166998782,6,1.287653166998782,1.2022276359799997
b-main,main_00006_weighted_gini_restore_l050_80c35a35b792,weighted_gini_restore_l050,main_00006,20260330,True,1.287653166998782,7,1.5538207720464592,1.1661608069005998
b-main,main_00006_weighted_gini_restore_l050_80c35a35b792,weighted_gini_restore_l050,main_00006,20260330,True,1.287653166998782,8,1.3312172007234677,1.1311759826935817
b-main,main_00006_weighted_gini_restore_l050_80c35a35b792,weighted_gini_restore_l050,main_00006,20260330,True,1.287653166998782,9,1.3273486505465213,1.0972407032127742
b-main,main_00006_weighted_gini_restore_l050_80c35a35b792,weighted_gini_restore_l050,main_00006,20260330,True,1.287653166998782,10,1.3273486505465213,1.064323482116391
b-main,main_00006_weighted_gini_restore_l050_80c35a35b792,weighted_gini_restore_l050,main_00006,20260330,False,1.287653166998782,11,1.8985194278248383,1.0323937776528993
b-main,main_00006_weighted_gini_restore_l050_80c35a35b792,weighted_gini_restore_l050,main_00006,20260330,True,1.287653166998782,12,1.3266787124584798,1.0014219643233122
b-main,main_00006_weighted_maximin_time_avg_cri_l050_e51bc0d74b68,weighted_maximin_time_avg_cri_l050,main_00006,20260330,True,1.5,1,1.509084694607178,1.4
b-main,main_00006_weighted_maximin_time_avg_cri_l050_e51bc0d74b68,weighted_maximin_time_avg_cri_l050,main_00006,20260330,True,1.5,2,1.509084694607178,1.3579999999999999
b-main,main_00006_weighted_maximin_time_avg_cri_l050_e51bc0d74b68,weighted_maximin_time_avg_cri_l050,main_00006,20260330,False,1.5,3,1.5984054226985913,1.3172599999999999
b-main,main_00006_weighted_maximin_time_avg_cri_l050_e51bc0d74b68,weighted_maximin_time_avg_cri_l050,main_00006,20260330,True,1.5,4,1.8743268301839087,1.2777421999999998
b-main,main_00006_weighted_maximin_time_avg_cri_l050_e51bc0d74b68,weighted_maximin_time_avg_cri_l050,main_00006,20260330,False,1.5,5,2.582376151384329,1.2394099339999998
b-main,main_00006_weighted_maximin_time_avg_cri_l050_e51bc0d74b68,weighted_maximin_time_avg_cri_l050,main_00006,20260330,True,1.5,6,2.5534468668085157,1.2022276359799997
b-main,main_00006_weighted_maximin_time_avg_cri_l050_e51bc0d74b68,weighted_maximin_time_avg_cri_l050,main_00006,20260330,True,1.5,7,2.209168766021415,1.1661608069005998
b-main,main_00006_weighted_maximin_time_avg_cri_l050_e51bc0d74b68,weighted_maximin_time_avg_cri_l050,main_00006,20260330,True,1.5,8,2.2297019236308957,1.1311759826935817
b-main,main_00006_weighted_maximin_time_avg_cri_l050_e51bc0d74b68,weighted_maximin_time_avg_cri_l050,main_00006,20260330,True,1.5,9,1.8748510505702793,1.0972407032127742
b-main,main_00006_weighted_maximin_time_avg_cri_l050_e51bc0d74b68,weighted_maximin_time_avg_cri_l050,main_00006,20260330,True,1.5,10,1.8748510505702793,1.064323482116391
b-main,main_00006_weighted_maximin_time_avg_cri_l050_e51bc0d74b68,weighted_maximin_time_avg_cri_l050,main_00006,20260330,True,1.5,11,3.1755573191549624,1.0323937776528993
b-main,main_00006_weighted_maximin_time_avg_cri_l050_e51bc0d74b68,weighted_maximin_time_avg_cri_l050,main_00006,20260330,True,1.5,12,3.273690988777307,1.0014219643233122
