stage,strategy,n,incomplete,recovery_median_minutes,recovery_max_minutes,over_24h,censored_access_zones,censored_cri_zones,completion_or_censor_time,gini_access_restore,gini_final_cri,gini_restore,maximin_time_avg_cri_loss,mean_final_cri,mean_time_avg_cri,min_final_cri,min_time_avg_cri,p90_access_restore,p90_restore,p95_access_restore,p95_restore,power_loss,road_loss,shelter_access_final,shelter_access_initial,triangle_area,var_restore,weighted_triangle_area
a-main,CEN,24,0,808.7431763377663,2146.8998082158764,2,0,0,942.5876594474389,0.8953035361854447,0.0,0.8679121720908486,0.13279973550082405,1.0,0.9836562168041156,1.0,0.867200264499176,39.87690332848131,56.3810522487606,62.512446480385854,141.41841088638367,49.70824390282459,4.798724057795682,1.0,0.9620768437505212,54.50696796062028,8151.108413960659,64.505368227982
a-main,JSH,24,0,833.7916849473592,2355.120925215876,2,0,0,962.0503656820886,0.8989904058802982,0.0,0.868805531065085,0.1647515638181981,1.0,0.9749111476104029,1.0,0.8352484361818019,160.9305136857505,189.77199631736576,188.67034225022508,259.99041689774583,69.73366206903266,12.848367141135292,1.0,0.9620768437505212,82.58202921016795,68458.5790013427,115.47306139919294
a-main,IJSH,24,0,816.8623252702616,2292.379836215876,2,0,0,952.6297079793492,0.8972668461009957,0.0,0.868321357073411,0.14934926122348793,1.0,0.9770589752464398,1.0,0.8506507387765121,152.33782854010803,177.92259326061122,180.53683176940422,243.7333894377021,67.99095546839735,11.884870368279694,1.0,0.9620768437505212,79.87582583667704,63535.623334025106,109.92044363206084
b-main,baseline_reference,6,0,817.9708800815504,1080.426090912012,0,0,0,835.2791130999184,0.8977577723837509,0.0,0.8772833431545848,0.2093254345986344,1.0,0.9821649017780363,1.0,0.7906745654013656,24.49577494564569,37.37799777897902,24.49577494564569,185.73215196627478,50.57829698033903,8.02007672282806,1.0,0.9628928368591095,58.598373703167084,11079.806286956888,82.02033968519525
b-main,single_triangle,6,0,746.3834042183166,1087.5989368326211,0,0,0,791.6408945999184,0.8999191361016432,0.0,0.8813984430869602,0.17143959646964127,1.0,0.9855636758924693,1.0,0.8285604035303588,24.472500445645682,28.37419816435646,24.472500445645682,157.26106254132722,34.70368717609868,7.732954305080467,1.0,0.9628928368591095,42.436641481179144,10088.797178834762,64.57427234551812
b-main,single_gini_restore,6,0,737.6431380047668,1043.7874518326212,0,0,0,761.3748855999183,0.8961914579845207,0.0,0.8627976095354201,0.16336324893800425,1.0,0.9819882424391395,1.0,0.8366367510619958,24.49577494564569,61.934318433155255,24.49577494564569,238.920570783689,44.932866121609685,7.859144822291975,1.0,0.9628928368591095,52.79201094390165,8373.896943094456,67.66401257376221
b-main,single_maximin_time_avg_cri,6,0,771.2880052183167,1053.619196912012,0,0,0,795.9447249332517,0.8974738328835415,0.0,0.8711483833962246,0.1363060856588418,1.0,0.9832656672333681,1.0,0.8636939143411582,24.49577494564569,37.37799777897902,24.49577494564569,179.2737402926214,50.20127860700594,6.978138866145827,1.0,0.9628928368591095,57.17941747315176,7363.810667622289,70.40757988287976
b-main,single_p90_access_restore,6,0,817.9708800815504,1118.0012168326214,0,0,0,845.4127504332516,0.9041496072362388,0.0,0.8927859936099405,0.20732034562292687,1.0,0.9819548664343043,1.0,0.7926796543770731,16.845709112477696,44.79203681513079,16.845709112477696,190.1729234662748,60.05421013862134,7.917417901956397,1.0,0.9628928368591095,67.97162804057774,12589.030435630391,90.93087100883722
b-main,weighted_gini_restore_l050,6,0,747.4761372183167,1057.1993928326215,0,0,0,786.3913855999184,0.8978030695525296,0.0,0.8762244052109642,0.18405138255977932,1.0,0.9828787668642832,1.0,0.8159486174402206,24.49577494564569,42.36612127897902,24.49577494564569,169.9453095481067,38.93727836257665,8.11141566498161,1.0,0.9628928368591095,47.048694027558255,10805.006516256919,71.31227272131186
b-main,weighted_maximin_time_avg_cri_l050,6,0,761.3517942183166,1059.760009912012,0,0,0,797.4932570999184,0.8979187626240341,0.0,0.8776207004214075,0.1770536802902745,1.0,0.9827703352007795,1.0,0.8229463197097255,24.49577494564569,37.37799777897902,24.49577494564569,185.73215196627478,40.97934131409352,7.65256207349603,1.0,0.9628928368591095,48.63190338758954,10425.517780868318,72.8138317676931
b-main,guardrail_gini_restore,6,0,723.0236040047668,1046.7710588326213,0,0,0,768.7642490999184,0.8956482022865315,0.0,0.8615125546915877,0.1503505854773797,1.0,0.9807529373895176,1.0,0.8496494145226203,24.472500445645682,78.55534812280086,24.472500445645682,225.6765273717999,54.70779522113252,8.229158418861218,1.0,0.9628928368591095,62.936953639993746,8600.924123887065,77.1425681504607
c-main,CEN,24,0,808.7431763377663,2146.8998082158764,2,0,0,942.5876594474389,0.8953035361854447,0.0,0.8679121720908486,0.13279973550082405,1.0,0.9836562168041156,1.0,0.867200264499176,39.87690332848131,56.3810522487606,62.512446480385854,141.41841088638367,49.70824390282459,4.798724057795682,1.0,0.9620768437505212,54.50696796062028,8151.108413960659,64.505368227982
c-main,JSH,24,0,833.7916849473592,2355.120925215876,2,0,0,962.0503656820886,0.8989904058802982,0.0,0.868805531065085,0.1647515638181981,1.0,0.9749111476104029,1.0,0.8352484361818019,160.9305136857505,189.77199631736576,188.67034225022508,259.99041689774583,69.73366206903266,12.848367141135292,1.0,0.9620768437505212,82.58202921016795,68458.5790013427,115.47306139919294
c-main,IJSH,24,0,816.8623252702616,2292.379836215876,2,0,0,952.6297079793492,0.8972668461009957,0.0,0.868321357073411,0.14934926122348793,1.0,0.9770589752464398,1.0,0.8506507387765121,152.33782854010803,177.92259326061122,180.53683176940422,243.7333894377021,67.99095546839735,11.884870368279694,1.0,0.9620768437505212,79.87582583667704,63535.623334025106,109.92044363206084
c-main,OD_CEN,24,0,808.8043298377663,2148.4987762158767,2,0,0,938.071153034722,0.896619841148837,0.0,0.8649449139504709,0.13885252248210814,1.0,0.9826277564444631,1.0,0.8611474775178919,40.93016156706411,62.63372920709393,54.62065365688524,153.6377296147682,49.76128712237051,13.206455549596289,1.0,0.9620768437505212,62.967742671966796,8534.666429646008,72.69141499692624
c-main,OD_JSH,24,0,835.0508704473592,2357.1961752158763,2,0,0,955.063012659722,0.9008522975278606,0.0,0.865594880571115,0.1769394609155368,1.0,0.9737526483109533,1.0,0.8230605390844632,160.5924483524172,196.11599840069914,184.86648106105497,268.136664853366,69.77729656639077,21.243825775205526,1.0,0.9620768437505212,91.0211223415963,68554.18684060058,123.75745900830297
c-main,OD_IJSH,24,0,818.5988957702616,2293.834782215876,2,0,0,944.567036159722,0.8986740934383032,0.0,0.8652030339051866,0.1640333177837413,1.0,0.9758330685509684,1.0,0.8359666822162587,152.24816195665701,184.47600709382687,179.2537264167013,255.2233427026016,68.03625842764859,20.27869303504549,1.0,0.9620768437505212,88.31495146269407,63558.47660204452,118.16502143008938
