stage,job_id,strategy,scenario_id,scenario_seed,end_minutes,events,regional_physical_checks,metrics_checked
a-main,main_00001_CEN_c009d56e1301,CEN,main_00001,20264001,710.5364042631265,21,126,22
a-main,main_00001_IJSH_3d6102eab38a,IJSH,main_00001,20264001,859.4204572631264,21,126,22
a-main,main_00001_JSH_24a7b3a603de,JSH,main_00001,20264001,859.4204572631264,21,126,22
a-main,main_00002_CEN_ec39b9a63474,CEN,main_00002,20264002,443.75345254977015,12,72,22
a-main,main_00002_IJSH_a5bcd6da496b,IJSH,main_00002,20264002,495.4422005497702,12,72,22
a-main,main_00002_JSH_0c401e1e9d8d,JSH,main_00002,20264002,504.03056254977014,12,72,22
a-main,main_00003_CEN_fe84ace3945e,CEN,main_00003,20264003,803.7513303659784,23,138,22
a-main,main_00003_IJSH_9d19bbb9f45b,IJSH,main_00003,20264003,747.3968843659784,23,138,22
a-main,main_00003_JSH_8717f121d6d9,JSH,main_00003,20264003,723.8988333659782,23,138,22
a-main,main_00004_CEN_66d8742b441a,CEN,main_00004,20264004,910.0203000801484,22,132,22
a-main,main_00004_IJSH_ddcf2e38f578,IJSH,main_00004,20264004,796.0979760801484,22,132,22
a-main,main_00004_JSH_2a2d12dd828b,JSH,main_00004,20264004,916.5862080801486,22,132,22
a-main,main_00005_CEN_d65e2f591d3e,CEN,main_00005,20264005,1083.3086425426338,24,144,22
a-main,main_00005_IJSH_7c83a1f724aa,IJSH,main_00005,20264005,1288.676486542634,24,144,22
a-main,main_00005_JSH_394df183372a,JSH,main_00005,20264005,1355.051846542634,24,144,22
a-main,main_00006_CEN_a3eeee0e346a,CEN,main_00006,20264006,963.8169472497098,14,84,22
a-main,main_00006_IJSH_5e1f6f938047,IJSH,main_00006,20264006,940.4527782497097,14,84,22
a-main,main_00006_JSH_af3afb25c4a7,JSH,main_00006,20264006,912.2052922497095,14,84,22
a-main,main_00007_CEN_a497c0c0c3d8,CEN,main_00007,20264007,711.1654618657458,22,132,22
a-main,main_00007_IJSH_5d01b2a3d8d2,IJSH,main_00007,20264007,681.9305549999999,22,132,22
a-main,main_00007_JSH_b04c12d8980b,JSH,main_00007,20264007,693.8329168657457,22,132,22
a-main,main_00008_CEN_973fed54633a,CEN,main_00008,20264008,1186.30982197183,21,126,22
a-main,main_00008_IJSH_f75f4073618c,IJSH,main_00008,20264008,1024.4610059718298,21,126,22
a-main,main_00008_JSH_5ad7ef0f98bf,JSH,main_00008,20264008,1024.4610059718298,21,126,22
a-main,main_00009_CEN_808ec4de22c9,CEN,main_00009,20264009,749.9943882968437,22,132,22
a-main,main_00009_IJSH_6af5df3af367,IJSH,main_00009,20264009,793.2342432968438,22,132,22
a-main,main_00009_JSH_1d33400e957d,JSH,main_00009,20264009,795.2446522968438,22,132,22
a-main,main_00010_CEN_4b3259415f39,CEN,main_00010,20264010,1126.0334585701476,25,150,22
a-main,main_00010_IJSH_ab26cc9c23ad,IJSH,main_00010,20264010,1105.7271385701476,25,150,22
a-main,main_00010_JSH_4f160b8187fd,JSH,main_00010,20264010,1145.2072605701476,25,150,22
a-main,main_00011_CEN_fbbd06b62da0,CEN,main_00011,20264011,1135.980485028287,24,144,22
a-main,main_00011_IJSH_f691e09ef34f,IJSH,main_00011,20264011,1046.574503028287,24,144,22
a-main,main_00011_JSH_0fd8435cfe5b,JSH,main_00011,20264011,1066.0302170282866,24,144,22
a-main,main_00012_CEN_ec48ef18ad1d,CEN,main_00012,20264012,1066.1331091789011,29,174,22
a-main,main_00012_IJSH_5238b59c348f,IJSH,main_00012,20264012,1037.6465681789014,29,174,22
a-main,main_00012_JSH_7e1db52bd5de,JSH,main_00012,20264012,998.2798581789013,29,174,22
a-main,main_00013_CEN_c0f7dcbc356d,CEN,main_00013,20264013,727.3279417505433,18,108,22
a-main,main_00013_IJSH_eb24fca4a969,IJSH,main_00013,20264013,767.9063137505433,18,108,22
a-main,main_00013_JSH_fe3e1fe969f6,JSH,main_00013,20264013,740.1879927505435,18,108,22
a-main,main_00014_CEN_344cdf7437c9,CEN,main_00014,20264014,605.4377889141286,16,96,22
a-main,main_00014_IJSH_4f84a662899d,IJSH,main_00014,20264014,588.0647139141287,16,96,22
a-main,main_00014_JSH_0dfeebfc63b3,JSH,main_00014,20264014,607.7152529141288,16,96,22
a-main,main_00015_CEN_fd494a402c3c,CEN,main_00015,20264015,2146.8998082158764,24,144,22
a-main,main_00015_IJSH_7da9b1ad156e,IJSH,main_00015,20264015,2292.379836215876,24,144,22
a-main,main_00015_JSH_ca4cbac1723f,JSH,main_00015,20264015,2355.120925215876,24,144,22
a-main,main_00016_CEN_c3bfa26f46c8,CEN,main_00016,20264016,1603.5269192928506,20,120,22
a-main,main_00016_IJSH_5b44a41165fb,IJSH,main_00016,20264016,1599.5265282928503,20,120,22
a-main,main_00016_JSH_51b0c63004bf,JSH,main_00016,20264016,1599.5265282928503,20,120,22
a-main,main_00017_CEN_63ca5a2bb33d,CEN,main_00017,20264017,566.423060954702,17,102,22
a-main,main_00017_IJSH_b0f3f8ffdc81,IJSH,main_00017,20264017,601.972421954702,17,102,22
a-main,main_00017_JSH_a04f8dea2a02,JSH,main_00017,20264017,602.646360954702,17,102,22
a-main,main_00018_CEN_8c59d783b012,CEN,main_00018,20264018,813.7350223095542,18,108,22
a-main,main_00018_IJSH_a6fbe2ca7e40,IJSH,main_00018,20264018,746.8297253095543,18,108,22
a-main,main_00018_JSH_ce3801ebc719,JSH,main_00018,20264018,743.2536033095543,18,108,22
a-main,main_00019_CEN_6614e11c5be2,CEN,main_00019,20264019,802.5461210000001,23,138,22
a-main,main_00019_IJSH_476b5343fe32,IJSH,main_00019,20264019,820.3220976315919,23,138,22
a-main,main_00019_JSH_380f3fa00ff0,JSH,main_00019,20264019,808.1629126315919,23,138,22
a-main,main_00020_CEN_953181712a9f,CEN,main_00020,20264020,900.0437176977359,24,144,22
a-main,main_00020_IJSH_2c95252ba605,IJSH,main_00020,20264020,900.1067256977362,24,144,22
a-main,main_00020_JSH_67fda0b8b989,JSH,main_00020,20264020,886.9552356977363,24,144,22
a-main,main_00021_CEN_0ac456c40ba0,CEN,main_00021,20264021,1347.000102098056,20,120,22
a-main,main_00021_IJSH_2d7321db3867,IJSH,main_00021,20264021,1423.704445098056,20,120,22
a-main,main_00021_JSH_c246173bb4c7,JSH,main_00021,20264021,1423.704445098056,20,120,22
a-main,main_00022_CEN_1444f74fbdd9,CEN,main_00022,20264022,761.4631059999999,22,132,22
a-main,main_00022_IJSH_2ae20b74316e,IJSH,main_00022,20264022,761.882343,22,132,22
a-main,main_00022_JSH_0bbafcf408ec,JSH,main_00022,20264022,761.882343,22,132,22
a-main,main_00023_CEN_1cc8ab0f6039,CEN,main_00023,20264023,746.1282036330342,20,120,22
a-main,main_00023_IJSH_e9c31989388e,IJSH,main_00023,20264023,729.9544906330342,20,120,22
a-main,main_00023_JSH_006764f0e17e,JSH,main_00023,20264023,761.8081016330342,20,120,22
a-main,main_00024_CEN_8ea646256708,CEN,main_00024,20264024,710.7682329089314,20,120,22
a-main,main_00024_IJSH_0a476132fd96,IJSH,main_00024,20264024,813.4025529089313,20,120,22
a-main,main_00024_JSH_43bb73e2a025,JSH,main_00024,20264024,803.9959639089313,20,120,22
b-main,main_00001_baseline_reference_39c603733183,baseline_reference,main_00001,20260325,1080.426090912012,22,132,22
b-main,main_00001_guardrail_gini_restore_37da2961274a,guardrail_gini_restore,main_00001,20260325,1010.6838459120121,22,132,22
b-main,main_00001_single_gini_restore_e49ad7773042,single_gini_restore,main_00001,20260325,1004.060390912012,22,132,22
b-main,main_00001_single_maximin_time_avg_cri_9b284bcd345e,single_maximin_time_avg_cri,main_00001,20260325,1053.619196912012,22,132,22
b-main,main_00001_single_p90_access_restore_9a3cbb6483c8,single_p90_access_restore,main_00001,20260325,1080.426090912012,22,132,22
b-main,main_00001_single_triangle_6d40503b2757,single_triangle,main_00001,20260325,1043.039219912012,22,132,22
b-main,main_00001_weighted_gini_restore_l050_0227ca720b57,weighted_gini_restore_l050,main_00001,20260325,1020.900094912012,22,132,22
b-main,main_00001_weighted_maximin_time_avg_cri_l050_3784c03ae5e1,weighted_maximin_time_avg_cri_l050,main_00001,20260325,1059.760009912012,22,132,22
b-main,main_00002_baseline_reference_55f3fc93e4ef,baseline_reference,main_00002,20260326,782.1511063680005,16,96,22
b-main,main_00002_guardrail_gini_restore_679e6b2a0c36,guardrail_gini_restore,main_00002,20260326,748.6457953680003,16,96,22
b-main,main_00002_single_gini_restore_a16500aa4601,single_gini_restore,main_00002,20260326,765.3649353680003,16,96,22
b-main,main_00002_single_maximin_time_avg_cri_cccde0e8588f,single_maximin_time_avg_cri,main_00002,20260326,649.0279643680003,16,96,22
b-main,main_00002_single_p90_access_restore_ec75f0f9dde6,single_p90_access_restore,main_00002,20260326,782.1511063680005,16,96,22
b-main,main_00002_single_triangle_f56df0ee93fe,single_triangle,main_00002,20260326,639.7826763680004,16,96,22
b-main,main_00002_weighted_gini_restore_l050_90b27c6f821e,weighted_gini_restore_l050,main_00002,20260326,658.6388253680003,16,96,22
b-main,main_00002_weighted_maximin_time_avg_cri_l050_a43d1c12f7b4,weighted_maximin_time_avg_cri_l050,main_00002,20260326,658.6388253680003,16,96,22
b-main,main_00003_baseline_reference_43987d166462,baseline_reference,main_00003,20260327,853.7906537951002,21,126,22
b-main,main_00003_guardrail_gini_restore_64bf5627bcdc,guardrail_gini_restore,main_00003,20260327,628.4525477951003,21,126,22
b-main,main_00003_single_gini_restore_f05395094684,single_gini_restore,main_00003,20260327,581.0852237951002,21,126,22
b-main,main_00003_single_maximin_time_avg_cri_df477d6040b4,single_maximin_time_avg_cri,main_00003,20260327,820.1755067951003,21,126,22
b-main,main_00003_single_p90_access_restore_a0ad46fef552,single_p90_access_restore,main_00003,20260327,853.7906537951002,21,126,22
b-main,main_00003_single_triangle_fd5fb4bed6ae,single_triangle,main_00003,20260327,828.0928847951003,21,126,22
b-main,main_00003_weighted_gini_restore_l050_92e6204d904f,weighted_gini_restore_l050,main_00003,20260327,800.3030847951003,21,126,22
b-main,main_00003_weighted_maximin_time_avg_cri_l050_7f627b6fd50b,weighted_maximin_time_avg_cri_l050,main_00003,20260327,800.3030847951003,21,126,22
b-main,main_00004_baseline_reference_af5934edd50f,baseline_reference,main_00004,20260328,515.7069310502432,16,96,22
b-main,main_00004_guardrail_gini_restore_af883e419b48,guardrail_gini_restore,main_00004,20260328,480.6308340502433,16,96,22
b-main,main_00004_single_gini_restore_b2414afa598d,single_gini_restore,main_00004,20260328,464.0299710502433,16,96,22
b-main,main_00004_single_maximin_time_avg_cri_f39b1586a340,single_maximin_time_avg_cri,main_00004,20260328,486.65772605024335,16,96,22
b-main,main_00004_single_p90_access_restore_510349ec335f,single_p90_access_restore,main_00004,20260328,515.7069310502432,16,96,22
b-main,main_00004_single_triangle_3c42485aec02,single_triangle,main_00004,20260328,486.65772605024335,16,96,22
b-main,main_00004_weighted_gini_restore_l050_8eac6275a26c,weighted_gini_restore_l050,main_00004,20260328,486.65772605024335,16,96,22
b-main,main_00004_weighted_maximin_time_avg_cri_l050_53f6681af471,weighted_maximin_time_avg_cri_l050,main_00004,20260328,486.65772605024335,16,96,22
b-main,main_00005_baseline_reference_7c10b871d053,baseline_reference,main_00005,20260329,1057.1993928326215,29,174,22
b-main,main_00005_guardrail_gini_restore_9642113a9643,guardrail_gini_restore,main_00005,20260329,1046.7710588326213,29,174,22
b-main,main_00005_single_gini_restore_11ecd3cc0617,single_gini_restore,main_00005,20260329,1043.7874518326212,29,174,22
b-main,main_00005_single_maximin_time_avg_cri_8aa3d4939831,single_maximin_time_avg_cri,main_00005,20260329,1043.7874518326212,29,174,22
b-main,main_00005_single_p90_access_restore_6a256f0c13c4,single_p90_access_restore,main_00005,20260329,1118.0012168326214,29,174,22
b-main,main_00005_single_triangle_3586a1224e99,single_triangle,main_00005,20260329,1087.5989368326211,29,174,22
b-main,main_00005_weighted_gini_restore_l050_cfb10c83c35f,weighted_gini_restore_l050,main_00005,20260329,1057.1993928326215,29,174,22
b-main,main_00005_weighted_maximin_time_avg_cri_l050_841e1c0c8996,weighted_maximin_time_avg_cri_l050,main_00005,20260329,1057.1993928326215,29,174,22
b-main,main_00006_baseline_reference_e073164da491,baseline_reference,main_00006,20260330,722.4005036415331,18,108,22
b-main,main_00006_guardrail_gini_restore_ca61a636e385,guardrail_gini_restore,main_00006,20260330,697.4014126415332,18,108,22
b-main,main_00006_single_gini_restore_722de754c44f,single_gini_restore,main_00006,20260330,709.9213406415332,18,108,22
b-main,main_00006_single_maximin_time_avg_cri_4e62d6b8a513,single_maximin_time_avg_cri,main_00006,20260330,722.4005036415331,18,108,22
b-main,main_00006_single_p90_access_restore_c461650c7c37,single_p90_access_restore,main_00006,20260330,722.4005036415331,18,108,22
b-main,main_00006_single_triangle_26370360fb98,single_triangle,main_00006,20260330,664.6739236415331,18,108,22
b-main,main_00006_weighted_gini_restore_l050_80c35a35b792,weighted_gini_restore_l050,main_00006,20260330,694.6491896415331,18,108,22
b-main,main_00006_weighted_maximin_time_avg_cri_l050_e51bc0d74b68,weighted_maximin_time_avg_cri_l050,main_00006,20260330,722.4005036415331,18,108,22
c-main,main_00001_CEN_e6d0f4fbfa28,CEN,main_00001,20264001,710.5364042631265,21,126,22
c-main,main_00001_IJSH_457df003f02b,IJSH,main_00001,20264001,859.4204572631264,21,126,22
c-main,main_00001_JSH_6d8bb11dfe2a,JSH,main_00001,20264001,859.4204572631264,21,126,22
c-main,main_00001_OD_CEN_b2563d6b3fcf,OD_CEN,main_00001,20264001,710.7201242631266,21,126,22
c-main,main_00001_OD_IJSH_db95be8886f3,OD_IJSH,main_00001,20264001,859.3314842631265,21,126,22
c-main,main_00001_OD_JSH_7cab649c02ed,OD_JSH,main_00001,20264001,859.3314842631265,21,126,22
c-main,main_00002_CEN_e5b6956280f6,CEN,main_00002,20264002,443.75345254977015,12,72,22
c-main,main_00002_IJSH_16c38152a6a5,IJSH,main_00002,20264002,495.4422005497702,12,72,22
c-main,main_00002_JSH_cd4f8a095917,JSH,main_00002,20264002,504.03056254977014,12,72,22
c-main,main_00002_OD_CEN_e954696c8862,OD_CEN,main_00002,20264002,443.7720165497702,12,72,22
c-main,main_00002_OD_IJSH_0aee92907f84,OD_IJSH,main_00002,20264002,495.4525335497701,12,72,22
c-main,main_00002_OD_JSH_3030f4dd2839,OD_JSH,main_00002,20264002,504.05405454977017,12,72,22
c-main,main_00003_CEN_152a670c50f4,CEN,main_00003,20264003,803.7513303659784,23,138,22
c-main,main_00003_IJSH_7e4cca1e382c,IJSH,main_00003,20264003,747.3968843659784,23,138,22
c-main,main_00003_JSH_faf4f4b43d5d,JSH,main_00003,20264003,723.8988333659782,23,138,22
c-main,main_00003_OD_CEN_3783121819d7,OD_CEN,main_00003,20264003,803.9012583659784,23,138,22
c-main,main_00003_OD_IJSH_9a825c6157f2,OD_IJSH,main_00003,20264003,747.2426763659784,23,138,22
c-main,main_00003_OD_JSH_a3af67a88bbd,OD_JSH,main_00003,20264003,723.7974563659784,23,138,22
c-main,main_00004_CEN_052eb5e33c94,CEN,main_00004,20264004,910.0203000801484,22,132,22
c-main,main_00004_IJSH_1fbb2331a819,IJSH,main_00004,20264004,796.0979760801484,22,132,22
c-main,main_00004_JSH_2bd4fa1dd735,JSH,main_00004,20264004,916.5862080801486,22,132,22
c-main,main_00004_OD_CEN_365db693408d,OD_CEN,main_00004,20264004,910.4754610801482,22,132,22
c-main,main_00004_OD_IJSH_638d19d2928f,OD_IJSH,main_00004,20264004,795.4818450801486,22,132,22
c-main,main_00004_OD_JSH_63be3770e858,OD_JSH,main_00004,20264004,918.5789980801485,22,132,22
c-main,main_00005_CEN_bae5b4017735,CEN,main_00005,20264005,1083.3086425426338,24,144,22
c-main,main_00005_IJSH_d2ad426c691c,IJSH,main_00005,20264005,1288.676486542634,24,144,22
c-main,main_00005_JSH_58fd5a198893,JSH,main_00005,20264005,1355.051846542634,24,144,22
c-main,main_00005_OD_CEN_181dbed59584,OD_CEN,main_00005,20264005,1083.0265415426338,24,144,22
c-main,main_00005_OD_IJSH_ecb5a9615808,OD_IJSH,main_00005,20264005,1288.4851835426339,24,144,22
c-main,main_00005_OD_JSH_e5f25a584dbd,OD_JSH,main_00005,20264005,1354.9123205426338,24,144,22
c-main,main_00006_CEN_806f76ebf20b,CEN,main_00006,20264006,963.8169472497098,14,84,22
c-main,main_00006_IJSH_f5fee769c8f5,IJSH,main_00006,20264006,940.4527782497097,14,84,22
c-main,main_00006_JSH_6fe51d05daa3,JSH,main_00006,20264006,912.2052922497095,14,84,22
c-main,main_00006_OD_CEN_f2565e85922b,OD_CEN,main_00006,20264006,963.6800342497097,14,84,22
c-main,main_00006_OD_IJSH_19eb3e52a5aa,OD_IJSH,main_00006,20264006,940.5176242497097,14,84,22
c-main,main_00006_OD_JSH_1e39618b09e8,OD_JSH,main_00006,20264006,912.2182482497096,14,84,22
c-main,main_00007_CEN_7fd54b891f0c,CEN,main_00007,20264007,711.1654618657458,22,132,22
c-main,main_00007_IJSH_f7c92c6c88ad,IJSH,main_00007,20264007,681.9305549999999,22,132,22
c-main,main_00007_JSH_87b4d026de0c,JSH,main_00007,20264007,693.8329168657457,22,132,22
c-main,main_00007_OD_CEN_9cf3cfa26c41,OD_CEN,main_00007,20264007,717.9873968657457,22,132,22
c-main,main_00007_OD_IJSH_7e2201fa37c4,OD_IJSH,main_00007,20264007,669.3189618657457,22,132,22
c-main,main_00007_OD_JSH_b64a1781c225,OD_JSH,main_00007,20264007,703.9504908657457,22,132,22
c-main,main_00008_CEN_80b81a21eb0c,CEN,main_00008,20264008,1186.30982197183,21,126,22
c-main,main_00008_IJSH_42d87c59ffaa,IJSH,main_00008,20264008,1024.4610059718298,21,126,22
c-main,main_00008_JSH_1eacdbb4176d,JSH,main_00008,20264008,1024.4610059718298,21,126,22
c-main,main_00008_OD_CEN_783b808135c8,OD_CEN,main_00008,20264008,1186.26025397183,21,126,22
c-main,main_00008_OD_IJSH_35eec63a3f0c,OD_IJSH,main_00008,20264008,1024.52868097183,21,126,22
c-main,main_00008_OD_JSH_28a1a339c02f,OD_JSH,main_00008,20264008,1024.52868097183,21,126,22
c-main,main_00009_CEN_5649a43738b2,CEN,main_00009,20264009,749.9943882968437,22,132,22
c-main,main_00009_IJSH_28845dbc1721,IJSH,main_00009,20264009,793.2342432968438,22,132,22
c-main,main_00009_JSH_e27d4999d2b5,JSH,main_00009,20264009,795.2446522968438,22,132,22
c-main,main_00009_OD_CEN_7b1e365a33d9,OD_CEN,main_00009,20264009,749.8629032968438,22,132,22
c-main,main_00009_OD_IJSH_649c24e274eb,OD_IJSH,main_00009,20264009,793.2401192968438,22,132,22
c-main,main_00009_OD_JSH_f3083469f54a,OD_JSH,main_00009,20264009,795.2396752968438,22,132,22
c-main,main_00010_CEN_87d48facd963,CEN,main_00010,20264010,1126.0334585701476,25,150,22
c-main,main_00010_IJSH_9e13829e4529,IJSH,main_00010,20264010,1105.7271385701476,25,150,22
c-main,main_00010_JSH_d3b8ddc50a8f,JSH,main_00010,20264010,1145.2072605701476,25,150,22
c-main,main_00010_OD_CEN_b26f6d51b854,OD_CEN,main_00010,20264010,1126.2480175701476,25,150,22
c-main,main_00010_OD_IJSH_c5c6a315753b,OD_IJSH,main_00010,20264010,1105.8877125701476,25,150,22
c-main,main_00010_OD_JSH_b060ed662876,OD_JSH,main_00010,20264010,1146.1042065701477,25,150,22
c-main,main_00011_CEN_abeef4156c44,CEN,main_00011,20264011,1135.980485028287,24,144,22
c-main,main_00011_IJSH_580ed6962a92,IJSH,main_00011,20264011,1046.574503028287,24,144,22
c-main,main_00011_JSH_8b7981311c63,JSH,main_00011,20264011,1066.0302170282866,24,144,22
c-main,main_00011_OD_CEN_951c100293eb,OD_CEN,main_00011,20264011,1135.8832020282869,24,144,22
c-main,main_00011_OD_IJSH_40a7324595a5,OD_IJSH,main_00011,20264011,1046.7496390282865,24,144,22
c-main,main_00011_OD_JSH_facb39055378,OD_JSH,main_00011,20264011,1066.0997560282865,24,144,22
c-main,main_00012_CEN_941f394ef1c8,CEN,main_00012,20264012,1066.1331091789011,29,174,22
c-main,main_00012_IJSH_5a3f2f8d0e71,IJSH,main_00012,20264012,1037.6465681789014,29,174,22
c-main,main_00012_JSH_b8000038b65d,JSH,main_00012,20264012,998.2798581789013,29,174,22
c-main,main_00012_OD_CEN_a01bfd5759db,OD_CEN,main_00012,20264012,1066.6339851789014,29,174,22
c-main,main_00012_OD_IJSH_6cb3ef9972cf,OD_IJSH,main_00012,20264012,1038.5429651789013,29,174,22
c-main,main_00012_OD_JSH_bacf0cee9bd7,OD_JSH,main_00012,20264012,998.5331491789013,29,174,22
c-main,main_00013_CEN_929fa211e09c,CEN,main_00013,20264013,727.3279417505433,18,108,22
c-main,main_00013_IJSH_92f1d59b5447,IJSH,main_00013,20264013,767.9063137505433,18,108,22
c-main,main_00013_JSH_02a714173897,JSH,main_00013,20264013,740.1879927505435,18,108,22
c-main,main_00013_OD_CEN_20124b30f032,OD_CEN,main_00013,20264013,727.3591887505432,18,108,22
c-main,main_00013_OD_IJSH_d67d6cbe23c2,OD_IJSH,main_00013,20264013,767.9623367505434,18,108,22
c-main,main_00013_OD_JSH_5427f87a753f,OD_JSH,main_00013,20264013,740.1995797505434,18,108,22
c-main,main_00014_CEN_aa2924a10c23,CEN,main_00014,20264014,605.4377889141286,16,96,22
c-main,main_00014_IJSH_47a7471cb9a3,IJSH,main_00014,20264014,588.0647139141287,16,96,22
c-main,main_00014_JSH_66f52ad4b731,JSH,main_00014,20264014,607.7152529141288,16,96,22
c-main,main_00014_OD_CEN_61285716bd88,OD_CEN,main_00014,20264014,605.4126729141286,16,96,22
c-main,main_00014_OD_IJSH_c7dd69e4d019,OD_IJSH,main_00014,20264014,588.0613509141286,16,96,22
c-main,main_00014_OD_JSH_98026ebacc93,OD_JSH,main_00014,20264014,607.7152529141288,16,96,22
c-main,main_00015_CEN_4ef3c8789814,CEN,main_00015,20264015,2146.8998082158764,24,144,22
c-main,main_00015_IJSH_8e95c3c5c61b,IJSH,main_00015,20264015,2292.379836215876,24,144,22
c-main,main_00015_JSH_f47d878c5609,JSH,main_00015,20264015,2355.120925215876,24,144,22
c-main,main_00015_OD_CEN_e0cc6d225b83,OD_CEN,main_00015,20264015,2148.4987762158767,24,144,22
c-main,main_00015_OD_IJSH_13eaa9a691cb,OD_IJSH,main_00015,20264015,2293.834782215876,24,144,22
c-main,main_00015_OD_JSH_e45e4d884c91,OD_JSH,main_00015,20264015,2357.1961752158763,24,144,22
c-main,main_00016_CEN_9a89c179dfbc,CEN,main_00016,20264016,1603.5269192928506,20,120,22
c-main,main_00016_IJSH_61f61a72a843,IJSH,main_00016,20264016,1599.5265282928503,20,120,22
c-main,main_00016_JSH_d2ea6d7a42eb,JSH,main_00016,20264016,1599.5265282928503,20,120,22
c-main,main_00016_OD_CEN_bf8938a5a503,OD_CEN,main_00016,20264016,1603.3860032928505,20,120,22
c-main,main_00016_OD_IJSH_7118ec03333c,OD_IJSH,main_00016,20264016,1599.6921382928504,20,120,22
c-main,main_00016_OD_JSH_2149281715e5,OD_JSH,main_00016,20264016,1599.6921382928504,20,120,22
c-main,main_00017_CEN_aac64986b670,CEN,main_00017,20264017,566.423060954702,17,102,22
c-main,main_00017_IJSH_a1b52d42ad40,IJSH,main_00017,20264017,601.972421954702,17,102,22
c-main,main_00017_JSH_10fc1e7c0751,JSH,main_00017,20264017,602.646360954702,17,102,22
c-main,main_00017_OD_CEN_5709574db50d,OD_CEN,main_00017,20264017,566.5356169547019,17,102,22
c-main,main_00017_OD_IJSH_9986867e1080,OD_IJSH,main_00017,20264017,601.720034954702,17,102,22
c-main,main_00017_OD_JSH_736bb065ea30,OD_JSH,main_00017,20264017,602.383293954702,17,102,22
c-main,main_00018_CEN_d21a00ccf796,CEN,main_00018,20264018,813.7350223095542,18,108,22
c-main,main_00018_IJSH_1661d9afe01f,IJSH,main_00018,20264018,746.8297253095543,18,108,22
c-main,main_00018_JSH_6144773e7606,JSH,main_00018,20264018,743.2536033095543,18,108,22
c-main,main_00018_OD_CEN_ca74f7fbe560,OD_CEN,main_00018,20264018,813.7074013095541,18,108,22
c-main,main_00018_OD_IJSH_d6604b74dc24,OD_IJSH,main_00018,20264018,746.8412983095543,18,108,22
c-main,main_00018_OD_JSH_631036ed3fae,OD_JSH,main_00018,20264018,743.2353043095542,18,108,22
c-main,main_00019_CEN_9ea270329ffe,CEN,main_00019,20264019,802.5461210000001,23,138,22
c-main,main_00019_IJSH_b8943eb21aaa,IJSH,main_00019,20264019,820.3220976315919,23,138,22
c-main,main_00019_JSH_77f839d92878,JSH,main_00019,20264019,808.1629126315919,23,138,22
c-main,main_00019_OD_CEN_260f163fd965,OD_CEN,main_00019,20264019,744.481470631592,23,138,22
c-main,main_00019_OD_IJSH_d6bf342983be,OD_IJSH,main_00019,20264019,823.1011386315919,23,138,22
c-main,main_00019_OD_JSH_9fcf5fa793b7,OD_JSH,main_00019,20264019,810.7702566315919,23,138,22
c-main,main_00020_CEN_44dab071c441,CEN,main_00020,20264020,900.0437176977359,24,144,22
c-main,main_00020_IJSH_c5cbdc554f44,IJSH,main_00020,20264020,900.1067256977362,24,144,22
c-main,main_00020_JSH_b2ad38b8d4e0,JSH,main_00020,20264020,886.9552356977363,24,144,22
c-main,main_00020_OD_CEN_56496b18de39,OD_CEN,main_00020,20264020,899.8925476977356,24,144,22
c-main,main_00020_OD_IJSH_48dbce5d6734,OD_IJSH,main_00020,20264020,899.7945126977359,24,144,22
c-main,main_00020_OD_JSH_ccbfaeb69a65,OD_JSH,main_00020,20264020,886.7933826977362,24,144,22
c-main,main_00021_CEN_39095144824e,CEN,main_00021,20264021,1347.000102098056,20,120,22
c-main,main_00021_IJSH_ed01437619bb,IJSH,main_00021,20264021,1423.704445098056,20,120,22
c-main,main_00021_JSH_35d9b9dc7562,JSH,main_00021,20264021,1423.704445098056,20,120,22
c-main,main_00021_OD_CEN_22be9d011e7a,OD_CEN,main_00021,20264021,1346.773715098056,20,120,22
c-main,main_00021_OD_IJSH_de33342320a7,OD_IJSH,main_00021,20264021,1423.511354098056,20,120,22
c-main,main_00021_OD_JSH_066097d02d52,OD_JSH,main_00021,20264021,1423.511354098056,20,120,22
c-main,main_00022_CEN_77e57a9297f0,CEN,main_00022,20264022,761.4631059999999,22,132,22
c-main,main_00022_IJSH_3bdb4443a863,IJSH,main_00022,20264022,761.882343,22,132,22
c-main,main_00022_JSH_b31d2366878d,JSH,main_00022,20264022,761.882343,22,132,22
c-main,main_00022_OD_CEN_533aa0e980c4,OD_CEN,main_00022,20264022,703.4862194632007,22,132,22
c-main,main_00022_OD_IJSH_bab0c881cbf1,OD_IJSH,main_00022,20264022,576.7014884632007,22,132,22
c-main,main_00022_OD_JSH_8e859733d83a,OD_JSH,main_00022,20264022,576.7014884632007,22,132,22
c-main,main_00023_CEN_9345aa646229,CEN,main_00023,20264023,746.1282036330342,20,120,22
c-main,main_00023_IJSH_3a0db3dde7b0,IJSH,main_00023,20264023,729.9544906330342,20,120,22
c-main,main_00023_JSH_aede163c1e56,JSH,main_00023,20264023,761.8081016330342,20,120,22
c-main,main_00023_OD_CEN_9e8d73a81b29,OD_CEN,main_00023,20264023,745.474451633034,20,120,22
c-main,main_00023_OD_IJSH_0bb8e7b2c631,OD_IJSH,main_00023,20264023,729.5123536330341,20,120,22
c-main,main_00023_OD_JSH_88abcf0f34c8,OD_JSH,main_00023,20264023,761.7630606330341,20,120,22
c-main,main_00024_CEN_d49c8087d7a9,CEN,main_00024,20264024,710.7682329089314,20,120,22
c-main,main_00024_IJSH_e008707f7164,IJSH,main_00024,20264024,813.4025529089313,20,120,22
c-main,main_00024_JSH_208f2bbffd53,JSH,main_00024,20264024,803.9959639089313,20,120,22
c-main,main_00024_OD_CEN_3b63f966c6ff,OD_CEN,main_00024,20264024,710.2484139089313,20,120,22
c-main,main_00024_OD_IJSH_e03e72a2a6d1,OD_IJSH,main_00024,20264024,814.0966529089313,20,120,22
c-main,main_00024_OD_JSH_bf5669e70d5b,OD_JSH,main_00024,20264024,804.2024959089314,20,120,22
