stage,variant,tag,k,options_digest,strategy,metric,n,mean,median,p95,incomplete_recoveries,runs_using_unseen_score_fallback
a-main,main,default,,44136fa355b3,CEN,triangle_area,24,50.23282989051976,48.185750702641016,75.95935700624298,0,0
a-main,main,default,,44136fa355b3,CEN,weighted_triangle_area,24,57.20895478581258,52.82429911500743,95.35680211141785,0,0
a-main,main,default,,44136fa355b3,CEN,gini_restore,24,0.950081957027655,0.9576229711152269,0.9862443706893267,0,0
a-main,main,default,,44136fa355b3,CEN,min_time_avg_cri,24,0.8490598735008245,0.8502713188372029,0.9096175271097833,0,0
a-main,main,default,,44136fa355b3,CEN,p90_access_restore,24,18.896304453725637,0.0,151.22528916960263,0,0
a-main,main,default,,44136fa355b3,IJSH,triangle_area,24,50.38103484004059,47.31382680141367,75.43248562282614,0,24
a-main,main,default,,44136fa355b3,IJSH,weighted_triangle_area,24,56.93507209569473,50.16785825679496,96.74310455982321,0,24
a-main,main,default,,44136fa355b3,IJSH,gini_restore,24,0.9503953662054353,0.9550676314787074,0.9850261092270105,0,24
a-main,main,default,,44136fa355b3,IJSH,min_time_avg_cri,24,0.863096513435815,0.8701016366722933,0.8998930914827615,0,24
a-main,main,default,,44136fa355b3,IJSH,p90_access_restore,24,18.896304453725637,0.0,151.22528916960263,0,24
a-main,main,default,,44136fa355b3,JSH,triangle_area,24,50.42316347265984,48.07835373232096,75.55632994247087,0,24
a-main,main,default,,44136fa355b3,JSH,weighted_triangle_area,24,57.492231448335026,52.92308387291009,101.10164759604109,0,24
a-main,main,default,,44136fa355b3,JSH,gini_restore,24,0.9502356495938887,0.9553851930186369,0.9850442345216162,0,24
a-main,main,default,,44136fa355b3,JSH,min_time_avg_cri,24,0.8537386357758493,0.8513286801096507,0.9044238207585639,0,24
a-main,main,default,,44136fa355b3,JSH,p90_access_restore,24,18.896304453725637,0.0,151.22528916960263,0,24
b-main,main,default,,44136fa355b3,baseline_reference,triangle_area,6,67.09935825977172,54.46948687934518,111.06796617852356,0,0
b-main,main,default,,44136fa355b3,baseline_reference,weighted_triangle_area,6,87.64535876423834,63.367515182336824,190.5034934694359,0,0
b-main,main,default,,44136fa355b3,baseline_reference,gini_restore,6,0.9561513041327556,0.9599336819537365,0.9779213788066123,0,0
b-main,main,default,,44136fa355b3,baseline_reference,min_time_avg_cri,6,0.763261895408038,0.8277624220639315,0.8641708454526782,0,0
b-main,main,default,,44136fa355b3,baseline_reference,p90_access_restore,6,0.0,0.0,0.0,0,0
b-main,main,default,,44136fa355b3,guardrail_gini_restore,triangle_area,6,68.6790137341704,61.00900602286052,106.5137819030506,0,0
b-main,main,default,,44136fa355b3,guardrail_gini_restore,weighted_triangle_area,6,81.24480439934663,69.52517455500345,148.98707294895712,0,0
b-main,main,default,,44136fa355b3,guardrail_gini_restore,gini_restore,6,0.9517009332495757,0.9555630592580019,0.9768154658215444,0,0
b-main,main,default,,44136fa355b3,guardrail_gini_restore,min_time_avg_cri,6,0.7569580722300028,0.8055409607604357,0.8775009181857953,0,0
b-main,main,default,,44136fa355b3,guardrail_gini_restore,p90_access_restore,6,0.0,0.0,0.0,0,0
b-main,main,default,,44136fa355b3,single_gini_restore,triangle_area,6,69.35088561279552,62.34967193217124,110.83204118226828,0,0
b-main,main,default,,44136fa355b3,single_gini_restore,weighted_triangle_area,6,83.7375932926818,70.77116297178777,163.1437886929581,0,0
b-main,main,default,,44136fa355b3,single_gini_restore,gini_restore,6,0.9517584980131303,0.9549021208343521,0.9771460842572379,0,0
b-main,main,default,,44136fa355b3,single_gini_restore,min_time_avg_cri,6,0.7806813427902582,0.8348993528721673,0.8962189252422599,0,0
b-main,main,default,,44136fa355b3,single_gini_restore,p90_access_restore,6,0.0,0.0,0.0,0,0
b-main,main,default,,44136fa355b3,single_maximin_time_avg_cri,triangle_area,6,62.495066491953615,52.83801362749168,95.20128399244922,0,0
b-main,main,default,,44136fa355b3,single_maximin_time_avg_cri,weighted_triangle_area,6,77.071610522912,60.445773896096796,147.53189368821887,0,0
b-main,main,default,,44136fa355b3,single_maximin_time_avg_cri,gini_restore,6,0.9544896740399613,0.9596679638031826,0.9785332500359665,0,0
b-main,main,default,,44136fa355b3,single_maximin_time_avg_cri,min_time_avg_cri,6,0.8381087999661806,0.8290086962177255,0.8820881298343538,0,0
b-main,main,default,,44136fa355b3,single_maximin_time_avg_cri,p90_access_restore,6,0.0,0.0,0.0,0,0
b-main,main,default,,44136fa355b3,single_p90_access_restore,triangle_area,6,67.09935825977172,54.46948687934518,111.06796617852356,0,0
b-main,main,default,,44136fa355b3,single_p90_access_restore,weighted_triangle_area,6,87.64535876423834,63.367515182336824,190.5034934694359,0,0
b-main,main,default,,44136fa355b3,single_p90_access_restore,gini_restore,6,0.9561513041327556,0.9599336819537365,0.9779213788066123,0,0
b-main,main,default,,44136fa355b3,single_p90_access_restore,min_time_avg_cri,6,0.763261895408038,0.8277624220639315,0.8641708454526782,0,0
b-main,main,default,,44136fa355b3,single_p90_access_restore,p90_access_restore,6,0.0,0.0,0.0,0,0
b-main,main,default,,44136fa355b3,single_triangle,triangle_area,6,58.66301769752676,49.508620893389924,94.91337104321397,0,0
b-main,main,default,,44136fa355b3,single_triangle,weighted_triangle_area,6,72.05223523799312,60.67086229403208,137.64913121117232,0,0
b-main,main,default,,44136fa355b3,single_triangle,gini_restore,6,0.9541077014108179,0.9579885208089426,0.9785521066244031,0,0
b-main,main,default,,44136fa355b3,single_triangle,min_time_avg_cri,6,0.8274881858676023,0.8166069082562293,0.8703853637396827,0,0
b-main,main,default,,44136fa355b3,single_triangle,p90_access_restore,6,0.0,0.0,0.0,0,0
b-main,main,default,,44136fa355b3,weighted_gini_restore_l050,triangle_area,6,60.54884679818398,51.561899637079605,95.46397256357284,0,0
b-main,main,default,,44136fa355b3,weighted_gini_restore_l050,weighted_triangle_area,6,72.98189157314057,60.30707191632563,137.81232118857068,0,0
b-main,main,default,,44136fa355b3,weighted_gini_restore_l050,gini_restore,6,0.9546004536107274,0.9596864737487116,0.97834745665844,0,0
b-main,main,default,,44136fa355b3,weighted_gini_restore_l050,min_time_avg_cri,6,0.8276545658850298,0.8279698579554544,0.8640895787727398,0,0
b-main,main,default,,44136fa355b3,weighted_gini_restore_l050,p90_access_restore,6,0.0,0.0,0.0,0,0
b-main,main,default,,44136fa355b3,weighted_maximin_time_avg_cri_l050,triangle_area,6,60.815033948074294,51.561899637079605,95.70102319845878,0,0
b-main,main,default,,44136fa355b3,weighted_maximin_time_avg_cri_l050,weighted_triangle_area,6,73.21649310085203,60.30707191632563,137.95573418377714,0,0
b-main,main,default,,44136fa355b3,weighted_maximin_time_avg_cri_l050,gini_restore,6,0.9546594753007297,0.9596864737487116,0.978313427672347,0,0
b-main,main,default,,44136fa355b3,weighted_maximin_time_avg_cri_l050,min_time_avg_cri,6,0.8297651111218625,0.8279698579554544,0.8644175042515956,0,0
b-main,main,default,,44136fa355b3,weighted_maximin_time_avg_cri_l050,p90_access_restore,6,0.0,0.0,0.0,0,0
c-main,main,default,,44136fa355b3,CEN,triangle_area,24,50.23282989051976,48.185750702641016,75.95935700624298,0,0
c-main,main,default,,44136fa355b3,CEN,weighted_triangle_area,24,57.20895478581258,52.82429911500743,95.35680211141785,0,0
c-main,main,default,,44136fa355b3,CEN,gini_restore,24,0.950081957027655,0.9576229711152269,0.9862443706893267,0,0
c-main,main,default,,44136fa355b3,CEN,min_time_avg_cri,24,0.8490598735008245,0.8502713188372029,0.9096175271097833,0,0
c-main,main,default,,44136fa355b3,CEN,p90_access_restore,24,18.896304453725637,0.0,151.22528916960263,0,0
c-main,main,default,,44136fa355b3,IJSH,triangle_area,24,50.38103484004059,47.31382680141367,75.43248562282614,0,24
c-main,main,default,,44136fa355b3,IJSH,weighted_triangle_area,24,56.93507209569473,50.16785825679496,96.74310455982321,0,24
c-main,main,default,,44136fa355b3,IJSH,gini_restore,24,0.9503953662054353,0.9550676314787074,0.9850261092270105,0,24
c-main,main,default,,44136fa355b3,IJSH,min_time_avg_cri,24,0.863096513435815,0.8701016366722933,0.8998930914827615,0,24
c-main,main,default,,44136fa355b3,IJSH,p90_access_restore,24,18.896304453725637,0.0,151.22528916960263,0,24
c-main,main,default,,44136fa355b3,JSH,triangle_area,24,50.42316347265984,48.07835373232096,75.55632994247087,0,24
c-main,main,default,,44136fa355b3,JSH,weighted_triangle_area,24,57.492231448335026,52.92308387291009,101.10164759604109,0,24
c-main,main,default,,44136fa355b3,JSH,gini_restore,24,0.9502356495938887,0.9553851930186369,0.9850442345216162,0,24
c-main,main,default,,44136fa355b3,JSH,min_time_avg_cri,24,0.8537386357758493,0.8513286801096507,0.9044238207585639,0,24
c-main,main,default,,44136fa355b3,JSH,p90_access_restore,24,18.896304453725637,0.0,151.22528916960263,0,24
c-main,main,default,,44136fa355b3,OD_CEN,triangle_area,24,50.10661856817428,47.918959899837716,75.95302514158377,0,0
c-main,main,default,,44136fa355b3,OD_CEN,weighted_triangle_area,24,56.771820774097286,52.684038338431094,95.20802364459708,0,0
c-main,main,default,,44136fa355b3,OD_CEN,gini_restore,24,0.9507505436652215,0.9579980261454678,0.9865572963426191,0,0
c-main,main,default,,44136fa355b3,OD_CEN,min_time_avg_cri,24,0.8489665806663166,0.8502347563527417,0.9092059497420588,0,0
c-main,main,default,,44136fa355b3,OD_CEN,p90_access_restore,24,18.896304453725637,0.0,151.22528916960263,0,0
c-main,main,default,,44136fa355b3,OD_IJSH,triangle_area,24,50.25177884770378,47.3204718520078,75.426247778067,0,24
c-main,main,default,,44136fa355b3,OD_IJSH,weighted_triangle_area,24,56.5626220780314,50.01382866346924,96.85879026485136,0,24
c-main,main,default,,44136fa355b3,OD_IJSH,gini_restore,24,0.9512105441192161,0.9568826755795297,0.9853859636684507,0,24
c-main,main,default,,44136fa355b3,OD_IJSH,min_time_avg_cri,24,0.8631059881102593,0.8701139171430172,0.8999011018996663,0,24
c-main,main,default,,44136fa355b3,OD_IJSH,p90_access_restore,24,18.896304453725637,0.0,151.22528916960263,0,24
c-main,main,default,,44136fa355b3,OD_JSH,triangle_area,24,50.28964608464229,47.82449264757926,75.54929956097192,0,24
c-main,main,default,,44136fa355b3,OD_JSH,weighted_triangle_area,24,57.11897249802862,52.84636325362972,101.21745370178749,0,24
c-main,main,default,,44136fa355b3,OD_JSH,gini_restore,24,0.9511287424207039,0.9576362549514574,0.9854038240085847,0,24
c-main,main,default,,44136fa355b3,OD_JSH,min_time_avg_cri,24,0.8537413646253708,0.8513039615064799,0.9044244222746107,0,24
c-main,main,default,,44136fa355b3,OD_JSH,p90_access_restore,24,18.896304453725637,0.0,151.22528916960263,0,24
