checkpoint,strategy,asset_type,shared_assets,spearman,kendall
24,CEN,power:,128,1.0,1.0
24,CEN,road:,8414,1.0,1.0
24,IJSH,power:,119,0.8739059529202727,0.7268324120646558
24,IJSH,road:,193,0.9959220260669835,0.9871545768566493
24,IJSH_a0,power:,119,0.8826583297355981,0.7393689177999929
24,IJSH_a0,road:,193,0.9995392874312269,0.9950345423143352
24,IJSH_a0.5,power:,119,0.8810346178447159,0.7370895531208407
24,IJSH_a0.5,road:,193,0.9964662010576358,0.9876943005181347
24,IJSH_a2,power:,119,0.8716769098420004,0.7274022532344439
24,IJSH_a2,road:,193,0.9948470300731798,0.9859671848013818
24,JSH,power:,119,0.8826583297355981,0.7393689177999929
24,JSH,road:,193,0.9995392874312269,0.9950345423143352
48,CEN,power:,128,1.0,1.0
48,CEN,road:,8414,1.0,1.0
48,IJSH,power:,127,0.9730736782902137,0.8882639670041245
48,IJSH,road:,377,0.9982630070671158,0.9940177210903551
48,IJSH_a0,power:,127,0.9830685226846644,0.9007624046994125
48,IJSH_a0,road:,377,0.9994947581154479,0.9967548958744852
48,IJSH_a0.5,power:,127,0.9763076490438694,0.8935133108361454
48,IJSH_a0.5,road:,377,0.9988446175166644,0.9949771431796378
48,IJSH_a2,power:,127,0.9705427446569177,0.8867641544806897
48,IJSH_a2,road:,377,0.9976883392143847,0.9932840453750214
48,JSH,power:,127,0.9830685226846644,0.9007624046994125
48,JSH,road:,377,0.9994947581154479,0.9967548958744852
72,CEN,power:,128,1.0,1.0
72,CEN,road:,8414,1.0,1.0
72,IJSH,power:,128,1.0,1.0
72,IJSH,road:,561,1.0,1.0
72,IJSH_a0,power:,128,1.0,1.0
72,IJSH_a0,road:,561,1.0,1.0
72,IJSH_a0.5,power:,128,1.0,1.0
72,IJSH_a0.5,road:,561,1.0,1.0
72,IJSH_a2,power:,128,1.0,1.0
72,IJSH_a2,road:,561,1.0,1.0
72,JSH,power:,128,1.0,1.0
72,JSH,road:,561,1.0,1.0
