BusNum,BusName,BusNomVolt,BusSlack,BusB:1,BusG:1,BusPUVolt,BusAngle,DCLossMultiplier,AreaNum,ZoneNum,BANumber,OwnerNum,SubNum,BusMonEle,LSName,BusVoltLim,BusVoltLimLow:1,BusVoltLimLow:2,BusVoltLimLow:3,BusVoltLimLow:4,BusVoltLimHigh:1,BusVoltLimHigh:2,BusVoltLimHigh:3,BusVoltLimHigh:4,Latitude,Longitude,TopologyBusType,Priority,EMSType,EMSDeviceID,DataMaintainerAssign,AllLabels,GICConductance
1,Travis_DS_1 1,69.00000000000000000000,NO ,0.00000000000000000000,0.00000000000000000000,1.00276326545298270000,-9.82035959983176060000,1.00000000000000000000,1,1,1,1,1,YES,Default,NO ,,,,,,,,,,,BusbarSection,0,,,,,
2,Travis_DS_2 1,69.00000000000000000000,NO ,0.00000000000000000000,0.00000000000000000000,1.01830224367138960000,-8.14922472775395460000,1.00000000000000000000,1,1,1,1,2,YES,Default,NO ,,,,,,,,,,,BusbarSection,0,,,,,
3,Travis_DS_3 1,69.00000000000000000000,NO ,0.00000000000000000000,0.00000000000000000000,1.01908572669519420000,-8.34319437035540740000,1.00000000000000000000,1,1,1,1,3,YES,Default,NO ,,,,,,,,,,,BusbarSection,0,,,,,
4,Travis_DS_4 1,69.00000000000000000000,NO ,0.00000000000000000000,0.00000000000000000000,1.01859793909382180000,-8.45067054667677700000,1.00000000000000000000,1,1,1,1,4,YES,Default,NO ,,,,,,,,,,,BusbarSection,0,,,,,
5,Travis_DS_5 1,69.00000000000000000000,NO ,0.00000000000000000000,0.00000000000000000000,1.01966434904696350000,-8.02673068226401790000,1.00000000000000000000,1,1,1,1,5,YES,Default,NO ,,,,,,,,,,,BusbarSection,0,,,,,
6,Travis_DS_6 1,69.00000000000000000000,NO ,0.00000000000000000000,0.00000000000000000000,1.01955565752795390000,-8.06432259488039680000,1.00000000000000000000,1,1,1,1,6,YES,Default,NO ,,,,,,,,,,,BusbarSection,0,,,,,
7,Travis_DS_7 1,69.00000000000000000000,NO ,0.00000000000000000000,0.00000000000000000000,1.00799684748528980000,-9.43498355688257280000,1.00000000000000000000,1,1,1,1,7,YES,Default,NO ,,,,,,,,,,,BusbarSection,0,,,,,
8,Travis_DS_8 1,69.00000000000000000000,NO ,0.00000000000000000000,0.00000000000000000000,1.00167672407917840000,-10.27188966412832000000,1.00000000000000000000,1,1,1,1,8,YES,Default,NO ,,,,,,,,,,,BusbarSection,0,,,,,
9,Travis_DS_9 1,69.00000000000000000000,NO ,0.00000000000000000000,0.00000000000000000000,1.00289276758761870000,-9.82414770052885120000,1.00000000000000000000,1,1,1,1,9,YES,Default,NO ,,,,,,,,,,,BusbarSection,0,,,,,
10,Travis_DS_10 1,69.00000000000000000000,NO ,0.00000000000000000000,0.00000000000000000000,1.00980228629690380000,-8.98826378998979970000,1.00000000000000000000,1,1,1,1,10,YES,Default,NO ,,,,,,,,,,,BusbarSection,0,,,,,
11,Travis_DS_11 1,69.00000000000000000000,NO ,0.00000000000000000000,0.00000000000000000000,1.01716027745820860000,-8.49014822280370560000,1.00000000000000000000,1,1,1,1,11,YES,Default,NO ,,,,,,,,,,,BusbarSection,0,,,,,
12,Travis_DS_12 1,69.00000000000000000000,NO ,0.00000000000000000000,0.00000000000000000000,0.99974016989611917000,-10.17081482142098400000,1.00000000000000000000,1,1,1,1,12,YES,Default,NO ,,,,,,,,,,,BusbarSection,0,,,,,
13,Travis_DS_13 1,69.00000000000000000000,NO ,0.00000000000000000000,0.00000000000000000000,1.03115906213741070000,-6.19969308755457020000,1.00000000000000000000,1,1,1,1,13,YES,Default,NO ,,,,,,,,,,,BusbarSection,0,,,,,
14,Travis_DS_14 1,69.00000000000000000000,NO ,0.00000000000000000000,0.00000000000000000000,1.01823130983875820000,-8.16330653211240580000,1.00000000000000000000,1,1,1,1,14,YES,Default,NO ,,,,,,,,,,,BusbarSection,0,,,,,
15,Travis_DS_15 1,69.00000000000000000000,NO ,0.00000000000000000000,0.00000000000000000000,0.99668736862635802000,-10.91220278637915400000,1.00000000000000000000,1,1,1,1,15,YES,Default,NO ,,,,,,,,,,,BusbarSection,0,,,,,
16,Travis_DS_16 1,69.00000000000000000000,NO ,0.00000000000000000000,0.00000000000000000000,1.00521991400068300000,-9.73909432281456770000,1.00000000000000000000,1,1,1,1,16,YES,Default,NO ,,,,,,,,,,,BusbarSection,0,,,,,
17,Travis_DS_17 1,230.00000000000000000000,NO ,0.00000000000000000000,0.00000000000000000000,1.01944522091822300000,-6.86713439169414020000,1.00000000000000000000,1,1,1,1,17,YES,Default,NO ,,,,,,,,,,,BusbarSection,0,,,,,
18,Travis_DS_17 2,69.00000000000000000000,NO ,0.00000000000000000000,0.00000000000000000000,1.00121552943741410000,-10.48063296866479000000,1.00000000000000000000,1,1,1,1,17,YES,Default,NO ,,,,,,,,,,,BusbarSection,0,,,,,
19,Travis_DS_17 3,13.80000019073486400000,NO ,0.00000000000000000000,0.00000000000000000000,0.98583796096159642000,-14.62125334101739500000,1.00000000000000000000,1,1,1,1,17,YES,Default,NO ,,,,,,,,,,,BusbarSection,0,,,,,
20,Travis_DS_17 4,1.00000000000000000000,NO ,0.00000000000000000000,0.00000000000000000000,0.98583796097619930000,-14.62125334427067800000,1.00000000000000000000,1,1,1,1,17,YES,Default,NO ,,,,,,,,,,,BusbarSection,0,,,,,
21,Travis_DS_18 1,69.00000000000000000000,NO ,0.00000000000000000000,0.00000000000000000000,1.00250233543390240000,-10.21690993247236800000,1.00000000000000000000,1,1,1,1,18,YES,Default,NO ,,,,,,,,,,,BusbarSection,0,,,,,
22,Travis_DS_19 1,69.00000000000000000000,NO ,0.00000000000000000000,0.00000000000000000000,1.00298190371158930000,-10.04989331285285900000,1.00000000000000000000,1,1,1,1,19,YES,Default,NO ,,,,,,,,,,,BusbarSection,0,,,,,
23,Travis_DS_20 1,69.00000000000000000000,NO ,0.00000000000000000000,0.00000000000000000000,0.99294030452245517000,-10.80505633089143700000,1.00000000000000000000,1,1,1,1,20,YES,Default,NO ,,,,,,,,,,,BusbarSection,0,,,,,
24,Travis_DS_21 1,69.00000000000000000000,NO ,0.00000000000000000000,0.00000000000000000000,0.99959932980779162000,-10.71283651023473000000,1.00000000000000000000,1,1,1,1,21,YES,Default,NO ,,,,,,,,,,,BusbarSection,0,,,,,
25,Travis_DS_22 1,69.00000000000000000000,NO ,0.00000000000000000000,0.00000000000000000000,0.99071283667420646000,-11.20284777209456200000,1.00000000000000000000,1,1,1,1,22,YES,Default,NO ,,,,,,,,,,,BusbarSection,0,,,,,
26,Travis_DS_22 2,18.00000000000000000000,NO ,0.00000000000000000000,0.00000000000000000000,0.99071283617537805000,-11.20284776416799400000,1.00000000000000000000,1,1,1,1,22,YES,Default,NO ,,,,,,,,,,,BusbarSection,0,,,,,
27,Travis_DS_22 3,18.00000000000000000000,NO ,0.00000000000000000000,0.00000000000000000000,0.99071283617537805000,-11.20284776416799400000,1.00000000000000000000,1,1,1,1,22,YES,Default,NO ,,,,,,,,,,,BusbarSection,0,,,,,
28,Travis_DS_22 4,1.00000000000000000000,NO ,0.00000000000000000000,0.00000000000000000000,0.99071283617537805000,-11.20284776416799400000,1.00000000000000000000,1,1,1,1,22,YES,Default,NO ,,,,,,,,,,,BusbarSection,0,,,,,
29,Travis_DS_23 1,69.00000000000000000000,NO ,0.00000000000000000000,0.00000000000000000000,0.99385641343745830000,-11.06296310673879700000,1.00000000000000000000,1,1,1,1,23,YES,Default,NO ,,,,,,,,,,,BusbarSection,0,,,,,
30,Travis_DS_24 1,69.00000000000000000000,NO ,0.00000000000000000000,0.00000000000000000000,0.99091085892659763000,-11.10784784802720800000,1.00000000000000000000,1,1,1,1,24,YES,Default,NO ,,,,,,,,,,,BusbarSection,0,,,,,
31,Travis_DS_25 1,69.00000000000000000000,NO ,0.00000000000000000000,0.00000000000000000000,1.00767202781514430000,-9.48097000075426300000,1.00000000000000000000,1,1,1,1,25,YES,Default,NO ,,,,,,,,,,,BusbarSection,0,,,,,
32,Travis_DS_26 1,230.00000000000000000000,NO ,0.00000000000000000000,0.00000000000000000000,1.01360287648074880000,-8.17234701075571330000,1.00000000000000000000,1,1,1,1,26,YES,Default,NO ,,,,,,,,,,,BusbarSection,0,,,,,
33,Travis_DS_26 2,69.00000000000000000000,NO ,0.00000000000000000000,0.00000000000000000000,1.00967981765470260000,-9.28492979572481920000,1.00000000000000000000,1,1,1,1,26,YES,Default,NO ,,,,,,,,,,,BusbarSection,0,,,,,
34,Travis_DS_27 1,69.00000000000000000000,NO ,0.00000000000000000000,0.00000000000000000000,1.00219585111552100000,-10.14332139803137600000,1.00000000000000000000,1,1,1,1,27,YES,Default,NO ,,,,,,,,,,,BusbarSection,0,,,,,
35,Travis_DS_28 1,69.00000000000000000000,NO ,0.00000000000000000000,0.00000000000000000000,0.99528101825606912000,-10.52254194580218600000,1.00000000000000000000,1,1,1,1,28,YES,Default,NO ,,,,,,,,,,,BusbarSection,0,,,,,
36,Travis_DS_29 1,69.00000000000000000000,NO ,0.00000000000000000000,0.00000000000000000000,0.99562917496887142000,-11.01164063103637100000,1.00000000000000000000,1,1,1,1,29,YES,Default,NO ,,,,,,,,,,,BusbarSection,0,,,,,
37,Travis_DS_30 1,69.00000000000000000000,NO ,0.00000000000000000000,0.00000000000000000000,1.00477425822041380000,-9.72873316952458110000,1.00000000000000000000,1,1,1,1,30,YES,Default,NO ,,,,,,,,,,,BusbarSection,0,,,,,
38,Travis_DS_31 1,69.00000000000000000000,NO ,0.00000000000000000000,0.00000000000000000000,1.00754835763483360000,-9.31254583459777410000,1.00000000000000000000,1,1,1,1,31,YES,Default,NO ,,,,,,,,,,,BusbarSection,0,,,,,
39,Travis_DS_32 1,230.00000000000000000000,NO ,0.00000000000000000000,0.00000000000000000000,1.01625283538306130000,-7.55876974560415620000,1.00000000000000000000,1,1,1,1,32,YES,Default,NO ,,,,,,,,,,,BusbarSection,0,,,,,
40,Travis_DS_32 2,69.00000000000000000000,NO ,0.00000000000000000000,0.00000000000000000000,1.01134715077818660000,-8.93766274946975870000,1.00000000000000000000,1,1,1,1,32,YES,Default,NO ,,,,,,,,,,,BusbarSection,0,,,,,
41,Travis_DS_33 1,69.00000000000000000000,NO ,0.00000000000000000000,0.00000000000000000000,0.99961895267837402000,-10.02257972816289000000,1.00000000000000000000,1,1,1,1,33,YES,Default,NO ,,,,,,,,,,,BusbarSection,0,,,,,
42,Travis_DS_34 1,69.00000000000000000000,NO ,0.00000000000000000000,0.00000000000000000000,0.99959595427415347000,-10.04214781644101800000,1.00000000000000000000,1,1,1,1,34,YES,Default,NO ,,,,,,,,,,,BusbarSection,0,,,,,
43,Travis_DS_35 1,69.00000000000000000000,NO ,0.00000000000000000000,0.00000000000000000000,1.00131922964839890000,-9.90013964476739840000,1.00000000000000000000,1,1,1,1,35,YES,Default,NO ,,,,,,,,,,,BusbarSection,0,,,,,
44,Travis_DS_36 1,69.00000000000000000000,NO ,0.00000000000000000000,0.00000000000000000000,1.00040066554813740000,-10.40306639191848000000,1.00000000000000000000,1,1,1,1,36,YES,Default,NO ,,,,,,,,,,,BusbarSection,0,,,,,
45,Travis_DS_37 1,69.00000000000000000000,NO ,0.00000000000000000000,0.00000000000000000000,0.99851737605537344000,-10.16965607645285800000,1.00000000000000000000,1,1,1,1,37,YES,Default,NO ,,,,,,,,,,,BusbarSection,0,,,,,
46,Travis_DS_38 1,230.00000000000000000000,NO ,0.00000000000000000000,0.00000000000000000000,1.01738572875847300000,-7.28063614566378620000,1.00000000000000000000,1,1,1,1,38,YES,Default,NO ,,,,,,,,,,,BusbarSection,0,,,,,
47,Travis_DS_38 2,69.00000000000000000000,NO ,0.00000000000000000000,0.00000000000000000000,1.00145327826867230000,-10.32463959077545600000,1.00000000000000000000,1,1,1,1,38,YES,Default,NO ,,,,,,,,,,,BusbarSection,0,,,,,
48,Travis_DS_38 3,22.00000000000000000000,NO ,0.00000000000000000000,0.00000000000000000000,0.98294808808712192000,-15.08724090796476800000,1.00000000000000000000,1,1,1,1,38,YES,Default,NO ,,,,,,,,,,,BusbarSection,0,,,,,
49,Travis_DS_38 4,1.00000000000000000000,NO ,0.00000000000000000000,0.00000000000000000000,0.98294808786369920000,-15.08724091147559700000,1.00000000000000000000,1,1,1,1,38,YES,Default,NO ,,,,,,,,,,,BusbarSection,0,,,,,
50,Travis_DS_39 1,69.00000000000000000000,NO ,0.00000000000000000000,0.00000000000000000000,0.99526684610538534000,-10.48445417600502900000,1.00000000000000000000,1,1,1,1,39,YES,Default,NO ,,,,,,,,,,,BusbarSection,0,,,,,
51,Travis_DS_40 1,69.00000000000000000000,NO ,0.00000000000000000000,0.00000000000000000000,0.99954811129209408000,-10.06726040784185000000,1.00000000000000000000,1,1,1,1,40,YES,Default,NO ,,,,,,,,,,,BusbarSection,0,,,,,
52,Travis_DS_41 1,69.00000000000000000000,NO ,0.00000000000000000000,0.00000000000000000000,0.99883754691660506000,-10.17801183204573800000,1.00000000000000000000,1,1,1,1,41,YES,Default,NO ,,,,,,,,,,,BusbarSection,0,,,,,
53,Travis_DS_42 1,69.00000000000000000000,NO ,0.00000000000000000000,0.00000000000000000000,1.01442849339061310000,-8.54085048743867010000,1.00000000000000000000,1,1,1,1,42,YES,Default,NO ,,,,,,,,,,,BusbarSection,0,,,,,
54,Travis_DS_43 1,69.00000000000000000000,NO ,0.00000000000000000000,0.00000000000000000000,1.01726158943012210000,-8.06168105304914430000,1.00000000000000000000,1,1,1,1,43,YES,Default,NO ,,,,,,,,,,,BusbarSection,0,,,,,
55,Travis_DS_44 1,69.00000000000000000000,NO ,0.00000000000000000000,0.00000000000000000000,0.99143247313411558000,-11.60090915333942100000,1.00000000000000000000,1,1,1,1,44,YES,Default,NO ,,,,,,,,,,,BusbarSection,0,,,,,
56,Travis_DS_45 1,69.00000000000000000000,NO ,0.00000000000000000000,0.00000000000000000000,0.99455410529585280000,-11.05017955391788500000,1.00000000000000000000,1,1,1,1,45,YES,Default,NO ,,,,,,,,,,,BusbarSection,0,,,,,
57,Travis_DS_46 1,69.00000000000000000000,NO ,0.00000000000000000000,0.00000000000000000000,0.99012037369897523000,-11.55994602935489800000,1.00000000000000000000,1,1,1,1,46,YES,Default,NO ,,,,,,,,,,,BusbarSection,0,,,,,
58,Travis_DS_47 1,230.00000000000000000000,NO ,0.00000000000000000000,0.00000000000000000000,1.01710202885573710000,-7.53727005482172540000,1.00000000000000000000,1,1,1,1,47,YES,Default,NO ,,,,,,,,,,,BusbarSection,0,,,,,
59,Travis_DS_47 2,69.00000000000000000000,NO ,0.00000000000000000000,0.00000000000000000000,0.99504654381811277000,-11.62375037123621600000,1.00000000000000000000,1,1,1,1,47,YES,Default,NO ,,,,,,,,,,,BusbarSection,0,,,,,
60,Travis_DS_48 1,69.00000000000000000000,NO ,0.00000000000000000000,0.00000000000000000000,0.99565929899817997000,-10.91933555736066200000,1.00000000000000000000,1,1,1,1,48,YES,Default,NO ,,,,,,,,,,,BusbarSection,0,,,,,
61,Travis_DS_49 1,69.00000000000000000000,NO ,0.00000000000000000000,0.00000000000000000000,0.99533049279601357000,-10.76900592307116800000,1.00000000000000000000,1,1,1,1,49,YES,Default,NO ,,,,,,,,,,,BusbarSection,0,,,,,
62,Travis_DS_50 1,69.00000000000000000000,NO ,0.00000000000000000000,0.00000000000000000000,0.99484436407308147000,-10.86237375189848000000,1.00000000000000000000,1,1,1,1,50,YES,Default,NO ,,,,,,,,,,,BusbarSection,0,,,,,
63,Travis_DS_51 1,69.00000000000000000000,NO ,0.00000000000000000000,0.00000000000000000000,0.99395888818670285000,-11.27337935885991800000,1.00000000000000000000,1,1,1,1,51,YES,Default,NO ,,,,,,,,,,,BusbarSection,0,,,,,
64,Travis_DS_52 1,69.00000000000000000000,NO ,0.00000000000000000000,0.00000000000000000000,1.00199977753931120000,-10.11686690719608300000,1.00000000000000000000,1,1,1,1,52,YES,Default,NO ,,,,,,,,,,,BusbarSection,0,,,,,
65,Travis_DS_53 1,69.00000000000000000000,NO ,0.00000000000000000000,0.00000000000000000000,0.99801155117246080000,-10.72249618429609600000,1.00000000000000000000,1,1,1,1,53,YES,Default,NO ,,,,,,,,,,,BusbarSection,0,,,,,
66,Travis_DS_54 1,69.00000000000000000000,NO ,0.00000000000000000000,0.00000000000000000000,1.01255315382907970000,-8.79908192414770050000,1.00000000000000000000,1,1,1,1,54,YES,Default,NO ,,,,,,,,,,,BusbarSection,0,,,,,
67,Travis_DS_55 1,69.00000000000000000000,NO ,0.00000000000000000000,0.00000000000000000000,1.01513608227136960000,-8.62597449605070720000,1.00000000000000000000,1,1,1,1,55,YES,Default,NO ,,,,,,,,,,,BusbarSection,0,,,,,
68,Travis_DS_56 1,230.00000000000000000000,NO ,0.00000000000000000000,0.00000000000000000000,1.01770673718282540000,-7.47657513480650880000,1.00000000000000000000,1,1,1,1,56,YES,Default,NO ,,,,,,,,,,,BusbarSection,0,,,,,
69,Travis_DS_56 2,69.00000000000000000000,NO ,0.00000000000000000000,0.00000000000000000000,1.01104107926587600000,-9.12251056136256380000,1.00000000000000000000,1,1,1,1,56,YES,Default,NO ,,,,,,,,,,,BusbarSection,0,,,,,
70,Travis_DS_57 1,230.00000000000000000000,NO ,0.00000000000000000000,0.00000000000000000000,1.01634664918203900000,-7.65402482842916740000,1.00000000000000000000,1,1,1,1,57,YES,Default,NO ,,,,,,,,,,,BusbarSection,0,,,,,
71,Travis_DS_57 2,69.00000000000000000000,NO ,0.00000000000000000000,0.00000000000000000000,1.00058709918242190000,-10.56945130306779800000,1.00000000000000000000,1,1,1,1,57,YES,Default,NO ,,,,,,,,,,,BusbarSection,0,,,,,
72,Travis_DS_58 1,69.00000000000000000000,NO ,0.00000000000000000000,0.00000000000000000000,0.99927350255499443000,-10.68547173100652000000,1.00000000000000000000,1,1,1,1,58,YES,Default,NO ,,,,,,,,,,,BusbarSection,0,,,,,
73,Travis_DS_59 1,230.00000000000000000000,NO ,0.00000000000000000000,0.00000000000000000000,1.02151918547670910000,-6.91084325724880900000,1.00000000000000000000,1,1,1,1,59,YES,Default,NO ,,,,,,,,,,,BusbarSection,0,,,,,
74,Travis_DS_59 2,69.00000000000000000000,NO ,0.00000000000000000000,0.00000000000000000000,1.00611053556816850000,-9.80970404776944770000,1.00000000000000000000,1,1,1,1,59,YES,Default,NO ,,,,,,,,,,,BusbarSection,0,,,,,
75,Travis_DS_60 1,69.00000000000000000000,NO ,0.00000000000000000000,0.00000000000000000000,0.99774522041690432000,-10.51610696805029100000,1.00000000000000000000,1,1,1,1,60,YES,Default,NO ,,,,,,,,,,,BusbarSection,0,,,,,
76,Travis_DS_61 1,69.00000000000000000000,NO ,0.00000000000000000000,0.00000000000000000000,0.99505258429703347000,-10.75629951368121900000,1.00000000000000000000,1,1,1,1,61,YES,Default,NO ,,,,,,,,,,,BusbarSection,0,,,,,
77,Travis_DS_62 1,69.00000000000000000000,NO ,0.00000000000000000000,0.00000000000000000000,0.99950880569330598000,-10.32849407335822600000,1.00000000000000000000,1,1,1,1,62,YES,Default,NO ,,,,,,,,,,,BusbarSection,0,,,,,
78,Travis_DS_63 1,69.00000000000000000000,NO ,0.00000000000000000000,0.00000000000000000000,1.00168381839255630000,-10.14521667784333400000,1.00000000000000000000,1,1,1,1,63,YES,Default,NO ,,,,,,,,,,,BusbarSection,0,,,,,
79,Travis_DS_64 1,69.00000000000000000000,NO ,0.00000000000000000000,0.00000000000000000000,1.00184168646549950000,-10.14009120715586900000,1.00000000000000000000,1,1,1,1,64,YES,Default,NO ,,,,,,,,,,,BusbarSection,0,,,,,
80,Travis_DS_65 1,69.00000000000000000000,NO ,0.00000000000000000000,0.00000000000000000000,1.00465713190688420000,-9.68031148617904510000,1.00000000000000000000,1,1,1,1,65,YES,Default,NO ,,,,,,,,,,,BusbarSection,0,,,,,
81,Travis_DS_66 1,69.00000000000000000000,NO ,0.00000000000000000000,0.00000000000000000000,1.00396694674992480000,-9.75609445074155650000,1.00000000000000000000,1,1,1,1,66,YES,Default,NO ,,,,,,,,,,,BusbarSection,0,,,,,
82,Travis_DS_67 1,69.00000000000000000000,NO ,0.00000000000000000000,0.00000000000000000000,1.00713881943704560000,-9.44597627742387970000,1.00000000000000000000,1,1,1,1,67,YES,Default,NO ,,,,,,,,,,,BusbarSection,0,,,,,
83,Travis_DS_68 1,69.00000000000000000000,NO ,0.00000000000000000000,0.00000000000000000000,1.00289607483919280000,-9.91005729749863940000,1.00000000000000000000,1,1,1,1,68,YES,Default,NO ,,,,,,,,,,,BusbarSection,0,,,,,
84,Travis_DS_69 1,69.00000000000000000000,NO ,0.00000000000000000000,0.00000000000000000000,0.97914977552564480000,-12.74380048327688500000,1.00000000000000000000,1,1,1,1,69,YES,Default,NO ,,,,,,,,,,,BusbarSection,0,,,,,
85,Travis_DS_70 1,69.00000000000000000000,NO ,0.00000000000000000000,0.00000000000000000000,0.98890314822950605000,-12.08843386968383700000,1.00000000000000000000,1,1,1,1,70,YES,Default,NO ,,,,,,,,,,,BusbarSection,0,,,,,
86,Travis_DS_71 1,69.00000000000000000000,NO ,0.00000000000000000000,0.00000000000000000000,1.01258737610737980000,-8.79053935769603710000,1.00000000000000000000,1,1,1,1,71,YES,Default,NO ,,,,,,,,,,,BusbarSection,0,,,,,
87,Travis_DS_72 1,230.00000000000000000000,NO ,0.00000000000000000000,0.00000000000000000000,1.03039061557003090000,-5.75787057297762750000,1.00000000000000000000,1,1,1,1,72,YES,Default,NO ,,,,,,,,,,,BusbarSection,0,,,,,
88,Travis_DS_72 2,69.00000000000000000000,NO ,0.00000000000000000000,0.00000000000000000000,1.02415860676755120000,-7.59643887209536260000,1.00000000000000000000,1,1,1,1,72,YES,Default,NO ,,,,,,,,,,,BusbarSection,0,,,,,
89,Travis_DS_73 1,69.00000000000000000000,NO ,0.00000000000000000000,0.00000000000000000000,1.01630744438736820000,-8.39430428803657470000,1.00000000000000000000,1,1,1,1,73,YES,Default,NO ,,,,,,,,,,,BusbarSection,0,,,,,
90,Travis_DS_74 1,69.00000000000000000000,NO ,0.00000000000000000000,0.00000000000000000000,1.01730267899303710000,-8.26956887151450240000,1.00000000000000000000,1,1,1,1,74,YES,Default,NO ,,,,,,,,,,,BusbarSection,0,,,,,
91,Travis_DS_75 1,69.00000000000000000000,NO ,0.00000000000000000000,0.00000000000000000000,1.01807037247527620000,-8.31816692936240770000,1.00000000000000000000,1,1,1,1,75,YES,Default,NO ,,,,,,,,,,,BusbarSection,0,,,,,
92,Travis_DS_76 1,69.00000000000000000000,NO ,0.00000000000000000000,0.00000000000000000000,1.00770256193072320000,-9.19638490016355580000,1.00000000000000000000,1,1,1,1,76,YES,Default,NO ,,,,,,,,,,,BusbarSection,0,,,,,
93,Travis_DS_77 1,69.00000000000000000000,NO ,0.00000000000000000000,0.00000000000000000000,0.98870884719183744000,-12.11544319756699400000,1.00000000000000000000,1,1,1,1,77,YES,Default,NO ,,,,,,,,,,,BusbarSection,0,,,,,
94,Travis_DS_78 1,230.00000000000000000000,NO ,0.00000000000000000000,0.00000000000000000000,1.01481626539094500000,-7.99503460643193340000,1.00000000000000000000,1,1,1,1,78,YES,Default,NO ,,,,,,,,,,,BusbarSection,0,,,,,
95,Travis_DS_78 2,69.00000000000000000000,NO ,0.00000000000000000000,0.00000000000000000000,1.00260056474561360000,-10.49648440662151000000,1.00000000000000000000,1,1,1,1,78,YES,Default,NO ,,,,,,,,,,,BusbarSection,0,,,,,
96,Travis_DS_79 1,69.00000000000000000000,NO ,0.00000000000000000000,0.00000000000000000000,0.97757785680539789000,-12.92265137122587400000,1.00000000000000000000,1,1,1,1,79,YES,Default,NO ,,,,,,,,,,,BusbarSection,0,,,,,
97,Travis_DS_80 1,69.00000000000000000000,NO ,0.00000000000000000000,0.00000000000000000000,0.99098754278352960000,-11.96649831832108000000,1.00000000000000000000,1,1,1,1,80,YES,Default,NO ,,,,,,,,,,,BusbarSection,0,,,,,
98,Travis_DS_81 1,69.00000000000000000000,NO ,0.00000000000000000000,0.00000000000000000000,0.97576556020233165000,-13.15792771759031800000,1.00000000000000000000,1,1,1,1,81,YES,Default,NO ,,,,,,,,,,,BusbarSection,0,,,,,
99,Travis_DS_82 1,69.00000000000000000000,NO ,0.00000000000000000000,0.00000000000000000000,0.98132161917096435000,-12.80039942890411200000,1.00000000000000000000,1,1,1,1,82,YES,Default,NO ,,,,,,,,,,,BusbarSection,0,,,,,
100,Travis_DS_83 1,69.00000000000000000000,NO ,0.00000000000000000000,0.00000000000000000000,0.98981331902993638000,-11.94222208657414900000,1.00000000000000000000,1,1,1,1,83,YES,Default,NO ,,,,,,,,,,,BusbarSection,0,,,,,
101,Travis_DS_84 1,230.00000000000000000000,NO ,0.00000000000000000000,0.00000000000000000000,1.01541089224876880000,-7.80679749664772990000,1.00000000000000000000,1,1,1,1,84,YES,Default,NO ,,,,,,,,,,,BusbarSection,0,,,,,
102,Travis_DS_84 2,69.00000000000000000000,NO ,0.00000000000000000000,0.00000000000000000000,0.99721601260164915000,-11.25206527512815800000,1.00000000000000000000,1,1,1,1,84,YES,Default,NO ,,,,,,,,,,,BusbarSection,0,,,,,
103,Travis_DS_85 1,69.00000000000000000000,NO ,0.00000000000000000000,0.00000000000000000000,0.98689241966030579000,-11.93594572597056000000,1.00000000000000000000,1,1,1,1,85,YES,Default,NO ,,,,,,,,,,,BusbarSection,0,,,,,
104,Travis_DS_86 1,69.00000000000000000000,NO ,0.00000000000000000000,0.00000000000000000000,0.97900402710782221000,-12.75696134273678400000,1.00000000000000000000,1,1,1,1,86,YES,Default,NO ,,,,,,,,,,,BusbarSection,0,,,,,
105,Travis_DS_87 1,69.00000000000000000000,NO ,0.00000000000000000000,0.00000000000000000000,0.98959797105538342000,-11.74264002571745800000,1.00000000000000000000,1,1,1,1,87,YES,Default,NO ,,,,,,,,,,,BusbarSection,0,,,,,
106,Travis_DS_88 1,69.00000000000000000000,NO ,0.00000000000000000000,0.00000000000000000000,0.99887198977897344000,-11.04206899822886100000,1.00000000000000000000,1,1,1,1,88,YES,Default,NO ,,,,,,,,,,,BusbarSection,0,,,,,
107,Travis_DS_89 1,69.00000000000000000000,NO ,0.00000000000000000000,0.00000000000000000000,0.99394868491420096000,-11.42408068112093800000,1.00000000000000000000,1,1,1,1,89,YES,Default,NO ,,,,,,,,,,,BusbarSection,0,,,,,
108,Travis_DS_90 1,69.00000000000000000000,NO ,0.00000000000000000000,0.00000000000000000000,1.00354934702281600000,-10.67947059303159400000,1.00000000000000000000,1,1,1,1,90,YES,Default,NO ,,,,,,,,,,,BusbarSection,0,,,,,
109,Travis_DS_91 1,69.00000000000000000000,NO ,0.00000000000000000000,0.00000000000000000000,1.00003833612081700000,-10.68466641370826700000,1.00000000000000000000,1,1,1,1,91,YES,Default,NO ,,,,,,,,,,,BusbarSection,0,,,,,
110,Travis_DS_92 1,69.00000000000000000000,NO ,0.00000000000000000000,0.00000000000000000000,0.99066972935503654000,-11.10586529807089600000,1.00000000000000000000,1,1,1,1,92,YES,Default,NO ,,,,,,,,,,,BusbarSection,0,,,,,
111,Travis_DS_93 1,69.00000000000000000000,NO ,0.00000000000000000000,0.00000000000000000000,0.99667935170319808000,-10.54093019063213600000,1.00000000000000000000,1,1,1,1,93,YES,Default,NO ,,,,,,,,,,,BusbarSection,0,,,,,
112,Travis_DS_94 1,69.00000000000000000000,NO ,0.00000000000000000000,0.00000000000000000000,0.99351726771018509000,-11.21985528181715200000,1.00000000000000000000,1,1,1,1,94,YES,Default,NO ,,,,,,,,,,,BusbarSection,0,,,,,
113,Travis_DS_95 1,69.00000000000000000000,NO ,0.00000000000000000000,0.00000000000000000000,0.99391734286015398000,-11.30922335024720600000,1.00000000000000000000,1,1,1,1,95,YES,Default,NO ,,,,,,,,,,,BusbarSection,0,,,,,
114,Travis_DS_96 1,69.00000000000000000000,NO ,0.00000000000000000000,0.00000000000000000000,0.99616347817385216000,-11.04829974268406100000,1.00000000000000000000,1,1,1,1,96,YES,Default,NO ,,,,,,,,,,,BusbarSection,0,,,,,
115,Travis_DS_97 1,69.00000000000000000000,NO ,0.00000000000000000000,0.00000000000000000000,0.99685501440068582000,-10.77104051227145000000,1.00000000000000000000,1,1,1,1,97,YES,Default,NO ,,,,,,,,,,,BusbarSection,0,,,,,
116,Travis_DS_98 1,69.00000000000000000000,NO ,0.00000000000000000000,0.00000000000000000000,1.00046154746817680000,-10.57666977983601600000,1.00000000000000000000,1,1,1,1,98,YES,Default,NO ,,,,,,,,,,,BusbarSection,0,,,,,
117,Travis_DS_99 1,69.00000000000000000000,NO ,0.00000000000000000000,0.00000000000000000000,1.00556086802324000000,-10.00507439070600800000,1.00000000000000000000,1,1,1,1,99,YES,Default,NO ,,,,,,,,,,,BusbarSection,0,,,,,
118,Travis_DS_100 1,69.00000000000000000000,NO ,0.00000000000000000000,0.00000000000000000000,1.00317721098146500000,-10.34543585831718400000,1.00000000000000000000,1,1,1,1,100,YES,Default,NO ,,,,,,,,,,,BusbarSection,0,,,,,
119,Travis_DS_101 1,69.00000000000000000000,NO ,0.00000000000000000000,0.00000000000000000000,1.00831847480934770000,-9.83840533660616830000,1.00000000000000000000,1,1,1,1,101,YES,Default,NO ,,,,,,,,,,,BusbarSection,0,,,,,
120,Travis_DS_102 1,69.00000000000000000000,NO ,0.00000000000000000000,0.00000000000000000000,1.00682182293066460000,-10.01833138929558700000,1.00000000000000000000,1,1,1,1,102,YES,Default,NO ,,,,,,,,,,,BusbarSection,0,,,,,
121,Travis_DS_103 1,69.00000000000000000000,NO ,0.00000000000000000000,0.00000000000000000000,1.00343446117132050000,-10.23623560578314700000,1.00000000000000000000,1,1,1,1,103,YES,Default,NO ,,,,,,,,,,,BusbarSection,0,,,,,
122,Travis_DS_104 1,69.00000000000000000000,NO ,0.00000000000000000000,0.00000000000000000000,1.00598387787316850000,-10.06204836454419400000,1.00000000000000000000,1,1,1,1,104,YES,Default,NO ,,,,,,,,,,,BusbarSection,0,,,,,
123,Travis_DS_105 1,69.00000000000000000000,NO ,0.00000000000000000000,0.00000000000000000000,1.00284231309341410000,-10.24671596766043000000,1.00000000000000000000,1,1,1,1,105,YES,Default,NO ,,,,,,,,,,,BusbarSection,0,,,,,
124,Travis_DS_106 1,69.00000000000000000000,NO ,0.00000000000000000000,0.00000000000000000000,1.00678406514620380000,-9.98646411771550980000,1.00000000000000000000,1,1,1,1,106,YES,Default,NO ,,,,,,,,,,,BusbarSection,0,,,,,
125,Travis_DS_107 1,69.00000000000000000000,NO ,0.00000000000000000000,0.00000000000000000000,1.00442889685636980000,-9.97893724148513660000,1.00000000000000000000,1,1,1,1,107,YES,Default,NO ,,,,,,,,,,,BusbarSection,0,,,,,
126,Travis_DS_108 1,69.00000000000000000000,NO ,0.00000000000000000000,0.00000000000000000000,1.00295819783138190000,-9.89391377157555970000,1.00000000000000000000,1,1,1,1,108,YES,Default,NO ,,,,,,,,,,,BusbarSection,0,,,,,
127,Travis_DS_109 1,69.00000000000000000000,NO ,0.00000000000000000000,0.00000000000000000000,0.99566438367550835000,-10.95642165878936600000,1.00000000000000000000,1,1,1,1,109,YES,Default,NO ,,,,,,,,,,,BusbarSection,0,,,,,
128,Travis_DS_110 1,69.00000000000000000000,NO ,0.00000000000000000000,0.00000000000000000000,1.00161072887139940000,-10.17433907003326100000,1.00000000000000000000,1,1,1,1,110,YES,Default,NO ,,,,,,,,,,,BusbarSection,0,,,,,
129,Travis_DS_111 1,69.00000000000000000000,NO ,0.00000000000000000000,0.00000000000000000000,0.99734761148628326000,-10.75709423148877600000,1.00000000000000000000,1,1,1,1,111,YES,Default,NO ,,,,,,,,,,,BusbarSection,0,,,,,
130,Travis_DS_112 1,69.00000000000000000000,NO ,0.00000000000000000000,0.00000000000000000000,0.99713838047124646000,-10.74152477041317400000,1.00000000000000000000,1,1,1,1,112,YES,Default,NO ,,,,,,,,,,,BusbarSection,0,,,,,
131,Travis_DS_113 1,230.00000000000000000000,NO ,0.00000000000000000000,0.00000000000000000000,1.01769790820588300000,-7.47200287877923970000,1.00000000000000000000,1,1,1,1,113,YES,Default,NO ,,,,,,,,,,,BusbarSection,0,,,,,
132,Travis_DS_113 2,69.00000000000000000000,NO ,0.00000000000000000000,0.00000000000000000000,1.00549494790138750000,-10.17717024118701800000,1.00000000000000000000,1,1,1,1,113,YES,Default,NO ,,,,,,,,,,,BusbarSection,0,,,,,
133,Travis_DS_114 1,69.00000000000000000000,NO ,0.00000000000000000000,0.00000000000000000000,1.00036608754166100000,-10.42710431215101800000,1.00000000000000000000,1,1,1,1,114,YES,Default,NO ,,,,,,,,,,,BusbarSection,0,,,,,
134,Travis_DS_115 1,69.00000000000000000000,NO ,0.00000000000000000000,0.00000000000000000000,0.99434045003400973000,-10.96488467080578600000,1.00000000000000000000,1,1,1,1,115,YES,Default,NO ,,,,,,,,,,,BusbarSection,0,,,,,
135,Travis_DS_116 1,69.00000000000000000000,NO ,0.00000000000000000000,0.00000000000000000000,1.00313402268195200000,-10.14968505282761300000,1.00000000000000000000,1,1,1,1,116,YES,Default,NO ,,,,,,,,,,,BusbarSection,0,,,,,
136,Travis_DS_117 1,69.00000000000000000000,NO ,0.00000000000000000000,0.00000000000000000000,1.00087046456652560000,-10.38819393272939500000,1.00000000000000000000,1,1,1,1,117,YES,Default,NO ,,,,,,,,,,,BusbarSection,0,,,,,
137,Travis_DS_118 1,230.00000000000000000000,NO ,0.00000000000000000000,0.00000000000000000000,1.02110005088024780000,-6.95669708068042750000,1.00000000000000000000,1,1,1,1,118,YES,Default,NO ,,,,,,,,,,,BusbarSection,0,,,,,
138,Travis_DS_118 2,69.00000000000000000000,NO ,0.00000000000000000000,0.00000000000000000000,1.00975637801062860000,-9.56373561161733890000,1.00000000000000000000,1,1,1,1,118,YES,Default,NO ,,,,,,,,,,,BusbarSection,0,,,,,
139,Travis_DS_119 1,69.00000000000000000000,NO ,0.00000000000000000000,0.00000000000000000000,1.00494686593114930000,-10.04220250055905000000,1.00000000000000000000,1,1,1,1,119,YES,Default,NO ,,,,,,,,,,,BusbarSection,0,,,,,
140,Travis_DS_120 1,69.00000000000000000000,NO ,0.00000000000000000000,0.00000000000000000000,1.00409827403915200000,-10.00483198670960600000,1.00000000000000000000,1,1,1,1,120,YES,Default,NO ,,,,,,,,,,,BusbarSection,0,,,,,
141,Travis_DS_121 1,69.00000000000000000000,NO ,0.00000000000000000000,0.00000000000000000000,0.99562996943253798000,-10.94344795902692800000,1.00000000000000000000,1,1,1,1,121,YES,Default,NO ,,,,,,,,,,,BusbarSection,0,,,,,
142,Travis_DS_122 1,69.00000000000000000000,NO ,0.00000000000000000000,0.00000000000000000000,1.00374059063711710000,-10.14902011055537100000,1.00000000000000000000,1,1,1,1,122,YES,Default,NO ,,,,,,,,,,,BusbarSection,0,,,,,
143,Travis_DS_123 1,69.00000000000000000000,NO ,0.00000000000000000000,0.00000000000000000000,1.00277651019320240000,-10.06226796165023800000,1.00000000000000000000,1,1,1,1,123,YES,Default,NO ,,,,,,,,,,,BusbarSection,0,,,,,
144,Travis_DS_124 1,69.00000000000000000000,NO ,0.00000000000000000000,0.00000000000000000000,1.00387450091253260000,-9.99119893333252100000,1.00000000000000000000,1,1,1,1,124,YES,Default,NO ,,,,,,,,,,,BusbarSection,0,,,,,
145,Travis_DS_125 1,69.00000000000000000000,NO ,0.00000000000000000000,0.00000000000000000000,1.00805529293881810000,-9.54062765370002690000,1.00000000000000000000,1,1,1,1,125,YES,Default,NO ,,,,,,,,,,,BusbarSection,0,,,,,
146,Travis_DS_126 1,69.00000000000000000000,NO ,0.00000000000000000000,0.00000000000000000000,1.00479021052487230000,-9.90165159629170690000,1.00000000000000000000,1,1,1,1,126,YES,Default,NO ,,,,,,,,,,,BusbarSection,0,,,,,
147,Travis_DS_127 1,230.00000000000000000000,NO ,0.00000000000000000000,0.00000000000000000000,1.02800328167136240000,-5.99909897431526020000,1.00000000000000000000,1,1,1,1,127,YES,Default,NO ,,,,,,,,,,,BusbarSection,0,,,,,
148,Travis_DS_127 2,69.00000000000000000000,NO ,0.00000000000000000000,0.00000000000000000000,1.00798937805569920000,-9.61360016262040450000,1.00000000000000000000,1,1,1,1,127,YES,Default,NO ,,,,,,,,,,,BusbarSection,0,,,,,
149,Travis_DS_128 1,69.00000000000000000000,NO ,0.00000000000000000000,0.00000000000000000000,1.00320520759260370000,-10.06107187459516300000,1.00000000000000000000,1,1,1,1,128,YES,Default,NO ,,,,,,,,,,,BusbarSection,0,,,,,
150,Marshall Ford Power Plant 1,230.00000000000000000000,NO ,0.00000000000000000000,0.00000000000000000000,1.01661821821832940000,-7.70678904945780100000,1.00000000000000000000,1,1,1,1,129,YES,Default,NO ,,,,,,,,,,,BusbarSection,0,,,,,
151,Marshall Ford Power Plant 2,69.00000000000000000000,NO ,0.00000000000000000000,0.00000000000000000000,1.00690940804611680000,-10.36427730844959500000,1.00000000000000000000,1,1,1,1,129,YES,Default,NO ,,,,,,,,,,,BusbarSection,0,,,,,75.130436
152,Central Utility Plant 1,69.00000000000000000000,NO ,0.00000000000000000000,0.00000000000000000000,0.99360093680424461000,-11.23955846062978700000,1.00000000000000000000,1,1,1,1,130,YES,Default,NO ,,,,,,,,,,,BusbarSection,0,,,,,
153,Central Utility Plant 2,13.80000019073486400000,NO ,0.00000000000000000000,0.00000000000000000000,0.99360093680407565000,-11.23955846063100800000,1.00000000000000000000,1,1,1,1,130,YES,Default,NO ,,,,,,,,,,,BusbarSection,0,,,,,
154,Central Utility Plant 3,13.80000019073486400000,NO ,0.00000000000000000000,0.00000000000000000000,0.99360093680407565000,-11.23955846063100800000,1.00000000000000000000,1,1,1,1,130,YES,Default,NO ,,,,,,,,,,,BusbarSection,0,,,,,
155,Central Utility Plant 4,1.00000000000000000000,NO ,0.00000000000000000000,0.00000000000000000000,0.99360093680407565000,-11.23955846063100800000,1.00000000000000000000,1,1,1,1,130,YES,Default,NO ,,,,,,,,,,,BusbarSection,0,,,,,
156,Austin Power Plant 1,69.00000000000000000000,NO ,0.00000000000000000000,0.00000000000000000000,0.99792975726005773000,-10.76901399552593800000,1.00000000000000000000,1,1,1,1,131,YES,Default,NO ,,,,,,,,,,,BusbarSection,0,,,,,37.565218
157,Weaver Power Plant 1,230.00000000000000000000,NO ,0.00000000000000000000,0.00000000000000000000,1.02532407527096380000,-6.30258861437083650000,1.00000000000000000000,1,1,1,1,132,YES,Default,NO ,,,,,,,,,,,BusbarSection,0,,,,,
158,Weaver Power Plant 2,69.00000000000000000000,NO ,0.00000000000000000000,0.00000000000000000000,1.01037056650231790000,-9.68159657852145410000,1.00000000000000000000,1,1,1,1,132,YES,Default,NO ,,,,,,,,,,,BusbarSection,0,,,,,212.173913
159,Mueller Energy Center 1,69.00000000000000000000,NO ,0.00000000000000000000,0.00000000000000000000,1.00291500428131490000,-10.09956731897979700000,1.00000000000000000000,1,1,1,1,133,YES,Default,NO ,,,,,,,,,,,BusbarSection,0,,,,,6.260869
160,IKEA Solar Array 1,69.00000000000000000000,NO ,0.00000000000000000000,0.00000000000000000000,0.99465731259342272000,-11.23023477492517800000,1.00000000000000000000,1,1,1,1,134,YES,Default,NO ,,,,,,,,,,,BusbarSection,0,,,,,2.921739
161,Sand Hill Power Plant 1,230.00000000000000000000,YES,0.00000000000000000000,0.00000000000000000000,1.03999996185302740000,-4.54505183768787010000,1.00000000000000000000,1,1,1,1,135,YES,Default,NO ,,,,,,,,,,,BusbarSection,0,,,,,438.260870
162,Sand Hill Power Plant 2,69.00000000000000000000,NO ,0.00000000000000000000,0.00000000000000000000,1.02125543470222160000,-8.20586391913194880000,1.00000000000000000000,1,1,1,1,135,YES,Default,NO ,,,,,,,,,,,BusbarSection,0,,,,,
163,Decker Creek Power Plant 1,230.00000000000000000000,NO ,0.00000000000000000000,0.00000000000000000000,1.03603382734053810000,-4.66779254416907650000,1.00000000000000000000,1,1,1,1,136,YES,Default,NO ,,,,,,,,,,,BusbarSection,0,,,,,485.217391
164,Decker Creek Power Plant 2,69.00000000000000000000,NO ,0.00000000000000000000,0.00000000000000000000,1.02393629381297810000,-7.88275572984763010000,1.00000000000000000000,1,1,1,1,136,YES,Default,NO ,,,,,,,,,,,BusbarSection,0,,,,,
165,Bastrop Energy Center 1,230.00000000000000000000,NO ,0.00000000000000000000,0.00000000000000000000,1.03999996276487740000,-3.72651205991292990000,1.00000000000000000000,1,1,1,1,137,YES,Default,NO ,,,,,,,,,,,BusbarSection,0,,,,,387.359993
166,Bastrop Energy Center 2,69.00000000000000000000,NO ,0.00000000000000000000,0.00000000000000000000,1.03705094249342800000,-5.45728652118897020000,1.00000000000000000000,1,1,1,1,137,YES,Default,NO ,,,,,,,,,,,BusbarSection,0,,,,,
167,Bastrop Energy Center 3,13.80000019073486400000,NO ,0.00000000000000000000,0.00000000000000000000,1.03455693272902980000,-7.84015444682005250000,1.00000000000000000000,1,1,1,1,137,YES,Default,NO ,,,,,,,,,,,BusbarSection,0,,,,,
168,Bastrop Energy Center 4,1.00000000000000000000,NO ,0.00000000000000000000,0.00000000000000000000,1.03455693225477540000,-7.84015444396855940000,1.00000000000000000000,1,1,1,1,137,YES,Default,NO ,,,,,,,,,,,BusbarSection,0,,,,,
169,Webberville Solar Project 1,69.00000000000000000000,NO ,0.00000000000000000000,0.00000000000000000000,1.01923414799051710000,-8.01343729624203520000,1.00000000000000000000,1,1,1,1,138,YES,Default,NO ,,,,,,,,,,,BusbarSection,0,,,,,62.608696
170,Lost Pines 1 Power Project 1,230.00000000000000000000,NO ,0.00000000000000000000,0.00000000000000000000,1.03999996761393420000,0.80633209340148454000,1.00000000000000000000,1,1,1,1,139,YES,Default,NO ,,,,,,,,,,,BusbarSection,0,,,,,372.521739
171,Lost Pines 1 Power Project 2,69.00000000000000000000,NO ,0.00000000000000000000,0.00000000000000000000,1.03999996761370830000,0.80633209340165965000,1.00000000000000000000,1,1,1,1,139,YES,Default,NO ,,,,,,,,,,,BusbarSection,0,,,,,
172,Sam Gideon Power Plant 1,230.00000000000000000000,NO ,0.00000000000000000000,0.00000000000000000000,1.03999996812609280000,0.70656067542429568000,1.00000000000000000000,1,1,1,1,140,YES,Default,NO ,,,,,,,,,,,BusbarSection,0,,,,,400.069575
173,Sam Gideon Power Plant 2,69.00000000000000000000,NO ,0.00000000000000000000,0.00000000000000000000,1.03999996812620580000,0.70656067542421901000,1.00000000000000000000,1,1,1,1,140,YES,Default,NO ,,,,,,,,,,,BusbarSection,0,,,,,
