bus_id,bus_name,base_kv,substation_id,longitude,latitude,coordinate_source,slack
1,Travis_DS_1 1,69.0,1,-97.65009148000000000000,30.31230094000000000000,substation,0
2,Travis_DS_2 1,69.0,2,-97.54395016000000000000,30.33340070000000000000,substation,0
3,Travis_DS_3 1,69.0,3,-97.61244859999998700000,30.33749946000000000000,substation,0
4,Travis_DS_4 1,69.0,4,-97.63254718000000000000,30.29410465000000000000,substation,0
5,Travis_DS_5 1,69.0,5,-97.53649316000000000000,30.35766383000000000000,substation,0
6,Travis_DS_6 1,69.0,6,-97.46639525000000000000,30.34761038000000000000,substation,0
7,Travis_DS_7 1,69.0,7,-97.67144822000000000000,30.27994306000000000000,substation,0
8,Travis_DS_8 1,69.0,8,-97.69249541000001300000,30.23978251000000000000,substation,0
9,Travis_DS_9 1,69.0,9,-97.68853357000000000000,30.21698319000000000000,substation,0
10,Travis_DS_10 1,69.0,10,-97.66573414000000000000,30.22001618000000000000,substation,0
11,Travis_DS_11 1,69.0,11,-97.59915955000000000000,30.25520380000000000000,substation,0
12,Travis_DS_12 1,69.0,12,-97.65895598000000000000,30.17799796000000000000,substation,0
13,Travis_DS_13 1,69.0,13,-97.61485367000000000000,30.15036874000000000000,substation,0
14,Travis_DS_14 1,69.0,14,-97.52286181000000000000,30.21812429000000000000,substation,0
15,Travis_DS_15 1,69.0,15,-97.77954656000000000000,30.24328724000000000000,substation,0
16,Travis_DS_16 1,69.0,16,-97.89112668999998700000,30.24372334000000000000,substation,0
17,Travis_DS_17 1,230.0,17,-97.75507394000000000000,30.23164168000000000000,substation,0
18,Travis_DS_17 2,69.0,17,-97.75507394000000000000,30.23164168000000000000,substation,0
19,Travis_DS_17 3,13.800000190734863,17,-97.75507394000000000000,30.23164168000000000000,substation,0
20,Travis_DS_17 4,1.0,17,-97.75507394000000000000,30.23164168000000000000,substation,0
21,Travis_DS_18 1,69.0,18,-97.96182569000000000000,30.21566971000000000000,substation,0
22,Travis_DS_19 1,69.0,19,-97.92772230000000000000,30.22682499000000000000,substation,0
23,Travis_DS_20 1,69.0,20,-97.89800525000000000000,30.19084643000000000000,substation,0
24,Travis_DS_21 1,69.0,21,-97.87237124000001300000,30.27995855000000000000,substation,0
25,Travis_DS_22 1,69.0,22,-97.83346119000000000000,30.24944396000000000000,substation,0
26,Travis_DS_22 2,18.0,22,-97.83346119000000000000,30.24944396000000000000,substation,0
27,Travis_DS_22 3,18.0,22,-97.83346119000000000000,30.24944396000000000000,substation,0
28,Travis_DS_22 4,1.0,22,-97.83346119000000000000,30.24944396000000000000,substation,0
29,Travis_DS_23 1,69.0,23,-97.82058248000000000000,30.27358920000000000000,substation,0
30,Travis_DS_24 1,69.0,24,-97.88534283000000000000,30.21512200000000000000,substation,0
31,Travis_DS_25 1,69.0,25,-97.87071202000000000000,30.22888855000000000000,substation,0
32,Travis_DS_26 1,230.0,26,-97.85282348000000000000,30.22789930000000000000,substation,0
33,Travis_DS_26 2,69.0,26,-97.85282348000000000000,30.22789930000000000000,substation,0
34,Travis_DS_27 1,69.0,27,-97.80862797000000000000,30.22488514000000000000,substation,0
35,Travis_DS_28 1,69.0,28,-97.80786502000000000000,30.20622511000000000000,substation,0
36,Travis_DS_29 1,69.0,29,-97.77545163000000000000,30.21711548000000000000,substation,0
37,Travis_DS_30 1,69.0,30,-97.84181784000000000000,30.20468570000000000000,substation,0
38,Travis_DS_31 1,69.0,31,-97.85492678999998700000,30.16221403000000000000,substation,0
39,Travis_DS_32 1,230.0,32,-97.83446666000000000000,30.17889347000000000000,substation,0
40,Travis_DS_32 2,69.0,32,-97.83446666000000000000,30.17889347000000000000,substation,0
41,Travis_DS_33 1,69.0,33,-97.82750775000000000000,30.14243527000000000000,substation,0
42,Travis_DS_34 1,69.0,34,-97.78926808000000000000,30.19912439000000000000,substation,0
43,Travis_DS_35 1,69.0,35,-97.79872682000000000000,30.17315618000000000000,substation,0
44,Travis_DS_36 1,69.0,36,-97.73678912000000000000,30.19648889000000000000,substation,0
45,Travis_DS_37 1,69.0,37,-97.75837082000000000000,30.17845497000000000000,substation,0
46,Travis_DS_38 1,230.0,38,-97.74770099000000000000,30.20137869000000000000,substation,0
47,Travis_DS_38 2,69.0,38,-97.74770099000000000000,30.20137869000000000000,substation,0
48,Travis_DS_38 3,22.0,38,-97.74770099000000000000,30.20137869000000000000,substation,0
49,Travis_DS_38 4,1.0,38,-97.74770099000000000000,30.20137869000000000000,substation,0
50,Travis_DS_39 1,69.0,39,-97.78362546000000000000,30.14598010000000000000,substation,0
51,Travis_DS_40 1,69.0,40,-97.74179894000000000000,30.15236882000000000000,substation,0
52,Travis_DS_41 1,69.0,41,-97.70573709000000000000,30.17502276000000000000,substation,0
53,Travis_DS_42 1,69.0,42,-97.69137970000000000000,30.06884318000000000000,substation,0
54,Travis_DS_43 1,69.0,43,-97.66510613000000000000,30.06441276000000000000,substation,0
55,Travis_DS_44 1,69.0,44,-97.79578522000000000000,30.43390980000000000000,substation,0
56,Travis_DS_45 1,69.0,45,-97.71258005000000000000,30.42012834000000000000,substation,0
57,Travis_DS_46 1,69.0,46,-97.76967016000000000000,30.42070413000000000000,substation,0
58,Travis_DS_47 1,230.0,47,-97.74368075000000000000,30.42717876000000000000,substation,0
59,Travis_DS_47 2,69.0,47,-97.74368075000000000000,30.42717876000000000000,substation,0
60,Travis_DS_48 1,69.0,48,-97.74001308000000000000,30.42429051000000000000,substation,0
61,Travis_DS_49 1,69.0,49,-97.74769651000000000000,30.40683061000000000000,substation,0
62,Travis_DS_50 1,69.0,50,-97.76132512000000000000,30.39825313000000000000,substation,0
63,Travis_DS_51 1,69.0,51,-97.68234615000000000000,30.45921216000000000000,substation,0
64,Travis_DS_52 1,69.0,52,-97.63804170000000000000,30.46889660000000000000,substation,0
65,Travis_DS_53 1,69.0,53,-97.65436610000000000000,30.45074111000000000000,substation,0
66,Travis_DS_54 1,69.0,54,-97.58027253000000000000,30.48561813000000000000,substation,0
67,Travis_DS_55 1,69.0,55,-97.58175500000000000000,30.46212600000000000000,substation,0
68,Travis_DS_56 1,230.0,56,-97.61795076999998700000,30.44228085000000000000,substation,0
69,Travis_DS_56 2,69.0,56,-97.61795076999998700000,30.44228085000000000000,substation,0
70,Travis_DS_57 1,230.0,57,-97.67653588000000000000,30.43347777000000000000,substation,0
71,Travis_DS_57 2,69.0,57,-97.67653588000000000000,30.43347777000000000000,substation,0
72,Travis_DS_58 1,69.0,58,-97.68990116000000000000,30.42830159000000000000,substation,0
73,Travis_DS_59 1,230.0,59,-97.66532573000000000000,30.39618967000000000000,substation,0
74,Travis_DS_59 2,69.0,59,-97.66532573000000000000,30.39618967000000000000,substation,0
75,Travis_DS_60 1,69.0,60,-97.69754614000000000000,30.39379669000000000000,substation,0
76,Travis_DS_61 1,69.0,61,-97.72336366000000000000,30.38176070000000000000,substation,0
77,Travis_DS_62 1,69.0,62,-97.70981758000000000000,30.38028299000000000000,substation,0
78,Travis_DS_63 1,69.0,63,-97.68846561000000000000,30.37690081000000000000,substation,0
79,Travis_DS_64 1,69.0,64,-97.68047064000000000000,30.37151516000000000000,substation,0
80,Travis_DS_65 1,69.0,65,-97.63629709999998700000,30.38893262000000000000,substation,0
81,Travis_DS_66 1,69.0,66,-97.64484213000000000000,30.36828450000000000000,substation,0
82,Travis_DS_67 1,69.0,67,-97.63507364000000000000,30.42318300000000000000,substation,0
83,Travis_DS_68 1,69.0,68,-97.63883250000001300000,30.37780140000000000000,substation,0
84,Travis_DS_69 1,69.0,69,-98.07068477000000000000,30.40075222000000000000,substation,0
85,Travis_DS_70 1,69.0,70,-97.92148000000000000000,30.54637626000000000000,substation,0
86,Travis_DS_71 1,69.0,71,-97.50600604000000000000,30.47370146000000000000,substation,0
87,Travis_DS_72 1,230.0,72,-97.51150976000000000000,30.36409560000000000000,substation,0
88,Travis_DS_72 2,69.0,72,-97.51150976000000000000,30.36409560000000000000,substation,0
89,Travis_DS_73 1,69.0,73,-97.42273957000000000000,30.38794515000000000000,substation,0
90,Travis_DS_74 1,69.0,74,-97.46312833000000000000,30.28089677000000000000,substation,0
91,Travis_DS_75 1,69.0,75,-97.56533431000000000000,30.21375669000000000000,substation,0
92,Travis_DS_76 1,69.0,76,-97.70462754000000000000,30.10368588000000000000,substation,0
93,Travis_DS_77 1,69.0,77,-97.93429816000000000000,30.55223824000000000000,substation,0
94,Travis_DS_78 1,230.0,78,-97.97427719000000000000,30.34948569000000000000,substation,0
95,Travis_DS_78 2,69.0,78,-97.97427719000000000000,30.34948569000000000000,substation,0
96,Travis_DS_79 1,69.0,79,-98.06788511000000000000,30.43446599000000000000,substation,0
97,Travis_DS_80 1,69.0,80,-97.90877130000000000000,30.47900299000000000000,substation,0
98,Travis_DS_81 1,69.0,81,-97.99434615000000000000,30.45191248000000000000,substation,0
99,Travis_DS_82 1,69.0,82,-97.93076122000000000000,30.44212231000000000000,substation,0
100,Travis_DS_83 1,69.0,83,-97.84885098000000000000,30.46632793000000000000,substation,0
101,Travis_DS_84 1,230.0,84,-97.82291673000000000000,30.43618204000000000000,substation,0
102,Travis_DS_84 2,69.0,84,-97.82291673000000000000,30.43618204000000000000,substation,0
103,Travis_DS_85 1,69.0,85,-98.02881032000000000000,30.39242274000000000000,substation,0
104,Travis_DS_86 1,69.0,86,-98.06762086000000000000,30.39460188000000000000,substation,0
105,Travis_DS_87 1,69.0,87,-97.98962236000000000000,30.38794703000000000000,substation,0
106,Travis_DS_88 1,69.0,88,-97.93352742000000000000,30.39537617000000000000,substation,0
107,Travis_DS_89 1,69.0,89,-97.97213587000000000000,30.37377630000000000000,substation,0
108,Travis_DS_90 1,69.0,90,-97.92587215000000000000,30.37875688000000000000,substation,0
109,Travis_DS_91 1,69.0,91,-97.98809077000000000000,30.33269460000000000000,substation,0
110,Travis_DS_92 1,69.0,92,-97.91347775000000000000,30.31992509000000000000,substation,0
111,Travis_DS_93 1,69.0,93,-97.93524021000000000000,30.29828318000000000000,substation,0
112,Travis_DS_94 1,69.0,94,-97.84817455000000000000,30.39076431000000000000,substation,0
113,Travis_DS_95 1,69.0,95,-97.89578026000000000000,30.37038851000000000000,substation,0
114,Travis_DS_96 1,69.0,96,-97.86292444000000000000,30.34209259000000000000,substation,0
115,Travis_DS_97 1,69.0,97,-98.02241579000000000000,30.28908717000000000000,substation,0
116,Travis_DS_98 1,69.0,98,-97.76823743000000000000,30.29195291000000000000,substation,0
117,Travis_DS_99 1,69.0,99,-97.72014076000001300000,30.27819557000000000000,substation,0
118,Travis_DS_100 1,69.0,100,-97.75539794000000000000,30.28416420000000000000,substation,0
119,Travis_DS_101 1,69.0,101,-97.73978133000000000000,30.29484889000000000000,substation,0
120,Travis_DS_102 1,69.0,102,-97.74411288000000000000,30.27552141000000000000,substation,0
121,Travis_DS_103 1,69.0,103,-97.75498429000000000000,30.25263364000000000000,substation,0
122,Travis_DS_104 1,69.0,104,-97.73910235000000000000,30.26807583000000000000,substation,0
123,Travis_DS_105 1,69.0,105,-97.72626466000000000000,30.23616641000000000000,substation,0
124,Travis_DS_106 1,69.0,106,-97.72841464000000000000,30.29453499000000000000,substation,0
125,Travis_DS_107 1,69.0,107,-97.70062529000000000000,30.28258438000000000000,substation,0
126,Travis_DS_108 1,69.0,108,-97.71786856999998700000,30.25882400000000000000,substation,0
127,Travis_DS_109 1,69.0,109,-97.78596965000000000000,30.26460570000000000000,substation,0
128,Travis_DS_110 1,69.0,110,-97.71883748000000000000,30.31590447000000000000,substation,0
129,Travis_DS_111 1,69.0,111,-97.79498086000000000000,30.37245497000000000000,substation,0
130,Travis_DS_112 1,69.0,112,-97.75880703999998700000,30.37774666000000000000,substation,0
131,Travis_DS_113 1,230.0,113,-97.83480657000000000000,30.30261128000000000000,substation,0
132,Travis_DS_113 2,69.0,113,-97.83480657000000000000,30.30261128000000000000,substation,0
133,Travis_DS_114 1,69.0,114,-97.77339623000000000000,30.34758381000000000000,substation,0
134,Travis_DS_115 1,69.0,115,-97.80542093000000000000,30.32877173000000000000,substation,0
135,Travis_DS_116 1,69.0,116,-97.76125000000000000000,30.32838739000000000000,substation,0
136,Travis_DS_117 1,69.0,117,-97.75729195000000000000,30.36787120000000000000,substation,0
137,Travis_DS_118 1,230.0,118,-97.72755495000000000000,30.35524490000000000000,substation,0
138,Travis_DS_118 2,69.0,118,-97.72755495000000000000,30.35524490000000000000,substation,0
139,Travis_DS_119 1,69.0,119,-97.74576712000000000000,30.35274581000000000000,substation,0
140,Travis_DS_120 1,69.0,120,-97.74375743000000000000,30.32694842000000000000,substation,0
141,Travis_DS_121 1,69.0,121,-97.79507160000000000000,30.29096900000000000000,substation,0
142,Travis_DS_122 1,69.0,122,-97.76331361000000000000,30.31766997000000000000,substation,0
143,Travis_DS_123 1,69.0,123,-97.70683678000000000000,30.35988553000000000000,substation,0
144,Travis_DS_124 1,69.0,124,-97.72003101999998700000,30.32954208000000000000,substation,0
145,Travis_DS_125 1,69.0,125,-97.70563537000000000000,30.33718374000000000000,substation,0
146,Travis_DS_126 1,69.0,126,-97.67662949000000000000,30.34685237000000000000,substation,0
147,Travis_DS_127 1,230.0,127,-97.68298857000000000000,30.32149335000000000000,substation,0
148,Travis_DS_127 2,69.0,127,-97.68298857000000000000,30.32149335000000000000,substation,0
149,Travis_DS_128 1,69.0,128,-97.68337399000001300000,30.30449023000000000000,substation,0
150,Marshall Ford Power Plant 1,230.0,129,-97.90730000000001300000,30.38990000000000000000,substation,0
151,Marshall Ford Power Plant 2,69.0,129,-97.90730000000001300000,30.38990000000000000000,substation,0
152,Central Utility Plant 1,69.0,130,-97.84258600000000000000,30.39735100000000000000,substation,0
153,Central Utility Plant 2,13.800000190734863,130,-97.84258600000000000000,30.39735100000000000000,substation,0
154,Central Utility Plant 3,13.800000190734863,130,-97.84258600000000000000,30.39735100000000000000,substation,0
155,Central Utility Plant 4,1.0,130,-97.84258600000000000000,30.39735100000000000000,substation,0
156,Austin Power Plant 1,69.0,131,-97.78440800000000000000,30.29342400000000000000,substation,0
157,Weaver Power Plant 1,230.0,132,-97.73560000000000000000,30.28670000000000000000,substation,0
158,Weaver Power Plant 2,69.0,132,-97.73560000000000000000,30.28670000000000000000,substation,0
159,Mueller Energy Center 1,69.0,133,-97.70767500000000000000,30.30499400000000000000,substation,0
160,IKEA Solar Array 1,69.0,134,-97.69028600000000000000,30.55704400000000000000,substation,0
161,Sand Hill Power Plant 1,230.0,135,-97.61290000000000000000,30.20980000000000000000,substation,1
162,Sand Hill Power Plant 2,69.0,135,-97.61290000000000000000,30.20980000000000000000,substation,0
163,Decker Creek Power Plant 1,230.0,136,-97.61279999999998700000,30.30330000000000000000,substation,0
164,Decker Creek Power Plant 2,69.0,136,-97.61279999999998700000,30.30330000000000000000,substation,0
165,Bastrop Energy Center 1,230.0,137,-97.55000000000000000000,30.14580000000000000000,substation,0
166,Bastrop Energy Center 2,69.0,137,-97.55000000000000000000,30.14580000000000000000,substation,0
167,Bastrop Energy Center 3,13.800000190734863,137,-97.55000000000000000000,30.14580000000000000000,substation,0
168,Bastrop Energy Center 4,1.0,137,-97.55000000000000000000,30.14580000000000000000,substation,0
169,Webberville Solar Project 1,69.0,138,-97.50881200000000000000,30.23849200000000000000,substation,0
170,Lost Pines 1 Power Project 1,230.0,139,-97.27140000000000000000,30.14000000000000000000,substation,0
171,Lost Pines 1 Power Project 2,69.0,139,-97.27140000000000000000,30.14000000000000000000,substation,0
172,Sam Gideon Power Plant 1,230.0,140,-97.27080000000000000000,30.16000000000000000000,substation,0
173,Sam Gideon Power Plant 2,69.0,140,-97.27080000000000000000,30.16000000000000000000,substation,0
