BusNum,GenID,GenStatus,GenVoltSet,GenRegNum,GenRMPCT,GenAGCAble,GenParFac,GenMWSetPoint,GenMWMax,GenMWMin,GenEnforceMWLimits,GenAVRAble,GenMvrSetPoint,GenMVRMax,GenMVRMin,GenUseCapCurve,GenWindControlMode,GenWindPowerFactor,GenUseLDCRCC,GenRLDCRCC,GenXLDCRCC,GenMVABase,GenZR,GenZX,GenStepR,GenStepX,GenStepTap,TSGovRespLimit,GenUnitType:1,AreaNum,ZoneNum,BANumber,OwnerNum,OwnPercent,OwnerNum:1,OwnPercent:1,OwnerNum:2,OwnPercent:2,OwnerNum:3,OwnPercent:3,OwnerNum:4,OwnPercent:4,OwnerNum:5,OwnPercent:5,OwnerNum:6,OwnPercent:6,OwnerNum:7,OwnPercent:7,EMSType,EMSDeviceID,DataMaintainerAssign,AllLabels,GenUnitType,GenTotalFixedCosts,GenCostModel,GenFuelType,GenFuelCost,GenFixedCost,GenIOD,GenIOC,GenIOB
151,1,Open,1.03999996185302740000,151,100.00000,YES,36.00000000000000000000,33.35061371326446700000,36.00000143051147500000,16.21709018945694100000,YES,YES,0.00000000000000000000,13.82399946451187200000,-1.76400002092123040000,NO ,None,1.00000000000000000000,NO,0.000000,0.000100,43.20000076293945600000,0.00000000000000000000,1.00000000000000000000,0.00000000000000000000,0.00000000000000000000,1.00000000000000000000,Normal,UN,1,1,1,1,100.000,,,,,,,,,,,,,,,,,,,UN (Unknown),0.000000,Cubic,WAT (Water),0.000000,0.000000,0.000000,0.000000,0.000000
151,2,Closed,1.03999996185302740000,151,100.00000,YES,36.00000000000000000000,33.45023989677429100000,36.00000143051147500000,5.06323091685771970000,YES,YES,13.82399946451187200000,13.82399946451187200000,-1.76400002092123040000,NO ,None,1.00000000000000000000,NO,0.000000,0.000100,43.20000076293945600000,0.00000000000000000000,1.00000000000000000000,0.00000000000000000000,0.00000000000000000000,1.00000000000000000000,Normal,UN,1,1,1,1,100.000,,,,,,,,,,,,,,,,,,,UN (Unknown),0.000000,Cubic,WAT (Water),0.000000,0.000000,0.000000,0.000000,0.000000
151,3,Open,1.03999996185302740000,151,100.00000,YES,36.00000000000000000000,36.00000143051147500000,36.00000143051147500000,16.15856736898422400000,YES,YES,0.00000000000000000000,13.82399946451187200000,-1.76400002092123040000,NO ,None,1.00000000000000000000,NO,0.000000,0.000100,43.20000076293945600000,0.00000000000000000000,1.00000000000000000000,0.00000000000000000000,0.00000000000000000000,1.00000000000000000000,Normal,UN,1,1,1,1,100.000,,,,,,,,,,,,,,,,,,,UN (Unknown),0.000000,Cubic,WAT (Water),0.000000,0.000000,0.000000,0.000000,0.000000
152,1,Open,1.03999996185302740000,152,100.00000,YES,5.00000000000000000000,5.00000007450580610000,5.00000007450580610000,1.30119509994983680000,YES,YES,0.00000000000000000000,2.54500005394220350000,-0.55499998852610586000,NO ,None,1.00000000000000000000,NO,0.000000,0.000100,6.00000000000000000000,0.00000000000000000000,1.00000000000000000000,0.00000000000000000000,0.00000000000000000000,1.00000000000000000000,Normal,UN,1,1,1,1,100.000,,,,,,,,,,,,,,,,,,,UN (Unknown),607.500000,Cubic,NG (Natural Gas),3.498554,607.500000,0.000000,0.002806,4.577846
153,1,Open,1.03999996185302740000,153,100.00000,YES,5.00000000000000000000,5.00000007450580610000,5.00000007450580610000,1.88569817692041410000,YES,YES,0.00000000000000000000,2.54500005394220350000,-0.55499998852610586000,NO ,None,1.00000000000000000000,NO,0.000000,0.000100,6.00000000000000000000,0.00000000000000000000,1.00000000000000000000,0.00000000000000000000,0.00000000000000000000,1.00000000000000000000,Normal,UN,1,1,1,1,100.000,,,,,,,,,,,,,,,,,,,UN (Unknown),607.500000,Cubic,NG (Natural Gas),3.428249,607.500000,0.000000,0.003863,4.577846
154,1,Open,1.03999996185302740000,154,100.00000,YES,5.00000000000000000000,5.00000007450580610000,5.00000007450580610000,1.36612085625529300000,YES,YES,0.00000000000000000000,2.54500005394220350000,-0.55499998852610586000,NO ,None,1.00000000000000000000,NO,0.000000,0.000100,6.00000000000000000000,0.00000000000000000000,1.00000000000000000000,0.00000000000000000000,0.00000000000000000000,1.00000000000000000000,Normal,UN,1,1,1,1,100.000,,,,,,,,,,,,,,,,,,,UN (Unknown),607.500000,Cubic,NG (Natural Gas),3.122998,607.500000,0.000000,0.003058,4.577846
156,1,Closed,1.03999996185302740000,156,100.00000,YES,9.00000000000000000000,5.94795756042003580000,9.00000035762786820000,1.47556513547897340000,YES,YES,3.45599986612796800000,3.45599986612796800000,-0.44100000523030758000,NO ,None,1.00000000000000000000,NO,0.000000,0.000100,10.80000019073486400000,0.00000000000000000000,1.00000000000000000000,0.00000000000000000000,0.00000000000000000000,1.00000000000000000000,Normal,UN,1,1,1,1,100.000,,,,,,,,,,,,,,,,,,,UN (Unknown),0.000000,Cubic,WAT (Water),0.000000,0.000000,0.000000,0.000000,0.000000
156,2,Closed,1.03999996185302740000,156,100.00000,YES,9.00000000000000000000,8.26091542840003970000,9.00000035762786820000,2.53162980079650880000,YES,YES,3.45599986612796800000,3.45599986612796800000,-0.44100000523030758000,NO ,None,1.00000000000000000000,NO,0.000000,0.000100,10.80000019073486400000,0.00000000000000000000,1.00000000000000000000,0.00000000000000000000,0.00000000000000000000,1.00000000000000000000,Normal,UN,1,1,1,1,100.000,,,,,,,,,,,,,,,,,,,UN (Unknown),0.000000,Cubic,WAT (Water),0.000000,0.000000,0.000000,0.000000,0.000000
158,1,Open,1.03999996185302740000,158,100.00000,YES,25.41666603088378900000,25.41666626930236800000,25.41666626930236800000,4.37303446233272580000,YES,YES,0.00000000000000000000,12.93708384037017900000,-2.82125007361173630000,NO ,None,1.00000000000000000000,NO,0.000000,0.000100,30.50000000000000000000,0.00000000000000000000,1.00000000000000000000,0.00000000000000000000,0.00000000000000000000,1.00000000000000000000,Normal,UN,1,1,1,1,100.000,,,,,,,,,,,,,,,,,,,UN (Unknown),638.125000,Cubic,NG (Natural Gas),3.598962,638.125000,0.000000,0.003366,4.605203
158,2,Open,1.03999996185302740000,158,100.00000,YES,25.41666603088378900000,25.41666626930236800000,25.41666626930236800000,8.90933871269226110000,YES,YES,0.00000000000000000000,12.93708384037017900000,-2.82125007361173630000,NO ,None,1.00000000000000000000,NO,0.000000,0.000100,30.50000000000000000000,0.00000000000000000000,1.00000000000000000000,0.00000000000000000000,0.00000000000000000000,1.00000000000000000000,Normal,UN,1,1,1,1,100.000,,,,,,,,,,,,,,,,,,,UN (Unknown),638.125000,Cubic,NG (Natural Gas),3.621645,638.125000,0.000000,0.003707,4.605203
158,3,Closed,1.03999996185302740000,158,100.00000,YES,25.41666603088378900000,25.34695267677307200000,25.41666626930236800000,4.84091639518737790000,YES,YES,12.93708384037017900000,12.93708384037017900000,-2.82125007361173630000,NO ,None,1.00000000000000000000,NO,0.000000,0.000100,30.50000000000000000000,0.00000000000000000000,1.00000000000000000000,0.00000000000000000000,0.00000000000000000000,1.00000000000000000000,Normal,UN,1,1,1,1,100.000,,,,,,,,,,,,,,,,,,,UN (Unknown),638.125000,Cubic,NG (Natural Gas),3.123682,638.125000,0.000000,0.003377,4.605203
158,4,Closed,1.03999996185302740000,158,100.00000,YES,25.41666603088378900000,25.34695267677307200000,25.41666626930236800000,9.94907021522521980000,YES,YES,12.93708384037017900000,12.93708384037017900000,-2.82125007361173630000,NO ,None,1.00000000000000000000,NO,0.000000,0.000100,30.50000000000000000000,0.00000000000000000000,1.00000000000000000000,0.00000000000000000000,0.00000000000000000000,1.00000000000000000000,Normal,UN,1,1,1,1,100.000,,,,,,,,,,,,,,,,,,,UN (Unknown),638.125000,Cubic,NG (Natural Gas),3.571012,638.125000,0.000000,0.003491,4.605203
158,5,Closed,1.03999996185302740000,158,100.00000,YES,25.41666603088378900000,25.34695267677307200000,25.41666626930236800000,6.91321492195129340000,YES,YES,12.93708384037017900000,12.93708384037017900000,-2.82125007361173630000,NO ,None,1.00000000000000000000,NO,0.000000,0.000100,30.50000000000000000000,0.00000000000000000000,1.00000000000000000000,0.00000000000000000000,0.00000000000000000000,1.00000000000000000000,Normal,UN,1,1,1,1,100.000,,,,,,,,,,,,,,,,,,,UN (Unknown),638.125000,Cubic,NG (Natural Gas),2.698297,638.125000,0.000000,0.003552,4.605203
158,6,Closed,1.03999996185302740000,158,100.00000,YES,25.41666603088378900000,25.34695267677307200000,25.41666626930236800000,10.12521088123321400000,YES,YES,12.93708384037017900000,12.93708384037017900000,-2.82125007361173630000,NO ,None,1.00000000000000000000,NO,0.000000,0.000100,30.50000000000000000000,0.00000000000000000000,1.00000000000000000000,0.00000000000000000000,0.00000000000000000000,1.00000000000000000000,Normal,UN,1,1,1,1,100.000,,,,,,,,,,,,,,,,,,,UN (Unknown),638.125000,Cubic,NG (Natural Gas),3.371516,638.125000,0.000000,0.002613,4.605203
159,1,Closed,1.03999996185302740000,159,100.00000,YES,3.00000000000000000000,2.99177132546901700000,2.99999993294477440000,1.04941939935088160000,YES,YES,1.52700003236532220000,1.52700003236532220000,-0.33299999777227642000,NO ,None,1.00000000000000000000,NO,0.000000,0.000100,3.59999990463256830000,0.00000000000000000000,1.00000000000000000000,0.00000000000000000000,0.00000000000000000000,1.00000000000000000000,Normal,UN,1,1,1,1,100.000,,,,,,,,,,,,,,,,,,,UN (Unknown),604.500000,Cubic,NG (Natural Gas),3.002701,604.500000,0.000000,0.003217,4.575166
159,2,Open,1.03999996185302740000,159,100.00000,YES,3.00000000000000000000,2.99999993294477440000,2.99999993294477440000,0.54343231022357939000,YES,YES,0.00000000000000000000,1.52700003236532220000,-0.33299999777227642000,NO ,None,1.00000000000000000000,NO,0.000000,0.000100,3.59999990463256830000,0.00000000000000000000,1.00000000000000000000,0.00000000000000000000,0.00000000000000000000,1.00000000000000000000,Normal,UN,1,1,1,1,100.000,,,,,,,,,,,,,,,,,,,UN (Unknown),604.500000,Cubic,NG (Natural Gas),3.298887,604.500000,0.000000,0.002630,4.575166
160,1,Closed,1.03999996185302740000,160,100.00000,YES,1.39999997615814210000,1.11632337793707840000,1.40000004321336750000,0.64711323939263821000,YES,YES,0.00000000000000000000,0.00000000000000000000,0.00000000000000000000,NO ,None,1.00000000000000000000,NO,0.000000,0.000100,1.67999994754791260000,0.00000000000000000000,1.00000000000000000000,0.00000000000000000000,0.00000000000000000000,1.00000000000000000000,Normal,UN,1,1,1,1,100.000,,,,,,,,,,,,,,,,,,,UN (Unknown),0.000000,Cubic,SUN (Solar),0.000000,0.000000,0.000000,0.000000,0.000000
161,1,Closed,1.03999996185302740000,161,100.00000,YES,116.66666412353515000000,115.55899381637573000000,116.66666269302370000000,24.06210899353027200000,YES,YES,50.15749931335449000000,59.38333272933959700000,-12.95000016689300500000,NO ,None,1.00000000000000000000,NO,0.000000,0.000100,140.00000000000000000000,0.00000000000000000000,1.00000000000000000000,0.00000000000000000000,0.00000000000000000000,1.00000000000000000000,Normal,UN,1,1,1,1,100.000,,,,,,,,,,,,,,,,,,,UN (Unknown),775.000000,Cubic,NG (Natural Gas),3.370388,775.000000,0.000000,0.005740,4.727470
161,2,Closed,1.03999996185302740000,161,100.00000,YES,116.66666412353515000000,115.72700738906859000000,116.66666269302370000000,38.10817301273345900000,YES,YES,50.15749931335449000000,59.38333272933959700000,-12.95000016689300500000,NO ,None,1.00000000000000000000,NO,0.000000,0.000100,140.00000000000000000000,0.00000000000000000000,1.00000000000000000000,0.00000000000000000000,0.00000000000000000000,1.00000000000000000000,Normal,UN,1,1,1,1,100.000,,,,,,,,,,,,,,,,,,,UN (Unknown),775.000000,Cubic,NG (Natural Gas),3.496465,775.000000,0.000000,0.004843,4.727470
161,3,Closed,1.03999996185302740000,161,100.00000,YES,116.66666412353515000000,115.77775478363037000000,116.66666269302370000000,42.35072433948517100000,YES,YES,50.15749931335449000000,59.38333272933959700000,-12.95000016689300500000,NO ,None,1.00000000000000000000,NO,0.000000,0.000100,140.00000000000000000000,0.00000000000000000000,1.00000000000000000000,0.00000000000000000000,0.00000000000000000000,1.00000000000000000000,Normal,UN,1,1,1,1,100.000,,,,,,,,,,,,,,,,,,,UN (Unknown),775.000000,Cubic,NG (Natural Gas),3.305127,775.000000,0.000000,0.005074,4.727470
161,4,Closed,1.03999996185302740000,161,100.00000,YES,116.66666412353515000000,115.53252935409546000000,116.66666269302370000000,21.84929847717285100000,YES,YES,50.15749931335449000000,59.38333272933959700000,-12.95000016689300500000,NO ,None,1.00000000000000000000,NO,0.000000,0.000100,140.00000000000000000000,0.00000000000000000000,1.00000000000000000000,0.00000000000000000000,0.00000000000000000000,1.00000000000000000000,Normal,UN,1,1,1,1,100.000,,,,,,,,,,,,,,,,,,,UN (Unknown),775.000000,Cubic,NG (Natural Gas),3.522060,775.000000,0.000000,0.005299,4.727470
161,5,Closed,1.03999996185302740000,161,100.00000,YES,116.66666412353515000000,115.62051773071288000000,116.66666269302370000000,29.20592725276947200000,YES,YES,50.15749931335449000000,59.38333272933959700000,-12.95000016689300500000,NO ,None,1.00000000000000000000,NO,0.000000,0.000100,140.00000000000000000000,0.00000000000000000000,1.00000000000000000000,0.00000000000000000000,0.00000000000000000000,1.00000000000000000000,Normal,UN,1,1,1,1,100.000,,,,,,,,,,,,,,,,,,,UN (Unknown),775.000000,Cubic,NG (Natural Gas),2.997901,775.000000,0.000000,0.005355,4.727470
161,6,Closed,1.03999996185302740000,161,100.00000,YES,116.66666412353515000000,115.52554368972779000000,116.66666269302370000000,21.26559168100357100000,YES,YES,50.15749931335449000000,59.38333272933959700000,-12.95000016689300500000,NO ,None,1.00000000000000000000,NO,0.000000,0.000100,140.00000000000000000000,0.00000000000000000000,1.00000000000000000000,0.00000000000000000000,0.00000000000000000000,1.00000000000000000000,Normal,UN,1,1,1,1,100.000,,,,,,,,,,,,,,,,,,,UN (Unknown),775.000000,Cubic,NG (Natural Gas),3.321187,775.000000,0.000000,0.004715,4.727470
163,1,Closed,1.03999996185302740000,163,100.00000,YES,155.00000000000000000000,154.57485914230346000000,154.99999523162842000000,39.16621804237365800000,YES,YES,78.89500260353088000000,78.89500260353088000000,-17.20499992370605400000,NO ,None,1.00000000000000000000,NO,0.000000,0.000100,186.00000000000000000000,0.00000000000000000000,1.00000000000000000000,0.00000000000000000000,0.00000000000000000000,1.00000000000000000000,Normal,UN,1,1,1,1,100.000,,,,,,,,,,,,,,,,,,,UN (Unknown),832.500000,Cubic,NG (Natural Gas),3.365866,832.500000,0.000000,0.006497,4.778834
163,2,Closed,1.03999996185302740000,163,100.00000,YES,155.00000000000000000000,154.57485914230346000000,154.99999523162842000000,19.74641829729080300000,YES,YES,78.89500260353088000000,78.89500260353088000000,-17.20499992370605400000,NO ,None,1.00000000000000000000,NO,0.000000,0.000100,186.00000000000000000000,0.00000000000000000000,1.00000000000000000000,0.00000000000000000000,0.00000000000000000000,1.00000000000000000000,Normal,UN,1,1,1,1,100.000,,,,,,,,,,,,,,,,,,,UN (Unknown),832.500000,Cubic,NG (Natural Gas),3.438032,832.500000,0.000000,0.005979,4.778834
163,3,Closed,1.03999996185302740000,163,100.00000,YES,155.00000000000000000000,154.57485914230346000000,154.99999523162842000000,70.42884230613708800000,YES,YES,78.89500260353088000000,78.89500260353088000000,-17.20499992370605400000,NO ,None,1.00000000000000000000,NO,0.000000,0.000100,186.00000000000000000000,0.00000000000000000000,1.00000000000000000000,0.00000000000000000000,0.00000000000000000000,1.00000000000000000000,Normal,UN,1,1,1,1,100.000,,,,,,,,,,,,,,,,,,,UN (Unknown),832.500000,Cubic,NG (Natural Gas),3.077160,832.500000,0.000000,0.005528,4.778834
163,4,Open,1.03999996185302740000,163,100.00000,YES,155.00000000000000000000,138.84502649307251000000,154.99999523162842000000,34.87570285797119400000,YES,YES,0.00000000000000000000,78.89500260353088000000,-17.20499992370605400000,NO ,None,1.00000000000000000000,NO,0.000000,0.000100,186.00000000000000000000,0.00000000000000000000,1.00000000000000000000,0.00000000000000000000,0.00000000000000000000,1.00000000000000000000,Normal,UN,1,1,1,1,100.000,,,,,,,,,,,,,,,,,,,UN (Unknown),832.500000,Cubic,NG (Natural Gas),3.777262,832.500000,0.000000,0.005515,4.778834
163,5,Closed,1.03999996185302740000,163,100.00000,YES,155.00000000000000000000,154.57485914230346000000,154.99999523162842000000,73.13491106033324800000,YES,YES,78.89500260353088000000,78.89500260353088000000,-17.20499992370605400000,NO ,None,1.00000000000000000000,NO,0.000000,0.000100,186.00000000000000000000,0.00000000000000000000,1.00000000000000000000,0.00000000000000000000,0.00000000000000000000,1.00000000000000000000,Normal,UN,1,1,1,1,100.000,,,,,,,,,,,,,,,,,,,UN (Unknown),832.500000,Cubic,NG (Natural Gas),3.339999,832.500000,0.000000,0.005445,4.778834
163,6,Closed,1.03999996185302740000,163,100.00000,YES,155.00000000000000000000,154.57485914230346000000,154.99999523162842000000,22.33136743307113600000,YES,YES,78.89500260353088000000,78.89500260353088000000,-17.20499992370605400000,NO ,None,1.00000000000000000000,NO,0.000000,0.000100,186.00000000000000000000,0.00000000000000000000,1.00000000000000000000,0.00000000000000000000,0.00000000000000000000,1.00000000000000000000,Normal,UN,1,1,1,1,100.000,,,,,,,,,,,,,,,,,,,UN (Unknown),832.500000,Cubic,NG (Natural Gas),3.265424,832.500000,0.000000,0.005061,4.778834
165,1,Closed,1.03999996185302740000,165,100.00000,YES,206.23333740234374000000,205.66766262054445000000,206.23333454132080000000,88.32778930664062700000,YES,YES,62.65218853950501100000,104.97276782989501000000,-22.89189994335174700000,NO ,None,1.00000000000000000000,NO,0.000000,0.000100,247.47999572753907000000,0.00000000000000000000,1.00000000000000000000,0.00000000000000000000,0.00000000000000000000,1.00000000000000000000,Normal,UN,1,1,1,1,100.000,,,,,,,,,,,,,,,,,,,UN (Unknown),909.349976,Cubic,NG (Natural Gas),3.332672,909.349976,0.000000,0.006105,4.847483
165,2,Closed,1.03999996185302740000,165,100.00000,YES,206.23333740234374000000,205.66766262054445000000,206.23333454132080000000,28.28536927700042900000,YES,YES,62.65218853950501100000,104.97276782989501000000,-22.89189994335174700000,NO ,None,1.00000000000000000000,NO,0.000000,0.000100,247.47999572753907000000,0.00000000000000000000,1.00000000000000000000,0.00000000000000000000,0.00000000000000000000,1.00000000000000000000,Normal,UN,1,1,1,1,100.000,,,,,,,,,,,,,,,,,,,UN (Unknown),909.349976,Cubic,NG (Natural Gas),3.253064,909.349976,0.000000,0.007083,4.847483
165,3,Closed,1.03999996185302740000,165,100.00000,YES,206.23333740234374000000,202.88302898406982000000,206.23333454132080000000,89.13689255714416600000,YES,YES,62.65218853950501100000,104.97276782989501000000,-22.89189994335174700000,NO ,None,1.00000000000000000000,NO,0.000000,0.000100,247.47999572753907000000,0.00000000000000000000,1.00000000000000000000,0.00000000000000000000,0.00000000000000000000,1.00000000000000000000,Normal,UN,1,1,1,1,100.000,,,,,,,,,,,,,,,,,,,UN (Unknown),909.349976,Cubic,NG (Natural Gas),3.391279,909.349976,0.000000,0.007170,4.847483
169,1,Closed,1.03999996185302740000,169,100.00000,YES,30.00000000000000000000,29.91771399974823000000,30.00000119209289600000,8.83230641484260610000,YES,YES,0.00000000000000000000,0.00000000000000000000,0.00000000000000000000,NO ,None,1.00000000000000000000,NO,0.000000,0.000100,36.00000000000000000000,0.00000000000000000000,1.00000000000000000000,0.00000000000000000000,0.00000000000000000000,1.00000000000000000000,Normal,UN,1,1,1,1,100.000,,,,,,,,,,,,,,,,,,,UN (Unknown),0.000000,Cubic,SUN (Solar),0.000000,0.000000,0.000000,0.000000,0.000000
170,1,Closed,1.03999996185302740000,170,100.00000,YES,198.33332824707030000000,197.78934717178346000000,198.33333492279053000000,43.19342672824859500000,YES,YES,-14.65622633695602600000,100.95167160034179000000,-22.01499938964843800000,NO ,None,1.00000000000000000000,NO,0.000000,0.000100,238.00000000000000000000,0.00000000000000000000,1.00000000000000000000,0.00000000000000000000,0.00000000000000000000,1.00000000000000000000,Normal,UN,1,1,1,1,100.000,,,,,,,,,,,,,,,,,,,UN (Unknown),897.500000,Cubic,NG (Natural Gas),2.823494,897.500000,0.000000,0.006570,4.836897
170,2,Closed,1.03999996185302740000,170,100.00000,YES,198.33332824707030000000,197.78934717178346000000,198.33333492279053000000,40.66764116287231400000,YES,YES,-14.65622633695602600000,100.95167160034179000000,-22.01499938964843800000,NO ,None,1.00000000000000000000,NO,0.000000,0.000100,238.00000000000000000000,0.00000000000000000000,1.00000000000000000000,0.00000000000000000000,0.00000000000000000000,1.00000000000000000000,Normal,UN,1,1,1,1,100.000,,,,,,,,,,,,,,,,,,,UN (Unknown),897.500000,Cubic,NG (Natural Gas),3.178562,897.500000,0.000000,0.007269,4.836897
170,3,Closed,1.03999996185302740000,170,100.00000,YES,198.33332824707030000000,91.55802130699157800000,198.33333492279053000000,65.09752273559569900000,YES,YES,-14.65622633695602600000,100.95167160034179000000,-22.01499938964843800000,NO ,None,1.00000000000000000000,NO,0.000000,0.000100,238.00000000000000000000,0.00000000000000000000,1.00000000000000000000,0.00000000000000000000,0.00000000000000000000,1.00000000000000000000,Normal,UN,1,1,1,1,100.000,,,,,,,,,,,,,,,,,,,UN (Unknown),897.500000,Cubic,NG (Natural Gas),4.268301,897.500000,0.000000,0.007267,4.836897
172,1,Closed,1.03999996185302740000,172,100.00000,YES,213.00000000000000000000,212.41576671600342000000,213.00001144409181000000,50.32134652137756200000,YES,YES,-5.83987347781658110000,108.41699838638306000000,-23.64300042390823400000,NO ,None,1.00000000000000000000,NO,0.000000,0.000100,255.60000610351562000000,0.00000000000000000000,1.00000000000000000000,0.00000000000000000000,0.00000000000000000000,1.00000000000000000000,Normal,UN,1,1,1,1,100.000,,,,,,,,,,,,,,,,,,,UN (Unknown),919.500000,Cubic,NG (Natural Gas),3.355976,919.500000,0.000000,0.006187,4.856549
172,2,Closed,1.03999996185302740000,172,100.00000,YES,213.00000000000000000000,172.24216461181642000000,213.00001144409181000000,43.84513795375824000000,YES,YES,-5.83987347781658110000,108.41699838638306000000,-23.64300042390823400000,NO ,None,1.00000000000000000000,NO,0.000000,0.000100,255.60000610351562000000,0.00000000000000000000,1.00000000000000000000,0.00000000000000000000,0.00000000000000000000,1.00000000000000000000,Normal,UN,1,1,1,1,100.000,,,,,,,,,,,,,,,,,,,UN (Unknown),919.500000,Cubic,NG (Natural Gas),3.508979,919.500000,0.000000,0.007674,4.856549
172,3,Closed,1.03999996185302740000,172,100.00000,YES,213.00000000000000000000,171.68654203414918000000,213.00001144409181000000,67.35127568244934400000,YES,YES,-5.83987347781658110000,108.41699838638306000000,-23.64300042390823400000,NO ,None,1.00000000000000000000,NO,0.000000,0.000100,255.60000610351562000000,0.00000000000000000000,1.00000000000000000000,0.00000000000000000000,0.00000000000000000000,1.00000000000000000000,Normal,UN,1,1,1,1,100.000,,,,,,,,,,,,,,,,,,,UN (Unknown),919.500000,Cubic,NG (Natural Gas),3.775206,919.500000,0.000000,0.006148,4.856549
