BusNum3W,BusNum3W:1,BusNum3W:2,BusNum3W:3,LineCircuit,GICManualCoilR,GICCoilRFrom,GICCoilRTo,XFConfiguration,XFConfiguration:1,XFConfiguration:2,GICXFConfigUsed,XFIsAutoXF,GICAutoXFUsed,GICBlockDevice
17,18,19,20,1,No,0.000000,0.000000,Unknown,Unknown,Unknown,Unknown-Unknown-Unknown,Unknown,NO ,NO 
25,26,27,28,1,No,0.000000,0.000000,Unknown,Unknown,Unknown,Unknown-Unknown-Unknown,Unknown,NO ,NO 
32,33,0,0,1,No,0.000000,0.000000,Unknown,Unknown,,Unknown-Unknown,Unknown,NO ,NO 
32,33,0,0,2,No,0.000000,0.000000,Unknown,Unknown,,Unknown-Unknown,Unknown,NO ,NO 
32,33,0,0,3,No,0.000000,0.000000,Unknown,Unknown,,Unknown-Unknown,Unknown,NO ,NO 
39,40,0,0,1,No,0.000000,0.000000,Unknown,Unknown,,Unknown-Unknown,Unknown,NO ,NO 
39,40,0,0,2,No,0.000000,0.000000,Unknown,Unknown,,Unknown-Unknown,Unknown,NO ,NO 
39,40,0,0,3,No,0.000000,0.000000,Unknown,Unknown,,Unknown-Unknown,Unknown,NO ,NO 
46,47,48,49,1,No,0.000000,0.000000,Unknown,Unknown,Unknown,Unknown-Unknown-Unknown,Unknown,NO ,NO 
58,59,0,0,1,No,0.000000,0.000000,Unknown,Unknown,,Unknown-Unknown,Unknown,NO ,NO 
68,69,0,0,1,No,0.000000,0.000000,Unknown,Unknown,,Unknown-Unknown,Unknown,NO ,NO 
70,71,0,0,1,No,0.000000,0.000000,Unknown,Unknown,,Unknown-Unknown,Unknown,NO ,NO 
73,74,0,0,1,No,0.000000,0.000000,Unknown,Unknown,,Unknown-Unknown,Unknown,NO ,NO 
87,88,0,0,1,No,0.000000,0.000000,Unknown,Unknown,,Unknown-Unknown,Unknown,NO ,NO 
87,88,0,0,2,No,0.000000,0.000000,Unknown,Unknown,,Unknown-Unknown,Unknown,NO ,NO 
87,88,0,0,3,No,0.000000,0.000000,Unknown,Unknown,,Unknown-Unknown,Unknown,NO ,NO 
94,95,0,0,1,No,0.000000,0.000000,Unknown,Unknown,,Unknown-Unknown,Unknown,NO ,NO 
101,102,0,0,1,No,0.000000,0.000000,Unknown,Unknown,,Unknown-Unknown,Unknown,NO ,NO 
131,132,0,0,1,No,0.000000,0.000000,Unknown,Unknown,,Unknown-Unknown,Unknown,NO ,NO 
137,138,0,0,1,No,0.000000,0.000000,Unknown,Unknown,,Unknown-Unknown,Unknown,NO ,NO 
137,138,0,0,2,No,0.000000,0.000000,Unknown,Unknown,,Unknown-Unknown,Unknown,NO ,NO 
137,138,0,0,3,No,0.000000,0.000000,Unknown,Unknown,,Unknown-Unknown,Unknown,NO ,NO 
147,148,0,0,1,No,0.000000,0.000000,Unknown,Unknown,,Unknown-Unknown,Unknown,NO ,NO 
150,151,0,0,1,No,0.000000,0.000000,Unknown,Unknown,,Unknown-Unknown,Unknown,NO ,NO 
152,153,154,155,1,No,0.000000,0.000000,Unknown,Unknown,Unknown,Unknown-Unknown-Unknown,Unknown,NO ,NO 
157,158,0,0,1,No,0.000000,0.000000,Unknown,Unknown,,Unknown-Unknown,Unknown,NO ,NO 
157,158,0,0,2,No,0.000000,0.000000,Unknown,Unknown,,Unknown-Unknown,Unknown,NO ,NO 
157,158,0,0,3,No,0.000000,0.000000,Unknown,Unknown,,Unknown-Unknown,Unknown,NO ,NO 
161,162,0,0,1,No,0.000000,0.000000,Unknown,Unknown,,Unknown-Unknown,Unknown,NO ,NO 
163,164,0,0,1,No,0.000000,0.000000,Unknown,Unknown,,Unknown-Unknown,Unknown,NO ,NO 
163,164,0,0,2,No,0.000000,0.000000,Unknown,Unknown,,Unknown-Unknown,Unknown,NO ,NO 
163,164,0,0,3,No,0.000000,0.000000,Unknown,Unknown,,Unknown-Unknown,Unknown,NO ,NO 
165,166,167,168,1,No,0.000000,0.000000,Unknown,Unknown,Unknown,Unknown-Unknown-Unknown,Unknown,NO ,NO 
170,171,0,0,1,No,0.000000,0.000000,Unknown,Unknown,,Unknown-Unknown,Unknown,NO ,NO 
172,173,0,0,1,No,0.000000,0.000000,Unknown,Unknown,,Unknown-Unknown,Unknown,NO ,NO 
