SubNum,SubName,SubID,Latitude,Longitude,DataMaintainerAssign,GICSubGroundOhms,GICUsedSubGroundOhms,AreaNum,AreaName
1,Travis_DS_1,1,30.31230094000000000000,-97.65009148000000000000,,0.100000,0.100000,1,Travis
2,Travis_DS_2,2,30.33340070000000000000,-97.54395016000000000000,,0.100000,0.100000,1,Travis
3,Travis_DS_3,3,30.33749946000000000000,-97.61244859999998700000,,0.100000,0.100000,1,Travis
4,Travis_DS_4,4,30.29410465000000000000,-97.63254718000000000000,,0.100000,0.100000,1,Travis
5,Travis_DS_5,5,30.35766383000000000000,-97.53649316000000000000,,0.100000,0.100000,1,Travis
6,Travis_DS_6,6,30.34761038000000000000,-97.46639525000000000000,,0.100000,0.100000,1,Travis
7,Travis_DS_7,7,30.27994306000000000000,-97.67144822000000000000,,0.100000,0.100000,1,Travis
8,Travis_DS_8,8,30.23978251000000000000,-97.69249541000001300000,,0.100000,0.100000,1,Travis
9,Travis_DS_9,9,30.21698319000000000000,-97.68853357000000000000,,0.100000,0.100000,1,Travis
10,Travis_DS_10,10,30.22001618000000000000,-97.66573414000000000000,,0.100000,0.100000,1,Travis
11,Travis_DS_11,11,30.25520380000000000000,-97.59915955000000000000,,0.100000,0.100000,1,Travis
12,Travis_DS_12,12,30.17799796000000000000,-97.65895598000000000000,,0.100000,0.100000,1,Travis
13,Travis_DS_13,13,30.15036874000000000000,-97.61485367000000000000,,0.100000,0.100000,1,Travis
14,Travis_DS_14,14,30.21812429000000000000,-97.52286181000000000000,,0.100000,0.100000,1,Travis
15,Travis_DS_15,15,30.24328724000000000000,-97.77954656000000000000,,0.100000,0.100000,1,Travis
16,Travis_DS_16,16,30.24372334000000000000,-97.89112668999998700000,,0.100000,0.100000,1,Travis
17,Travis_DS_17,17,30.23164168000000000000,-97.75507394000000000000,,0.100000,0.100000,1,Travis
18,Travis_DS_18,18,30.21566971000000000000,-97.96182569000000000000,,0.100000,0.100000,1,Travis
19,Travis_DS_19,19,30.22682499000000000000,-97.92772230000000000000,,0.100000,0.100000,1,Travis
20,Travis_DS_20,20,30.19084643000000000000,-97.89800525000000000000,,0.100000,0.100000,1,Travis
21,Travis_DS_21,21,30.27995855000000000000,-97.87237124000001300000,,0.100000,0.100000,1,Travis
22,Travis_DS_22,22,30.24944396000000000000,-97.83346119000000000000,,0.100000,0.100000,1,Travis
23,Travis_DS_23,23,30.27358920000000000000,-97.82058248000000000000,,0.100000,0.100000,1,Travis
24,Travis_DS_24,24,30.21512200000000000000,-97.88534283000000000000,,0.100000,0.100000,1,Travis
25,Travis_DS_25,25,30.22888855000000000000,-97.87071202000000000000,,0.100000,0.100000,1,Travis
26,Travis_DS_26,26,30.22789930000000000000,-97.85282348000000000000,,0.100000,0.100000,1,Travis
27,Travis_DS_27,27,30.22488514000000000000,-97.80862797000000000000,,0.100000,0.100000,1,Travis
28,Travis_DS_28,28,30.20622511000000000000,-97.80786502000000000000,,0.100000,0.100000,1,Travis
29,Travis_DS_29,29,30.21711548000000000000,-97.77545163000000000000,,0.100000,0.100000,1,Travis
30,Travis_DS_30,30,30.20468570000000000000,-97.84181784000000000000,,0.100000,0.100000,1,Travis
31,Travis_DS_31,31,30.16221403000000000000,-97.85492678999998700000,,0.100000,0.100000,1,Travis
32,Travis_DS_32,32,30.17889347000000000000,-97.83446666000000000000,,0.100000,0.100000,1,Travis
33,Travis_DS_33,33,30.14243527000000000000,-97.82750775000000000000,,0.100000,0.100000,1,Travis
34,Travis_DS_34,34,30.19912439000000000000,-97.78926808000000000000,,0.100000,0.100000,1,Travis
35,Travis_DS_35,35,30.17315618000000000000,-97.79872682000000000000,,0.100000,0.100000,1,Travis
36,Travis_DS_36,36,30.19648889000000000000,-97.73678912000000000000,,0.100000,0.100000,1,Travis
37,Travis_DS_37,37,30.17845497000000000000,-97.75837082000000000000,,0.100000,0.100000,1,Travis
38,Travis_DS_38,38,30.20137869000000000000,-97.74770099000000000000,,0.100000,0.100000,1,Travis
39,Travis_DS_39,39,30.14598010000000000000,-97.78362546000000000000,,0.100000,0.100000,1,Travis
40,Travis_DS_40,40,30.15236882000000000000,-97.74179894000000000000,,0.100000,0.100000,1,Travis
41,Travis_DS_41,41,30.17502276000000000000,-97.70573709000000000000,,0.100000,0.100000,1,Travis
42,Travis_DS_42,42,30.06884318000000000000,-97.69137970000000000000,,0.100000,0.100000,1,Travis
43,Travis_DS_43,43,30.06441276000000000000,-97.66510613000000000000,,0.100000,0.100000,1,Travis
44,Travis_DS_44,44,30.43390980000000000000,-97.79578522000000000000,,0.100000,0.100000,1,Travis
45,Travis_DS_45,45,30.42012834000000000000,-97.71258005000000000000,,0.100000,0.100000,1,Travis
46,Travis_DS_46,46,30.42070413000000000000,-97.76967016000000000000,,0.100000,0.100000,1,Travis
47,Travis_DS_47,47,30.42717876000000000000,-97.74368075000000000000,,0.100000,0.100000,1,Travis
48,Travis_DS_48,48,30.42429051000000000000,-97.74001308000000000000,,0.100000,0.100000,1,Travis
49,Travis_DS_49,49,30.40683061000000000000,-97.74769651000000000000,,0.100000,0.100000,1,Travis
50,Travis_DS_50,50,30.39825313000000000000,-97.76132512000000000000,,0.100000,0.100000,1,Travis
51,Travis_DS_51,51,30.45921216000000000000,-97.68234615000000000000,,0.100000,0.100000,1,Travis
52,Travis_DS_52,52,30.46889660000000000000,-97.63804170000000000000,,0.100000,0.100000,1,Travis
53,Travis_DS_53,53,30.45074111000000000000,-97.65436610000000000000,,0.100000,0.100000,1,Travis
54,Travis_DS_54,54,30.48561813000000000000,-97.58027253000000000000,,0.100000,0.100000,1,Travis
55,Travis_DS_55,55,30.46212600000000000000,-97.58175500000000000000,,0.100000,0.100000,1,Travis
56,Travis_DS_56,56,30.44228085000000000000,-97.61795076999998700000,,0.100000,0.100000,1,Travis
57,Travis_DS_57,57,30.43347777000000000000,-97.67653588000000000000,,0.100000,0.100000,1,Travis
58,Travis_DS_58,58,30.42830159000000000000,-97.68990116000000000000,,0.100000,0.100000,1,Travis
59,Travis_DS_59,59,30.39618967000000000000,-97.66532573000000000000,,0.100000,0.100000,1,Travis
60,Travis_DS_60,60,30.39379669000000000000,-97.69754614000000000000,,0.100000,0.100000,1,Travis
61,Travis_DS_61,61,30.38176070000000000000,-97.72336366000000000000,,0.100000,0.100000,1,Travis
62,Travis_DS_62,62,30.38028299000000000000,-97.70981758000000000000,,0.100000,0.100000,1,Travis
63,Travis_DS_63,63,30.37690081000000000000,-97.68846561000000000000,,0.100000,0.100000,1,Travis
64,Travis_DS_64,64,30.37151516000000000000,-97.68047064000000000000,,0.100000,0.100000,1,Travis
65,Travis_DS_65,65,30.38893262000000000000,-97.63629709999998700000,,0.100000,0.100000,1,Travis
66,Travis_DS_66,66,30.36828450000000000000,-97.64484213000000000000,,0.100000,0.100000,1,Travis
67,Travis_DS_67,67,30.42318300000000000000,-97.63507364000000000000,,0.100000,0.100000,1,Travis
68,Travis_DS_68,68,30.37780140000000000000,-97.63883250000001300000,,0.100000,0.100000,1,Travis
69,Travis_DS_69,69,30.40075222000000000000,-98.07068477000000000000,,0.100000,0.100000,1,Travis
70,Travis_DS_70,70,30.54637626000000000000,-97.92148000000000000000,,0.100000,0.100000,1,Travis
71,Travis_DS_71,71,30.47370146000000000000,-97.50600604000000000000,,0.100000,0.100000,1,Travis
72,Travis_DS_72,72,30.36409560000000000000,-97.51150976000000000000,,0.100000,0.100000,1,Travis
73,Travis_DS_73,73,30.38794515000000000000,-97.42273957000000000000,,0.100000,0.100000,1,Travis
74,Travis_DS_74,74,30.28089677000000000000,-97.46312833000000000000,,0.100000,0.100000,1,Travis
75,Travis_DS_75,75,30.21375669000000000000,-97.56533431000000000000,,0.100000,0.100000,1,Travis
76,Travis_DS_76,76,30.10368588000000000000,-97.70462754000000000000,,0.100000,0.100000,1,Travis
77,Travis_DS_77,77,30.55223824000000000000,-97.93429816000000000000,,0.100000,0.100000,1,Travis
78,Travis_DS_78,78,30.34948569000000000000,-97.97427719000000000000,,0.100000,0.100000,1,Travis
79,Travis_DS_79,79,30.43446599000000000000,-98.06788511000000000000,,0.100000,0.100000,1,Travis
80,Travis_DS_80,80,30.47900299000000000000,-97.90877130000000000000,,0.100000,0.100000,1,Travis
81,Travis_DS_81,81,30.45191248000000000000,-97.99434615000000000000,,0.100000,0.100000,1,Travis
82,Travis_DS_82,82,30.44212231000000000000,-97.93076122000000000000,,0.100000,0.100000,1,Travis
83,Travis_DS_83,83,30.46632793000000000000,-97.84885098000000000000,,0.100000,0.100000,1,Travis
84,Travis_DS_84,84,30.43618204000000000000,-97.82291673000000000000,,0.100000,0.100000,1,Travis
85,Travis_DS_85,85,30.39242274000000000000,-98.02881032000000000000,,0.100000,0.100000,1,Travis
86,Travis_DS_86,86,30.39460188000000000000,-98.06762086000000000000,,0.100000,0.100000,1,Travis
87,Travis_DS_87,87,30.38794703000000000000,-97.98962236000000000000,,0.100000,0.100000,1,Travis
88,Travis_DS_88,88,30.39537617000000000000,-97.93352742000000000000,,0.100000,0.100000,1,Travis
89,Travis_DS_89,89,30.37377630000000000000,-97.97213587000000000000,,0.100000,0.100000,1,Travis
90,Travis_DS_90,90,30.37875688000000000000,-97.92587215000000000000,,0.100000,0.100000,1,Travis
91,Travis_DS_91,91,30.33269460000000000000,-97.98809077000000000000,,0.100000,0.100000,1,Travis
92,Travis_DS_92,92,30.31992509000000000000,-97.91347775000000000000,,0.100000,0.100000,1,Travis
93,Travis_DS_93,93,30.29828318000000000000,-97.93524021000000000000,,0.100000,0.100000,1,Travis
94,Travis_DS_94,94,30.39076431000000000000,-97.84817455000000000000,,0.100000,0.100000,1,Travis
95,Travis_DS_95,95,30.37038851000000000000,-97.89578026000000000000,,0.100000,0.100000,1,Travis
96,Travis_DS_96,96,30.34209259000000000000,-97.86292444000000000000,,0.100000,0.100000,1,Travis
97,Travis_DS_97,97,30.28908717000000000000,-98.02241579000000000000,,0.100000,0.100000,1,Travis
98,Travis_DS_98,98,30.29195291000000000000,-97.76823743000000000000,,0.100000,0.100000,1,Travis
99,Travis_DS_99,99,30.27819557000000000000,-97.72014076000001300000,,0.100000,0.100000,1,Travis
100,Travis_DS_100,100,30.28416420000000000000,-97.75539794000000000000,,0.100000,0.100000,1,Travis
101,Travis_DS_101,101,30.29484889000000000000,-97.73978133000000000000,,0.100000,0.100000,1,Travis
102,Travis_DS_102,102,30.27552141000000000000,-97.74411288000000000000,,0.100000,0.100000,1,Travis
103,Travis_DS_103,103,30.25263364000000000000,-97.75498429000000000000,,0.100000,0.100000,1,Travis
104,Travis_DS_104,104,30.26807583000000000000,-97.73910235000000000000,,0.100000,0.100000,1,Travis
105,Travis_DS_105,105,30.23616641000000000000,-97.72626466000000000000,,0.100000,0.100000,1,Travis
106,Travis_DS_106,106,30.29453499000000000000,-97.72841464000000000000,,0.100000,0.100000,1,Travis
107,Travis_DS_107,107,30.28258438000000000000,-97.70062529000000000000,,0.100000,0.100000,1,Travis
108,Travis_DS_108,108,30.25882400000000000000,-97.71786856999998700000,,0.100000,0.100000,1,Travis
109,Travis_DS_109,109,30.26460570000000000000,-97.78596965000000000000,,0.100000,0.100000,1,Travis
110,Travis_DS_110,110,30.31590447000000000000,-97.71883748000000000000,,0.100000,0.100000,1,Travis
111,Travis_DS_111,111,30.37245497000000000000,-97.79498086000000000000,,0.100000,0.100000,1,Travis
112,Travis_DS_112,112,30.37774666000000000000,-97.75880703999998700000,,0.100000,0.100000,1,Travis
113,Travis_DS_113,113,30.30261128000000000000,-97.83480657000000000000,,0.100000,0.100000,1,Travis
114,Travis_DS_114,114,30.34758381000000000000,-97.77339623000000000000,,0.100000,0.100000,1,Travis
115,Travis_DS_115,115,30.32877173000000000000,-97.80542093000000000000,,0.100000,0.100000,1,Travis
116,Travis_DS_116,116,30.32838739000000000000,-97.76125000000000000000,,0.100000,0.100000,1,Travis
117,Travis_DS_117,117,30.36787120000000000000,-97.75729195000000000000,,0.100000,0.100000,1,Travis
118,Travis_DS_118,118,30.35524490000000000000,-97.72755495000000000000,,0.100000,0.100000,1,Travis
119,Travis_DS_119,119,30.35274581000000000000,-97.74576712000000000000,,0.100000,0.100000,1,Travis
120,Travis_DS_120,120,30.32694842000000000000,-97.74375743000000000000,,0.100000,0.100000,1,Travis
121,Travis_DS_121,121,30.29096900000000000000,-97.79507160000000000000,,0.100000,0.100000,1,Travis
122,Travis_DS_122,122,30.31766997000000000000,-97.76331361000000000000,,0.100000,0.100000,1,Travis
123,Travis_DS_123,123,30.35988553000000000000,-97.70683678000000000000,,0.100000,0.100000,1,Travis
124,Travis_DS_124,124,30.32954208000000000000,-97.72003101999998700000,,0.100000,0.100000,1,Travis
125,Travis_DS_125,125,30.33718374000000000000,-97.70563537000000000000,,0.100000,0.100000,1,Travis
126,Travis_DS_126,126,30.34685237000000000000,-97.67662949000000000000,,0.100000,0.100000,1,Travis
127,Travis_DS_127,127,30.32149335000000000000,-97.68298857000000000000,,0.100000,0.100000,1,Travis
128,Travis_DS_128,128,30.30449023000000000000,-97.68337399000001300000,,0.100000,0.100000,1,Travis
129,Marshall Ford Power Plant,129,30.38990000000000000000,-97.90730000000001300000,,0.100000,0.100000,1,Travis
130,Central Utility Plant,130,30.39735100000000000000,-97.84258600000000000000,,0.100000,0.100000,1,Travis
131,Austin Power Plant,131,30.29342400000000000000,-97.78440800000000000000,,0.100000,0.100000,1,Travis
132,Weaver Power Plant,132,30.28670000000000000000,-97.73560000000000000000,,0.100000,0.100000,1,Travis
133,Mueller Energy Center,133,30.30499400000000000000,-97.70767500000000000000,,0.100000,0.100000,1,Travis
134,IKEA Solar Array,134,30.55704400000000000000,-97.69028600000000000000,,0.100000,0.100000,1,Travis
135,Sand Hill Power Plant,135,30.20980000000000000000,-97.61290000000000000000,,0.100000,0.100000,1,Travis
136,Decker Creek Power Plant,136,30.30330000000000000000,-97.61279999999998700000,,0.100000,0.100000,1,Travis
137,Bastrop Energy Center,137,30.14580000000000000000,-97.55000000000000000000,,0.100000,0.100000,1,Travis
138,Webberville Solar Project,138,30.23849200000000000000,-97.50881200000000000000,,0.100000,0.100000,1,Travis
139,Lost Pines 1 Power Project,139,30.14000000000000000000,-97.27140000000000000000,,0.100000,0.100000,1,Travis
140,Sam Gideon Power Plant,140,30.16000000000000000000,-97.27080000000000000000,,0.100000,0.100000,1,Travis
