distribution_substation_id,connection_node,candidate_transmission_bus_ids,match_status,cross_release_verified
p2uhs6_1247,p2uhs6_69,[1],unique_location_voltage_candidate,0
p2uhs0_1247,p2uhs0_69,[2],unique_location_voltage_candidate,0
p2uhs8_1247,p2uhs8_69,[3],unique_location_voltage_candidate,0
p2uhs11_1247,p2uhs11_69,[4],unique_location_voltage_candidate,0
p2uhs12_1247,p2uhs12_69,[5],unique_location_voltage_candidate,0
p2uhs7_1247,p2uhs7_69,[6],unique_location_voltage_candidate,0
p2uhs2_1247,p2uhs2_69,[7],unique_location_voltage_candidate,0
p2uhs5_1247,p2uhs5_69,[8],unique_location_voltage_candidate,0
p2uhs9_1247,p2uhs9_69,[9],unique_location_voltage_candidate,0
p2uhs3_1247,p2uhs3_69,[10],unique_location_voltage_candidate,0
p2uhs1_1247,p2uhs1_69,[11],unique_location_voltage_candidate,0
p2uhs4_1247,p2uhs4_69,[12],unique_location_voltage_candidate,0
p2uhs10_1247,p2uhs10_69,[13],unique_location_voltage_candidate,0
p2uhs13_1247,p2uhs13_69,[14],unique_location_voltage_candidate,0
p3uhs5_1247,p3uhs5_69,[15],unique_location_voltage_candidate,0
p3uhs0_1247,p3uhs0_69,[16],unique_location_voltage_candidate,0
p3uhs8_1247,p3uhs8_69,[18],unique_location_voltage_candidate,0
p3uhs18_1247,p3uhs18_69,[21],unique_location_voltage_candidate,0
p3uhs17_1247,p3uhs17_69,[22],unique_location_voltage_candidate,0
p3uhs20_1247,p3uhs20_69,[23],unique_location_voltage_candidate,0
p3uhs16_1247,p3uhs16_69,[24],unique_location_voltage_candidate,0
p3uhs21_1247,p3uhs21_69,[25],unique_location_voltage_candidate,0
p3uhs7_1247,p3uhs7_69,[29],unique_location_voltage_candidate,0
p3uhs19_1247,p3uhs19_69,[30],unique_location_voltage_candidate,0
p3uhs22_1247,p3uhs22_69,[31],unique_location_voltage_candidate,0
p3uhs3_1247,p3uhs3_69,[33],unique_location_voltage_candidate,0
p3uhs11_1247,p3uhs11_69,[34],unique_location_voltage_candidate,0
p3uhs13_1247,p3uhs13_69,[35],unique_location_voltage_candidate,0
p3uhs4_1247,p3uhs4_69,[36],unique_location_voltage_candidate,0
p3uhs14_1247,p3uhs14_69,[37],unique_location_voltage_candidate,0
p3uhs10_1247,p3uhs10_69,[38],unique_location_voltage_candidate,0
p3uhs15_1247,p3uhs15_69,[40],unique_location_voltage_candidate,0
p3uhs23_1247,p3uhs23_69,[41],unique_location_voltage_candidate,0
p3uhs6_1247,p3uhs6_69,[42],unique_location_voltage_candidate,0
p3uhs12_1247,p3uhs12_69,[43],unique_location_voltage_candidate,0
p3uhs1_1247,p3uhs1_69,[44],unique_location_voltage_candidate,0
p3uhs24_1247,p3uhs24_69,[45],unique_location_voltage_candidate,0
p3uhs2_1247,p3uhs2_69,[47],unique_location_voltage_candidate,0
p3uhs25_1247,p3uhs25_69,[50],unique_location_voltage_candidate,0
p3uhs26_1247,p3uhs26_69,[51],unique_location_voltage_candidate,0
p3uhs9_1247,p3uhs9_69,[52],unique_location_voltage_candidate,0
p3uhs27_1247,p3uhs27_69,[53],unique_location_voltage_candidate,0
p3uhs28_1247,p3uhs28_69,[54],unique_location_voltage_candidate,0
p1uhs19_1247,p1uhs19_69,[55],unique_location_voltage_candidate,0
p1uhs0_1247,p1uhs0_69,[56],unique_location_voltage_candidate,0
p1uhs5_1247,p1uhs5_69,[57],unique_location_voltage_candidate,0
p1uhs10_1247,p1uhs10_69,[59],unique_location_voltage_candidate,0
p1uhs3_1247,p1uhs3_69,[60],unique_location_voltage_candidate,0
p1uhs14_1247,p1uhs14_69,[61],unique_location_voltage_candidate,0
p1uhs17_1247,p1uhs17_69,[62],unique_location_voltage_candidate,0
p1uhs1_1247,p1uhs1_69,[63],unique_location_voltage_candidate,0
p1uhs20_1247,p1uhs20_69,[64],unique_location_voltage_candidate,0
p1uhs8_1247,p1uhs8_69,[65],unique_location_voltage_candidate,0
p1uhs21_1247,p1uhs21_69,[66],unique_location_voltage_candidate,0
p1uhs16_1247,p1uhs16_69,[67],unique_location_voltage_candidate,0
p1uhs12_1247,p1uhs12_69,[69],unique_location_voltage_candidate,0
p1uhs2_1247,p1uhs2_69,[71],unique_location_voltage_candidate,0
p1uhs6_1247,p1uhs6_69,[72],unique_location_voltage_candidate,0
p1uhs9_1247,p1uhs9_69,[74],unique_location_voltage_candidate,0
p1uhs15_1247,p1uhs15_69,[75],unique_location_voltage_candidate,0
p1uhs11_1247,p1uhs11_69,[76],unique_location_voltage_candidate,0
p1uhs4_1247,p1uhs4_69,[77],unique_location_voltage_candidate,0
p1uhs7_1247,p1uhs7_69,[78],unique_location_voltage_candidate,0
p1uhs22_1247,p1uhs22_69,[79],unique_location_voltage_candidate,0
p1uhs13_1247,p1uhs13_69,[80],unique_location_voltage_candidate,0
p1uhs23_1247,p1uhs23_69,[81],unique_location_voltage_candidate,0
p1uhs18_1247,p1uhs18_69,[82],unique_location_voltage_candidate,0
p1uhs24_1247,p1uhs24_69,[83],unique_location_voltage_candidate,0
p1rhs4_1247,p1rhs4_69,[84],unique_location_voltage_candidate,0
p1rhs1_1247,p1rhs1_69,[85],unique_location_voltage_candidate,0
p1rhs7_1247,p1rhs7_69,[86],unique_location_voltage_candidate,0
p1rhs2_1247,p1rhs2_69,[88],unique_location_voltage_candidate,0
p1rhs0_1247,p1rhs0_69,[89],unique_location_voltage_candidate,0
p1rhs6_1247,p1rhs6_69,[90],unique_location_voltage_candidate,0
p1rhs5_1247,p1rhs5_69,[91],unique_location_voltage_candidate,0
p1rhs3_1247,p1rhs3_69,[92],unique_location_voltage_candidate,0
p4uhs3_1247,p4uhs3_69,[93],unique_location_voltage_candidate,0
p4uhs0_1247,p4uhs0_69,[95],unique_location_voltage_candidate,0
p4uhs4_1247,p4uhs4_69,[96],unique_location_voltage_candidate,0
p4uhs6_1247,p4uhs6_69,[97],unique_location_voltage_candidate,0
p4uhs5_1247,p4uhs5_69,[98],unique_location_voltage_candidate,0
p4uhs7_1247,p4uhs7_69,[99],unique_location_voltage_candidate,0
p4uhs8_1247,p4uhs8_69,[100],unique_location_voltage_candidate,0
p4uhs9_1247,p4uhs9_69,[102],unique_location_voltage_candidate,0
p4uhs10_1247,p4uhs10_69,[103],unique_location_voltage_candidate,0
p4uhs11_1247,p4uhs11_69,[104],unique_location_voltage_candidate,0
p4uhs12_1247,p4uhs12_69,[105],unique_location_voltage_candidate,0
p4uhs2_1247,p4uhs2_69,[106],unique_location_voltage_candidate,0
p4uhs13_1247,p4uhs13_69,[107],unique_location_voltage_candidate,0
p4uhs14_1247,p4uhs14_69,[108],unique_location_voltage_candidate,0
p4uhs15_1247,p4uhs15_69,[109],unique_location_voltage_candidate,0
p4uhs17_1247,p4uhs17_69,[110],unique_location_voltage_candidate,0
p4uhs18_1247,p4uhs18_69,[111],unique_location_voltage_candidate,0
p4uhs19_1247,p4uhs19_69,[112],unique_location_voltage_candidate,0
p4uhs20_1247,p4uhs20_69,[113],unique_location_voltage_candidate,0
p4uhs1_1247,p4uhs1_69,[114],unique_location_voltage_candidate,0
p4uhs16_1247,p4uhs16_69,[115],unique_location_voltage_candidate,0
p5uhs16_1247,p5uhs16_69,[116],unique_location_voltage_candidate,0
p5uhs0_1247,p5uhs0_69,[117],unique_location_voltage_candidate,0
p5uhs2_1247,p5uhs2_69,[118],unique_location_voltage_candidate,0
p5uhs6_1247,p5uhs6_69,[119],unique_location_voltage_candidate,0
p5uhs1_1247,p5uhs1_69,[120],unique_location_voltage_candidate,0
p5uhs5_1247,p5uhs5_69,[121],unique_location_voltage_candidate,0
p5uhs3_1247,p5uhs3_69,[122],unique_location_voltage_candidate,0
p5uhs9_1247,p5uhs9_69,[123],unique_location_voltage_candidate,0
p5uhs4_1247,p5uhs4_69,[124],unique_location_voltage_candidate,0
p5uhs26_1247,p5uhs26_69,[125],unique_location_voltage_candidate,0
p5uhs7_1247,p5uhs7_69,[126],unique_location_voltage_candidate,0
p5uhs25_1247,p5uhs25_69,[127],unique_location_voltage_candidate,0
p5uhs19_1247,p5uhs19_69,[128],unique_location_voltage_candidate,0
p5uhs27_1247,p5uhs27_69,[129],unique_location_voltage_candidate,0
p5uhs15_1247,p5uhs15_69,[130],unique_location_voltage_candidate,0
p5uhs11_1247,p5uhs11_69,[132],unique_location_voltage_candidate,0
p5uhs28_1247,p5uhs28_69,[133],unique_location_voltage_candidate,0
p5uhs24_1247,p5uhs24_69,[134],unique_location_voltage_candidate,0
p5uhs13_1247,p5uhs13_69,[135],unique_location_voltage_candidate,0
p5uhs10_1247,p5uhs10_69,[136],unique_location_voltage_candidate,0
p5uhs17_1247,p5uhs17_69,[138],unique_location_voltage_candidate,0
p5uhs14_1247,p5uhs14_69,[139],unique_location_voltage_candidate,0
p5uhs18_1247,p5uhs18_69,[140],unique_location_voltage_candidate,0
p5uhs12_1247,p5uhs12_69,[141],unique_location_voltage_candidate,0
p5uhs20_1247,p5uhs20_69,[142],unique_location_voltage_candidate,0
p5uhs21_1247,p5uhs21_69,[143],unique_location_voltage_candidate,0
p5uhs29_1247,p5uhs29_69,[144],unique_location_voltage_candidate,0
p5uhs8_1247,p5uhs8_69,[145],unique_location_voltage_candidate,0
p5uhs23_1247,p5uhs23_69,[146],unique_location_voltage_candidate,0
p5uhs22_1247,p5uhs22_69,[148],unique_location_voltage_candidate,0
p5uhs30_1247,p5uhs30_69,[149],unique_location_voltage_candidate,0
