signal_id,road_node_id,feeder_id,substation_id,load_id,distribution_bus_id,power_distance_m,road_distance_m,relation_status,real_utility_connection_verified,road_manual_verified
2,7294,p5uhs19_1247--p5udt30268,p5uhs19_1247,load_p5ulv69454,p5ulv69454,107.322,39.366,provisional_for_scenario_only,0,0
3,3889,p5uhs19_1247--p5udt30268,p5uhs19_1247,load_p5ulv30369,p5ulv30369,32.465,34.739,provisional_for_scenario_only,0,0
4,3879,p5uhs19_1247--p5udt30268,p5uhs19_1247,load_p5ulv54263,p5ulv54263,27.759,37.754,provisional_for_scenario_only,0,0
5,3890,p5uhs29_1247--p5udt31103,p5uhs29_1247,load_p5ulv59951,p5ulv59951,61.351,36.316,provisional_for_scenario_only,0,0
9,2841,p5uhs29_1247--p5udt31103,p5uhs29_1247,load_p5ulv47457,p5ulv47457,41.193,15.114,provisional_for_scenario_only,0,0
11,3518,p5uhs8_1247--p5udt31669,p5uhs8_1247,load_p5ulv43037,p5ulv43037,30.818,4.442,provisional_for_scenario_only,0,0
13,3892,p5uhs18_1247--p5udt29300,p5uhs18_1247,load_p5ulv70553,p5ulv70553,20.777,38.804,provisional_for_scenario_only,0,0
14,3928,p5uhs29_1247--p5udt20500,p5uhs29_1247,load_p5ulv33615,p5ulv33615,32.105,6.806,provisional_for_scenario_only,0,0
16,3607,p5uhs29_1247--p5udt20500,p5uhs29_1247,load_p5ulv26405,p5ulv26405,61.512,39.612,provisional_for_scenario_only,0,0
19,5084,p1uhs6_1247--p1udt14764,p1uhs6_1247,load_p1ulv58929,p1ulv58929,46.144,30.557,provisional_for_scenario_only,0,0
24,3813,p5uhs1_1247--p5udt6125,p5uhs1_1247,load_p5ulv10875,p5ulv10875,20.706,24.411,provisional_for_scenario_only,0,0
25,3797,p5uhs1_1247--p5udt6125,p5uhs1_1247,load_p5ulv2658,p5ulv2658,27.68,43.807,provisional_for_scenario_only,0,0
26,3815,p5uhs1_1247--p5udt4629,p5uhs1_1247,load_p5ulv12007,p5ulv12007,60.4,43.315,provisional_for_scenario_only,0,0
27,2831,p5uhs3_1247--p5udt6002,p5uhs3_1247,load_p5ulv18913,p5ulv18913,83.906,39.391,provisional_for_scenario_only,0,0
30,3612,p5uhs6_1247--p5udt7214,p5uhs6_1247,load_p5ulv11238,p5ulv11238,22.452,34.292,provisional_for_scenario_only,0,0
31,3613,p5uhs6_1247--p5udt7214,p5uhs6_1247,load_p5ulv14387,p5ulv14387,23.065,34.566,provisional_for_scenario_only,0,0
35,2784,p5uhs0_1247--p5udt3610,p5uhs0_1247,load_p5ulv883,p5ulv883,48.224,26.459,provisional_for_scenario_only,0,0
37,3806,p5uhs1_1247--p5udt6125,p5uhs1_1247,load_p5ulv11639,p5ulv11639,58.178,36.421,provisional_for_scenario_only,0,0
40,3798,p5uhs6_1247--p5udt8728,p5uhs6_1247,load_p5ulv12753,p5ulv12753,36.085,34.201,provisional_for_scenario_only,0,0
43,3766,p5uhs6_1247--p5udt8728,p5uhs6_1247,load_p5ulv11810,p5ulv11810,50.409,31.3,provisional_for_scenario_only,0,0
44,3764,p5uhs6_1247--p5udt3745,p5uhs6_1247,load_p5ulv9883,p5ulv9883,27.903,36.733,provisional_for_scenario_only,0,0
45,3765,p5uhs6_1247--p5udt7214,p5uhs6_1247,load_p5ulv5048,p5ulv5048,28.733,30.788,provisional_for_scenario_only,0,0
46,3820,p5uhs6_1247--p5udt3745,p5uhs6_1247,load_p5ulv44608,p5ulv44608,29.147,35.194,provisional_for_scenario_only,0,0
47,3823,p5uhs6_1247--p5udt3745,p5uhs6_1247,load_p5ulv15435,p5ulv15435,21.078,32.673,provisional_for_scenario_only,0,0
48,7295,p5uhs4_1247--p5udt4324,p5uhs4_1247,load_p5ulv65927,p5ulv65927,27.847,36.913,provisional_for_scenario_only,0,0
50,3643,p5uhs19_1247--p5udt22111,p5uhs19_1247,load_p5ulv30948,p5ulv30948,49.678,38.388,provisional_for_scenario_only,0,0
53,3803,p5uhs6_1247--p5udt8728,p5uhs6_1247,load_p5umv18,p5umv18,53.542,20.806,provisional_for_scenario_only,0,0
55,3819,p5uhs4_1247--p5udt4324,p5uhs4_1247,load_p5ulv7838,p5ulv7838,79.96,20.894,provisional_for_scenario_only,0,0
56,3818,p5uhs4_1247--p5udt4324,p5uhs4_1247,load_p5ulv11998,p5ulv11998,39.9,43.051,provisional_for_scenario_only,0,0
58,3773,p5uhs4_1247--p5udt4324,p5uhs4_1247,load_p5ulv16625,p5ulv16625,22.267,24.45,provisional_for_scenario_only,0,0
59,3772,p5uhs4_1247--p5udt4324,p5uhs4_1247,load_p5ulv15918,p5ulv15918,34.64,32.53,provisional_for_scenario_only,0,0
60,3867,p5uhs19_1247--p5udt30268,p5uhs19_1247,load_p5ulv50376,p5ulv50376,21.938,37.237,provisional_for_scenario_only,0,0
61,3661,p5uhs19_1247--p5udt22111,p5uhs19_1247,load_p5ulv69479,p5ulv69479,25.437,39.566,provisional_for_scenario_only,0,0
63,3870,p5uhs4_1247--p5udt2507,p5uhs4_1247,load_p5ulv10157,p5ulv10157,38.82,38.296,provisional_for_scenario_only,0,0
65,3848,p5uhs4_1247--p5udt7236,p5uhs4_1247,load_p5ulv7340,p5ulv7340,43.277,37.178,provisional_for_scenario_only,0,0
68,3780,p5uhs4_1247--p5udt2507,p5uhs4_1247,load_p5ulv3863,p5ulv3863,29.598,30.509,provisional_for_scenario_only,0,0
69,3869,p5uhs19_1247--p5udt17094,p5uhs19_1247,load_p5ulv43130,p5ulv43130,105.136,38.218,provisional_for_scenario_only,0,0
71,3828,p5uhs0_1247--p5udt3610,p5uhs0_1247,load_p5ulv1073,p5ulv1073,134.724,13.652,provisional_for_scenario_only,0,0
73,4048,p5uhs17_1247--p5udt28507,p5uhs17_1247,load_p5ulv57940,p5ulv57940,18.041,29.452,provisional_for_scenario_only,0,0
78,4006,p5uhs17_1247--p5udt28507,p5uhs17_1247,load_p5ulv33515,p5ulv33515,40.531,36.098,provisional_for_scenario_only,0,0
81,3511,p5uhs14_1247--p5udt30754,p5uhs14_1247,load_p5ulv21125,p5ulv21125,36.708,30.272,provisional_for_scenario_only,0,0
84,3911,p5uhs18_1247--p5udt9682,p5uhs18_1247,load_p5ulv20630,p5ulv20630,79.456,31.059,provisional_for_scenario_only,0,0
87,3884,p5uhs18_1247--p5udt29300,p5uhs18_1247,load_p5ulv43410,p5ulv43410,32.495,39.544,provisional_for_scenario_only,0,0
88,3909,p5uhs18_1247--p5udt13853,p5uhs18_1247,load_p5ulv55759,p5ulv55759,13.853,37.395,provisional_for_scenario_only,0,0
90,3641,p5uhs18_1247--p5udt13853,p5uhs18_1247,load_p5ulv73161,p5ulv41209,28.421,42.885,provisional_for_scenario_only,0,0
91,4004,p5uhs17_1247--p5udt16311,p5uhs17_1247,load_p5ulv74380,p5ulv74380,39.401,38.535,provisional_for_scenario_only,0,0
92,4075,p5uhs17_1247--p5udt28507,p5uhs17_1247,load_p5ulv62674,p5ulv62674,57.845,30.013,provisional_for_scenario_only,0,0
93,4036,p5uhs17_1247--p5udt28507,p5uhs17_1247,load_p5ulv38899,p5ulv38899,45.51,36.049,provisional_for_scenario_only,0,0
94,4029,p5uhs14_1247--p5udt12053,p5uhs14_1247,load_p5ulv60811,p5ulv60811,41.332,22.099,provisional_for_scenario_only,0,0
95,4009,p5uhs14_1247--p5udt12053,p5uhs14_1247,load_p5ulv21619,p5ulv21619,43.774,2.957,provisional_for_scenario_only,0,0
98,4008,p5uhs14_1247--p5udt12053,p5uhs14_1247,load_p5ulv38895,p5ulv38895,117.811,15.627,provisional_for_scenario_only,0,0
99,3946,p5uhs14_1247--p5udt12053,p5uhs14_1247,load_p5ulv38895,p5ulv38895,58.024,4.767,provisional_for_scenario_only,0,0
100,4055,p5uhs17_1247--p5udt20156,p5uhs17_1247,load_p5ulv73281,p5ulv73281,32.049,41.369,provisional_for_scenario_only,0,0
102,3902,p5uhs18_1247--p5udt13853,p5uhs18_1247,load_p5ulv74845,p5ulv74845,73.895,39.938,provisional_for_scenario_only,0,0
103,3826,p5uhs6_1247--p5udt3745,p5uhs6_1247,load_p5ulv44018,p5ulv44018,131.517,32.814,provisional_for_scenario_only,0,0
105,3824,p5uhs6_1247--p5udt3745,p5uhs6_1247,load_p5ulv43450,p5ulv43450,27.209,40.656,provisional_for_scenario_only,0,0
106,3616,p5uhs6_1247--p5udt3745,p5uhs6_1247,load_p5ulv396,p5ulv396,63.304,29.734,provisional_for_scenario_only,0,0
107,3629,p5uhs20_1247--p5udt30630,p5uhs20_1247,load_p5ulv56938,p5ulv56938,42.271,7.649,provisional_for_scenario_only,0,0
108,3701,p5uhs6_1247--p5udt7214,p5uhs6_1247,load_p5ulv3780,p5ulv3780,52.407,30.738,provisional_for_scenario_only,0,0
110,3702,p5uhs2_1247--p5udt6874,p5uhs2_1247,load_p5ulv9178,p5ulv9178,32.589,13.722,provisional_for_scenario_only,0,0
111,3726,p5uhs20_1247--p5udt30630,p5uhs20_1247,load_p5ulv25679,p5ulv25679,50.392,37.07,provisional_for_scenario_only,0,0
113,3620,p5uhs6_1247--p5udt3745,p5uhs6_1247,load_p5ulv50699,p5ulv50699,100.081,39.841,provisional_for_scenario_only,0,0
114,3621,p5uhs6_1247--p5udt3745,p5uhs6_1247,load_p5ulv74850,p5ulv74850,17.92,31.131,provisional_for_scenario_only,0,0
116,2760,p5uhs2_1247--p5udt6874,p5uhs2_1247,load_p5ulv8578,p5ulv8578,30.996,36.557,provisional_for_scenario_only,0,0
118,3165,p5uhs2_1247--p5udt6874,p5uhs2_1247,load_p5ulv7300,p5ulv7300,66.475,35.256,provisional_for_scenario_only,0,0
119,3158,p5uhs1_1247--p5udt4788,p5uhs1_1247,load_p5ulv2857,p5ulv2857,72.856,31.215,provisional_for_scenario_only,0,0
120,3134,p5uhs5_1247--p5udt3577,p5uhs5_1247,load_p5ulv14769,p5ulv14769,55.68,46.772,provisional_for_scenario_only,0,0
121,3133,p5uhs5_1247--p5udt3577,p5uhs5_1247,load_p5ulv2481,p5ulv2481,48.439,40.011,provisional_for_scenario_only,0,0
123,3138,p3uhs5_1247--p3udt15899,p3uhs5_1247,load_p3ulv58,p3ulv58,22.756,30.686,provisional_for_scenario_only,0,0
124,1775,p3uhs5_1247--p3udt15899,p3uhs5_1247,load_p3ulv16981,p3ulv16981,39.322,35.948,provisional_for_scenario_only,0,0
125,1776,p3uhs5_1247--p3udt15899,p3uhs5_1247,load_p3ulv40206,p3ulv40206,44.347,30.062,provisional_for_scenario_only,0,0
130,3123,p5uhs5_1247--p5udt3577,p5uhs5_1247,load_p5ulv7107,p5ulv7107,50.787,47.966,provisional_for_scenario_only,0,0
132,3021,p5uhs5_1247--p5udt4497,p5uhs5_1247,load_p5ulv10479,p5ulv10479,65.433,41.562,provisional_for_scenario_only,0,0
133,3020,p5uhs5_1247--p5udt4497,p5uhs5_1247,load_p5ulv6799,p5ulv6799,19.436,49.509,provisional_for_scenario_only,0,0
134,3156,p5uhs5_1247--p5udt4497,p5uhs5_1247,load_p5ulv17943,p5ulv17943,68.653,35.794,provisional_for_scenario_only,0,0
135,3243,p5uhs3_1247--p5udt2481,p5uhs3_1247,load_p5ulv75,p5ulv75,48.388,45.612,provisional_for_scenario_only,0,0
137,3135,p5uhs5_1247--p5udt4497,p5uhs5_1247,load_p5ulv10116,p5ulv10116,45.121,47.392,provisional_for_scenario_only,0,0
138,3019,p5uhs5_1247--p5udt4497,p5uhs5_1247,load_p5ulv6254,p5ulv6254,25.905,41.27,provisional_for_scenario_only,0,0
140,3055,p5uhs5_1247--p5udt4497,p5uhs5_1247,load_p5ulv77643,p5ulv77643,22.575,39.789,provisional_for_scenario_only,0,0
141,3014,p5uhs5_1247--p5udt4497,p5uhs5_1247,load_p5ulv36865,p5ulv36865,21.329,39.773,provisional_for_scenario_only,0,0
142,3122,p5uhs5_1247--p5udt4497,p5uhs5_1247,load_p5ulv44066,p5ulv44066,58.153,46.336,provisional_for_scenario_only,0,0
143,3117,p3uhs8_1247--p3udt11113,p3uhs8_1247,load_p3ulv53426,p3ulv53426,38.719,33.125,provisional_for_scenario_only,0,0
144,3008,p5uhs5_1247--p5udt4497,p5uhs5_1247,load_p5ulv10148,p5ulv10148,16.798,29.244,provisional_for_scenario_only,0,0
145,3086,p3uhs8_1247--p3umv17,p3uhs8_1247,load_p3ulv26381,p3ulv26381,49.795,35.781,provisional_for_scenario_only,0,0
149,3245,p5uhs3_1247--p5udt7453,p5uhs3_1247,load_p5ulv77121,p5ulv77121,91.106,44.127,provisional_for_scenario_only,0,0
150,3240,p5uhs3_1247--p5udt7358,p5uhs3_1247,load_p5ulv7118,p5ulv7118,34.526,40.174,provisional_for_scenario_only,0,0
152,3244,p5uhs3_1247--p5udt2481,p5uhs3_1247,load_p5ulv8054,p5ulv8054,58.533,38.421,provisional_for_scenario_only,0,0
159,3470,p5uhs7_1247--p5udt1899,p5uhs7_1247,load_p5ulv25440,p5ulv25440,35.895,46.508,provisional_for_scenario_only,0,0
160,3469,p5uhs26_1247--p5udt12371,p5uhs26_1247,load_p5ulv62345,p5ulv62345,48.528,38.383,provisional_for_scenario_only,0,0
161,3493,p5uhs26_1247--p5udt12371,p5uhs26_1247,load_p5ulv66222,p5ulv66222,19.527,45.578,provisional_for_scenario_only,0,0
162,3464,p5uhs26_1247--p5udt12371,p5uhs26_1247,load_p5ulv44858,p5ulv44858,33.977,36.203,provisional_for_scenario_only,0,0
163,2798,p5uhs26_1247--p5udt12371,p5uhs26_1247,load_p5ulv21502,p5ulv21502,62.507,41.746,provisional_for_scenario_only,0,0
164,4213,p5uhs26_1247--p5udt12371,p5uhs26_1247,load_p5ulv58354,p5ulv58354,84.32,43.093,provisional_for_scenario_only,0,0
165,4218,p5uhs26_1247--p5udt22654,p5uhs26_1247,load_p5ulv6460,p5ulv6460,71.625,34.692,provisional_for_scenario_only,0,0
166,4222,p5uhs26_1247--p5udt22654,p5uhs26_1247,load_p5ulv12462,p5ulv12462,45.948,34.065,provisional_for_scenario_only,0,0
168,3551,p5uhs19_1247--p5udt17094,p5uhs19_1247,load_p5ulv42009,p5ulv42009,91.279,18.364,provisional_for_scenario_only,0,0
169,3876,p5uhs19_1247--p5udt17094,p5uhs19_1247,load_p5ulv24783,p5ulv24783,43.412,35.888,provisional_for_scenario_only,0,0
170,3659,p5uhs19_1247--p5udt8885,p5uhs19_1247,load_p5ulv19768,p5ulv19768,39.033,10.755,provisional_for_scenario_only,0,0
171,3512,p5uhs19_1247--p5udt8885,p5uhs19_1247,load_p5ulv56012,p5ulv56012,36.312,42.644,provisional_for_scenario_only,0,0
172,6151,p5uhs19_1247--p5udt30268,p5uhs19_1247,load_p5ulv34191,p5ulv34191,102.447,21.718,provisional_for_scenario_only,0,0
175,3035,p5uhs5_1247--p5udt4497,p5uhs5_1247,load_p5ulv8082,p5ulv8082,17.907,38.653,provisional_for_scenario_only,0,0
176,3010,p3uhs8_1247--p3udt11113,p3uhs8_1247,load_p3ulv23952,p3ulv23952,44.834,27.643,provisional_for_scenario_only,0,0
180,3921,p5uhs29_1247--p5udt20500,p5uhs29_1247,load_p5ulv43089,p5ulv43089,23.648,37.941,provisional_for_scenario_only,0,0
182,3328,p5uhs3_1247--p5udt7358,p5uhs3_1247,load_p5ulv16405,p5ulv16405,29.732,40.287,provisional_for_scenario_only,0,0
187,7298,p5uhs1_1247--p5udt4788,p5uhs1_1247,load_p5ulv77957,p5ulv77957,16.671,29.829,provisional_for_scenario_only,0,0
189,2543,p3uhs5_1247--p3udt17790,p3uhs5_1247,load_p3ulv3579,p3ulv3579,44.616,13.17,provisional_for_scenario_only,0,0
191,2528,p3uhs4_1247--p3udt10048,p3uhs4_1247,load_p3ulv60547,p3ulv60547,29.376,45.557,provisional_for_scenario_only,0,0
192,2309,p3uhs13_1247--p3udt12740,p3uhs13_1247,load_p3ulv53673,p3ulv53673,38.353,39.195,provisional_for_scenario_only,0,0
194,2399,p3uhs13_1247--p3udt26287,p3uhs13_1247,load_p3ulv42082,p3ulv42082,51.728,35.95,provisional_for_scenario_only,0,0
195,2397,p3uhs13_1247--p3udt26287,p3uhs13_1247,load_p3ulv16542,p3ulv16542,25.405,24.644,provisional_for_scenario_only,0,0
196,2391,p3uhs15_1247--p3udt2707,p3uhs15_1247,load_p3ulv4713,p3ulv4713,68.699,35.137,provisional_for_scenario_only,0,0
197,2386,p3uhs15_1247--p3udt27016,p3uhs15_1247,load_p3ulv71295,p3ulv71295,40.869,35.056,provisional_for_scenario_only,0,0
198,2928,p3uhs1_1247--p3udt16112,p3uhs1_1247,load_p3ulv29118,p3ulv29118,57.038,31.542,provisional_for_scenario_only,0,0
204,2420,p3uhs12_1247--p3udt14513,p3uhs12_1247,load_p3ulv58454,p3ulv58454,57.832,37.053,provisional_for_scenario_only,0,0
210,2778,p5uhs1_1247--p5udt6125,p5uhs1_1247,load_p5ulv60409,p5ulv60409,31.997,47.416,provisional_for_scenario_only,0,0
211,3677,p5uhs16_1247--p5udt385,p5uhs16_1247,load_p5ulv17691,p5ulv17691,48.418,3.137,provisional_for_scenario_only,0,0
214,3698,p5uhs2_1247--p5udt2335,p5uhs2_1247,load_p5ulv11623,p5ulv11623,25.606,38.626,provisional_for_scenario_only,0,0
217,2776,p5uhs1_1247--p5udt6240,p5uhs1_1247,load_p5ulv15464,p5ulv15464,26.069,43.062,provisional_for_scenario_only,0,0
220,2937,p3uhs24_1247--p3udt10352,p3uhs24_1247,load_p3ulv11219,p3ulv11219,33.016,25.762,provisional_for_scenario_only,0,0
221,2828,p5uhs1_1247--p5udt4629,p5uhs1_1247,load_p5ulv1021,p5ulv1021,40.897,33.477,provisional_for_scenario_only,0,0
222,2826,p5uhs1_1247--p5udt4629,p5uhs1_1247,load_p5ulv19236,p5ulv19236,43.648,25.384,provisional_for_scenario_only,0,0
223,2781,p5uhs3_1247--p5udt6366,p5uhs3_1247,load_p5ulv9200,p5ulv9200,39.758,40.947,provisional_for_scenario_only,0,0
224,2830,p5uhs3_1247--p5udt6366,p5uhs3_1247,load_p5ulv6780,p5ulv6780,17.741,41.503,provisional_for_scenario_only,0,0
227,3266,p5uhs3_1247--p5udt6002,p5uhs3_1247,load_p5umv21,p5umv21,119.905,41.128,provisional_for_scenario_only,0,0
229,3127,p5uhs1_1247--p5udt4788,p5uhs1_1247,load_p5ulv2866,p5ulv2866,182.499,39.603,provisional_for_scenario_only,0,0
232,3073,p3uhs8_1247--p3udt23566,p3uhs8_1247,load_p3ulv70286,p3ulv70286,40.207,37.307,provisional_for_scenario_only,0,0
233,3137,p5uhs5_1247--p5udt3577,p5uhs5_1247,load_p5ulv15712,p5ulv15712,36.079,26.418,provisional_for_scenario_only,0,0
235,3085,p3uhs8_1247--p3udt23566,p3uhs8_1247,load_p3ulv48793,p3ulv48793,28.655,38.62,provisional_for_scenario_only,0,0
236,3705,p5uhs2_1247--p5udt6874,p5uhs2_1247,load_p5ulv4287,p5ulv4287,37.207,8.082,provisional_for_scenario_only,0,0
237,3673,p5uhs16_1247--p5udt385,p5uhs16_1247,load_p5ulv9711,p5ulv9711,24.485,3.893,provisional_for_scenario_only,0,0
239,2885,p5uhs9_1247--p5udt24963,p5uhs9_1247,load_p5ulv67898,p5ulv67898,51.761,37.794,provisional_for_scenario_only,0,0
243,3025,p5uhs1_1247--p5udt6240,p5uhs1_1247,load_p5ulv11656,p5ulv11656,19.883,43.076,provisional_for_scenario_only,0,0
245,3338,p5uhs1_1247--p5udt4629,p5uhs1_1247,load_p5ulv7112,p5ulv7112,59.103,48.444,provisional_for_scenario_only,0,0
247,3354,p5uhs3_1247--p5udt6366,p5uhs3_1247,load_p5ulv23454,p5ulv1389u,51.0,45.062,provisional_for_scenario_only,0,0
249,3356,p5uhs3_1247--p5udt6002,p5uhs3_1247,load_p5ulv1020,p5ulv1020,52.494,47.025,provisional_for_scenario_only,0,0
254,3307,p5uhs3_1247--p5udt6366,p5uhs3_1247,load_p5ulv19054,p5ulv19054,37.104,49.495,provisional_for_scenario_only,0,0
255,3308,p5uhs3_1247--p5udt6366,p5uhs3_1247,load_p5ulv14416,p5ulv14416,54.275,42.69,provisional_for_scenario_only,0,0
256,3363,p5uhs3_1247--p5udt6366,p5uhs3_1247,load_p5ulv12786,p5ulv12786,28.005,46.731,provisional_for_scenario_only,0,0
257,3355,p5uhs3_1247--p5udt6002,p5uhs3_1247,load_p5ulv11473,p5ulv11473,27.459,42.323,provisional_for_scenario_only,0,0
260,2825,p1uhs23_1247--p1udt25139,p1uhs23_1247,load_p1ulv12457,p1ulv12457,82.63,3.196,provisional_for_scenario_only,0,0
270,4261,p5uhs8_1247--p5udt24709,p5uhs8_1247,load_p5ulv43631,p5ulv43631,30.687,22.692,provisional_for_scenario_only,0,0
272,3051,p5uhs1_1247--p5udt4629,p5uhs1_1247,load_p5ulv5259,p5ulv5259,47.029,46.318,provisional_for_scenario_only,0,0
274,3322,p5uhs3_1247--p5udt6366,p5uhs3_1247,load_p5ulv12197,p5ulv12197,64.977,42.452,provisional_for_scenario_only,0,0
275,3301,p5uhs3_1247--p5udt6366,p5uhs3_1247,load_p5ulv3449,p5ulv3449,29.116,43.646,provisional_for_scenario_only,0,0
276,3321,p5uhs3_1247--p5udt6366,p5uhs3_1247,load_p5ulv78003,p5ulv78003,19.668,43.39,provisional_for_scenario_only,0,0
277,3305,p5uhs3_1247--p5udt6366,p5uhs3_1247,load_p5ulv5849,p5ulv5849,31.744,41.305,provisional_for_scenario_only,0,0
278,3333,p5uhs3_1247--p5udt7453,p5uhs3_1247,load_p5umv23,p5umv23,69.854,41.561,provisional_for_scenario_only,0,0
279,3054,p5uhs1_1247--p5udt4788,p5uhs1_1247,load_p5ulv8782,p5ulv8782,24.396,43.688,provisional_for_scenario_only,0,0
280,3167,p5uhs3_1247--p5udt7453,p5uhs3_1247,load_p5ulv78373,p5ulv78373,65.873,40.067,provisional_for_scenario_only,0,0
290,3049,p5uhs1_1247--p5udt4629,p5uhs1_1247,load_p5ulv18656,p5ulv18656,46.583,44.799,provisional_for_scenario_only,0,0
292,3297,p5uhs1_1247--p5udt4629,p5uhs1_1247,load_p5ulv4513,p5ulv4513,32.058,43.007,provisional_for_scenario_only,0,0
293,3300,p5uhs3_1247--p5udt6366,p5uhs3_1247,load_p5ulv77997,p5ulv77997,23.177,46.387,provisional_for_scenario_only,0,0
294,3304,p5uhs3_1247--p5udt6366,p5uhs3_1247,load_p5ulv685,p5ulv685,21.151,43.686,provisional_for_scenario_only,0,0
295,3306,p5uhs3_1247--p5udt2480,p5uhs3_1247,load_p5ulv13549,p5ulv13549,58.464,42.62,provisional_for_scenario_only,0,0
297,3353,p5uhs3_1247--p5udt2481,p5uhs3_1247,load_p5ulv18111,p5ulv18111,13.914,43.54,provisional_for_scenario_only,0,0
300,3053,p5uhs1_1247--p5udt4629,p5uhs1_1247,load_p5ulv6577,p5ulv6577,44.513,48.724,provisional_for_scenario_only,0,0
302,3332,p5uhs1_1247--p5udt4629,p5uhs1_1247,load_p5ulv14955,p5ulv14955,34.208,45.11,provisional_for_scenario_only,0,0
303,3327,p5uhs3_1247--p5udt6366,p5uhs3_1247,load_p5ulv77443,p5ulv77443,21.55,46.802,provisional_for_scenario_only,0,0
304,3336,p5uhs3_1247--p5udt2480,p5uhs3_1247,load_p5ulv77411,p5ulv77411,15.69,44.925,provisional_for_scenario_only,0,0
305,3311,p5uhs3_1247--p5udt2480,p5uhs3_1247,load_p5ulv16796,p5ulv16796,18.966,48.965,provisional_for_scenario_only,0,0
308,3323,p5uhs3_1247--p5udt2481,p5uhs3_1247,load_p5ulv3629,p5ulv3629,30.943,48.586,provisional_for_scenario_only,0,0
311,3483,p5uhs7_1247--p5udt1899,p5uhs7_1247,load_p5ulv4786,p5ulv4786,37.24,39.036,provisional_for_scenario_only,0,0
314,3326,p5uhs3_1247--p5udt7453,p5uhs3_1247,load_p5ulv77424,p5ulv77424,20.666,47.028,provisional_for_scenario_only,0,0
315,3329,p5uhs3_1247--p5udt2480,p5uhs3_1247,load_p5ulv77437,p5ulv77437,40.339,42.32,provisional_for_scenario_only,0,0
316,3302,p5uhs3_1247--p5udt7358,p5uhs3_1247,load_p5ulv77419,p5ulv77419,14.853,42.812,provisional_for_scenario_only,0,0
319,3344,p5uhs3_1247--p5udt2481,p5uhs3_1247,load_p5ulv78462,p5ulv78462,61.46,43.522,provisional_for_scenario_only,0,0
320,3330,p5uhs3_1247--p5udt7453,p5uhs3_1247,load_p5ulv11849,p5ulv11849,43.43,42.027,provisional_for_scenario_only,0,0
321,3024,p5uhs3_1247--p5udt7453,p5uhs3_1247,load_p5ulv77709,p5ulv77709,48.064,48.012,provisional_for_scenario_only,0,0
324,2521,p3uhs11_1247--p3udt27353,p3uhs11_1247,load_p3ulv11481,p3ulv11481,46.768,15.067,provisional_for_scenario_only,0,0
330,3358,p5uhs3_1247--p5udt6002,p5uhs3_1247,load_p5ulv16116,p5ulv16116,88.579,41.622,provisional_for_scenario_only,0,0
335,3351,p5uhs3_1247--p5udt2481,p5uhs3_1247,load_p5ulv18864,p5ulv18864,33.303,41.615,provisional_for_scenario_only,0,0
343,2370,p3uhs22_1247--p3udt29621,p3uhs22_1247,load_p3ulv51734,p3ulv51734,62.164,22.143,provisional_for_scenario_only,0,0
344,2933,p3uhs2_1247--p3udt24404,p3uhs2_1247,load_p3ulv17365,p3ulv17365,37.566,31.333,provisional_for_scenario_only,0,0
347,1169,p1uhs0_1247--p1udt2142,p1uhs0_1247,load_p1ulv65218,p1ulv65218,114.559,15.01,provisional_for_scenario_only,0,0
348,4448,p1uhs15_1247--p1udt9658,p1uhs15_1247,load_p1ulv33993,p1ulv33993,27.331,47.209,provisional_for_scenario_only,0,0
349,4452,p1uhs15_1247--p1udt9658,p1uhs15_1247,load_p1ulv18052,p1ulv18052,63.893,39.648,provisional_for_scenario_only,0,0
351,3271,p5uhs7_1247--p5udt2039,p5uhs7_1247,load_p5ulv5740,p5ulv5740,19.776,24.391,provisional_for_scenario_only,0,0
352,3269,p5uhs7_1247--p5udt2039,p5uhs7_1247,load_p5ulv762,p5ulv762,40.385,42.895,provisional_for_scenario_only,0,0
353,2875,p5uhs7_1247--p5udt2039,p5uhs7_1247,load_p5ulv12114,p5ulv12114,41.535,42.411,provisional_for_scenario_only,0,0
360,3368,p5uhs7_1247--p5udt2290,p5uhs7_1247,load_p5ulv10600,p5ulv10600,24.424,26.411,provisional_for_scenario_only,0,0
362,2886,p5uhs7_1247--p5udt2039,p5uhs7_1247,load_p5ulv18973,p5ulv18973,23.35,46.13,provisional_for_scenario_only,0,0
364,3365,p5uhs7_1247--p5udt2290,p5uhs7_1247,load_p5ulv17837,p5ulv17837,17.575,38.556,provisional_for_scenario_only,0,0
365,3366,p5uhs7_1247--p5udt2290,p5uhs7_1247,load_p5ulv18031,p5ulv18031,17.495,23.364,provisional_for_scenario_only,0,0
366,2872,p5uhs7_1247--p5udt2039,p5uhs7_1247,load_p5ulv13088,p5ulv13088,19.154,42.672,provisional_for_scenario_only,0,0
367,3460,p5uhs7_1247--p5udt1899,p5uhs7_1247,load_p5ulv47659,p5ulv47659,27.774,30.127,provisional_for_scenario_only,0,0
369,3273,p5uhs3_1247--p5udt2481,p5uhs3_1247,load_p5ulv4959,p5ulv4959,16.961,27.672,provisional_for_scenario_only,0,0
370,3382,p5uhs0_1247--p5udt119,p5uhs0_1247,load_p5ulv12102,p5ulv12102,24.058,45.95,provisional_for_scenario_only,0,0
371,3383,p5uhs0_1247--p5udt3610,p5uhs0_1247,load_p5ulv18737,p5ulv18737,21.551,43.259,provisional_for_scenario_only,0,0
372,3476,p5uhs7_1247--p5udt1899,p5uhs7_1247,load_p5ulv36587,p5ulv36587,29.281,26.883,provisional_for_scenario_only,0,0
376,3193,p5uhs9_1247--p5udt20856,p5uhs9_1247,load_p5ulv20970,p5ulv20970,166.409,42.598,provisional_for_scenario_only,0,0
383,1706,p3uhs10_1247--p3udt19881,p3uhs10_1247,load_p3ulv28131,p3ulv28131,74.082,24.785,provisional_for_scenario_only,0,0
388,3038,p5uhs9_1247--p5udt20856,p5uhs9_1247,load_p5ulv35998,p5ulv35998,38.648,30.246,provisional_for_scenario_only,0,0
389,3187,p5uhs9_1247--p5udt20856,p5uhs9_1247,load_p5ulv45478,p5ulv45478,46.074,39.896,provisional_for_scenario_only,0,0
390,3238,p5uhs9_1247--p5udt24963,p5uhs9_1247,load_p5ulv23186,p5ulv23186,44.806,30.705,provisional_for_scenario_only,0,0
392,3186,p5uhs9_1247--p5udt22915,p5uhs9_1247,load_p5ulv25459,p5ulv25459,64.703,46.051,provisional_for_scenario_only,0,0
393,2871,p5uhs9_1247--p5udt24963,p5uhs9_1247,load_p5ulv38259,p5ulv38259,98.678,31.572,provisional_for_scenario_only,0,0
394,3190,p5uhs9_1247--p5udt22915,p5uhs9_1247,load_p5ulv69010,p5ulv69010,59.887,34.668,provisional_for_scenario_only,0,0
396,3194,p5uhs9_1247--p5udt24963,p5uhs9_1247,load_p5ulv42647,p5ulv42647,26.927,32.991,provisional_for_scenario_only,0,0
397,2441,p3uhs6_1247--p3udt18941,p3uhs6_1247,load_p3ulv30489,p3ulv30489,63.313,29.637,provisional_for_scenario_only,0,0
400,2442,p3uhs6_1247--p3udt18941,p3uhs6_1247,load_p3ulv49911,p3ulv49911,29.091,35.598,provisional_for_scenario_only,0,0
401,2455,p3uhs4_1247--p3udt9213,p3uhs4_1247,load_p3ulv62875,p3ulv52946,62.353,25.818,provisional_for_scenario_only,0,0
403,1768,p3uhs4_1247--p3udt9213,p3uhs4_1247,load_p3ulv79008,p3ulv79008,52.712,41.703,provisional_for_scenario_only,0,0
404,2440,p3uhs6_1247--p3udt18941,p3uhs6_1247,load_p3ulv77499,p3ulv77499,42.919,33.259,provisional_for_scenario_only,0,0
408,2848,p3uhs4_1247--p3udt9213,p3uhs4_1247,load_p3ulv50674,p3ulv50674,27.541,35.939,provisional_for_scenario_only,0,0
409,1723,p3uhs4_1247--p3udt9213,p3uhs4_1247,load_p3ulv48418,p3ulv48418,72.672,38.251,provisional_for_scenario_only,0,0
411,1764,p3uhs6_1247--p3udt31448,p3uhs6_1247,load_p3ulv6321,p3ulv6321,64.306,27.265,provisional_for_scenario_only,0,0
414,2945,p3uhs24_1247--p3udt28157,p3uhs24_1247,load_p3ulv9479,p3ulv9479,61.941,48.52,provisional_for_scenario_only,0,0
415,3078,p3uhs8_1247--p3udt11113,p3uhs8_1247,load_p3ulv4400,p3ulv4400,76.672,25.216,provisional_for_scenario_only,0,0
417,2977,p3uhs24_1247--p3udt28157,p3uhs24_1247,load_p3ulv40630,p3ulv40630,35.449,21.809,provisional_for_scenario_only,0,0
418,2318,p3uhs13_1247--p3udt26287,p3uhs13_1247,load_p3ulv50589,p3ulv50589,47.446,40.62,provisional_for_scenario_only,0,0
419,2306,p3uhs14_1247--p3udt2638,p3uhs14_1247,load_p3ulv68055,p3ulv68055,37.066,29.205,provisional_for_scenario_only,0,0
421,2371,p3uhs22_1247--p3udt29621,p3uhs22_1247,load_p3ulv58706,p3ulv58706,72.578,25.847,provisional_for_scenario_only,0,0
428,2293,p3uhs14_1247--p3udt3365,p3uhs14_1247,load_p3ulv8481,p3ulv8481,21.888,28.648,provisional_for_scenario_only,0,0
429,2436,p3uhs6_1247--p3udt31448,p3uhs6_1247,load_p3ulv3140,p3ulv3140,62.728,30.637,provisional_for_scenario_only,0,0
430,2754,p5uhs16_1247--p5udt385,p5uhs16_1247,load_p5ulv1179,p5ulv1179,31.489,9.299,provisional_for_scenario_only,0,0
431,2303,p3uhs14_1247--p3udt2638,p3uhs14_1247,load_p3ulv71950,p3ulv71950,39.025,33.237,provisional_for_scenario_only,0,0
432,2287,p3uhs15_1247--p3udt29990,p3uhs15_1247,load_p3ulv50514,p3ulv50514,53.289,31.748,provisional_for_scenario_only,0,0
433,2312,p3uhs3_1247--p3udt11536,p3uhs3_1247,load_p3ulv64017,p3ulv64017,58.95,39.286,provisional_for_scenario_only,0,0
434,2311,p3uhs3_1247--p3udt31518,p3uhs3_1247,load_p3ulv69404,p3ulv69404,55.459,36.403,provisional_for_scenario_only,0,0
435,5035,p1uhs2_1247--p1udt18369,p1uhs2_1247,load_p1ulv28252,p1ulv28252,43.679,39.717,provisional_for_scenario_only,0,0
437,5043,p1uhs2_1247--p1udt9621,p1uhs2_1247,load_p1ulv62649,p1ulv62649,59.562,40.459,provisional_for_scenario_only,0,0
440,3752,p5uhs13_1247--p5udt27754,p5uhs13_1247,load_p5ulv37246,p5ulv37246,36.427,6.777,provisional_for_scenario_only,0,0
441,3756,p5uhs13_1247--p5udt27754,p5uhs13_1247,load_p5ulv50620,p5ulv50620,41.558,9.427,provisional_for_scenario_only,0,0
442,3758,p5uhs18_1247--p5udt9682,p5uhs18_1247,load_p5ulv41125,p5ulv41125,38.291,11.962,provisional_for_scenario_only,0,0
444,3633,p5uhs18_1247--p5udt9682,p5uhs18_1247,load_p5ulv75938,p5ulv75938,37.731,5.953,provisional_for_scenario_only,0,0
445,3985,p5uhs28_1247--p5udt12928,p5uhs28_1247,load_p5ulv24968,p5ulv24968,41.147,7.541,provisional_for_scenario_only,0,0
446,3986,p5uhs28_1247--p5udt12928,p5uhs28_1247,load_p5ulv20000,p5ulv20000,74.405,5.773,provisional_for_scenario_only,0,0
447,3987,p5uhs14_1247--p5udt12053,p5uhs14_1247,load_p5ulv63625,p5ulv63625,131.769,13.898,provisional_for_scenario_only,0,0
450,4040,p5uhs17_1247--p5udt28507,p5uhs17_1247,load_p5ulv41658,p5ulv41658,88.327,1.963,provisional_for_scenario_only,0,0
451,4042,p5uhs17_1247--p5udt28507,p5uhs17_1247,load_p5ulv73039,p5ulv73039,53.889,2.114,provisional_for_scenario_only,0,0
455,5083,p1uhs6_1247--p1udt14764,p1uhs6_1247,load_p1ulv46566,p1ulv46566,69.012,40.404,provisional_for_scenario_only,0,0
456,4444,p1uhs15_1247--p1udt17622,p1uhs15_1247,load_p1ulv65222,p1ulv65222,86.649,44.67,provisional_for_scenario_only,0,0
458,3597,p1uhs0_1247--p1udt2142,p1uhs0_1247,load_p1ulv44724,p1ulv44724,89.495,12.689,provisional_for_scenario_only,0,0
461,4147,p1uhs11_1247--p1udt22445,p1uhs11_1247,load_p1ulv36536,p1ulv36536,32.799,27.884,provisional_for_scenario_only,0,0
462,4097,p1uhs11_1247--p1udt25287,p1uhs11_1247,load_p1ulv4854,p1ulv4854,59.216,40.56,provisional_for_scenario_only,0,0
469,4377,p1uhs7_1247--p1udt1702,p1uhs7_1247,load_p1ulv35331,p1ulv35331,50.531,43.186,provisional_for_scenario_only,0,0
470,3564,p5uhs8_1247--p5udt31669,p5uhs8_1247,load_p5ulv25250,p5ulv25250,19.312,6.118,provisional_for_scenario_only,0,0
471,3519,p5uhs17_1247--p5udt20156,p5uhs17_1247,load_p5ulv39143,p5ulv39143,36.274,6.556,provisional_for_scenario_only,0,0
474,4401,p5uhs21_1247--p5udt24017,p5uhs21_1247,load_p5ulv71059,p5ulv71059,30.833,36.955,provisional_for_scenario_only,0,0
475,4406,p5uhs21_1247--p5udt24017,p5uhs21_1247,load_p5ulv73830,p5ulv73830,50.79,45.666,provisional_for_scenario_only,0,0
476,4408,p1uhs7_1247--p1udt14301,p1uhs7_1247,load_p1ulv5667,p1ulv5667,40.693,39.522,provisional_for_scenario_only,0,0
478,4438,p5uhs23_1247--p5udt23560,p5uhs23_1247,load_p5ulv49178,p5ulv49178,41.796,39.832,provisional_for_scenario_only,0,0
480,4428,p5uhs21_1247--p5udt24017,p5uhs21_1247,load_p5ulv41306,p5ulv41306,40.136,6.629,provisional_for_scenario_only,0,0
481,4429,p1uhs4_1247--p1udt21090,p1uhs4_1247,load_p1ulv65406,p1ulv65406,23.37,24.327,provisional_for_scenario_only,0,0
482,3593,p1uhs4_1247--p1udt7282,p1uhs4_1247,load_p1ulv5484,p1ulv5484,42.331,31.888,provisional_for_scenario_only,0,0
484,4447,p1uhs15_1247--p1udt9658,p1uhs15_1247,load_p1ulv17369,p1ulv17369,50.761,42.903,provisional_for_scenario_only,0,0
486,4412,p1uhs4_1247--p1udt21090,p1uhs4_1247,load_p1ulv32882,p1ulv32882,53.622,18.871,provisional_for_scenario_only,0,0
487,4221,p5uhs26_1247--p5udt22654,p5uhs26_1247,load_p5ulv25409,p5ulv25409,106.735,37.553,provisional_for_scenario_only,0,0
488,4214,p5uhs26_1247--p5udt22654,p5uhs26_1247,load_p5ulv60636,p5ulv60636,72.015,37.235,provisional_for_scenario_only,0,0
489,4179,p5uhs30_1247--p5udt30417,p5uhs30_1247,load_p5ulv27059,p5ulv27059,21.634,40.994,provisional_for_scenario_only,0,0
490,4192,p2uhs6_1247--p2udt6420,p2uhs6_1247,load_p2ulv4635,p2ulv4635,31.052,33.942,provisional_for_scenario_only,0,0
491,4403,p5uhs21_1247--p5udt24017,p5uhs21_1247,load_p5ulv76613,p5ulv76613,24.171,24.076,provisional_for_scenario_only,0,0
492,4430,p5uhs21_1247--p5udt24017,p5uhs21_1247,load_p5ulv43537,p5ulv43537,39.573,16.46,provisional_for_scenario_only,0,0
493,1131,p1uhs0_1247--p1udt2142,p1uhs0_1247,load_p1ulv403,p1ulv403,68.885,6.672,provisional_for_scenario_only,0,0
497,6420,p2uhs4_1247--p2udt7735,p2uhs4_1247,load_p2ulv12168,p2ulv12168,62.856,24.418,provisional_for_scenario_only,0,0
501,3440,p2uhs9_1247--p2udt3884,p2uhs9_1247,load_p2ulv16787,p2ulv16787,104.355,32.277,provisional_for_scenario_only,0,0
504,3208,p3uhs8_1247--p3udt31404,p3uhs8_1247,load_p3ulv77534,p3ulv77534,84.133,15.708,provisional_for_scenario_only,0,0
507,3005,p3uhs8_1247--p3udt31404,p3uhs8_1247,load_p3ulv75594,p3ulv75594,182.048,45.637,provisional_for_scenario_only,0,0
509,2901,p3uhs2_1247--p3udt20296,p3uhs2_1247,load_p3ulv47856,p3ulv47856,44.633,41.452,provisional_for_scenario_only,0,0
514,4446,p1uhs15_1247--p1udt2795,p1uhs15_1247,load_p1ulv25736,p1ulv25736,28.546,34.594,provisional_for_scenario_only,0,0
517,5055,p1uhs0_1247--p1udt2142,p1uhs0_1247,load_p1ulv4148,p1ulv4148,80.675,10.757,provisional_for_scenario_only,0,0
519,1133,p1uhs9_1247--p1udt6854,p1uhs9_1247,load_p1ulv32721,p1ulv32721,80.428,47.053,provisional_for_scenario_only,0,0
520,5058,p1uhs6_1247--p1udt322,p1uhs6_1247,load_p1ulv37689,p1ulv37689,43.276,42.169,provisional_for_scenario_only,0,0
521,2992,p3uhs1_1247--p3udt16112,p3uhs1_1247,load_p3ulv19654,p3ulv19654,37.974,27.217,provisional_for_scenario_only,0,0
525,4087,p1uhs11_1247--p1udt25287,p1uhs11_1247,load_p1ulv52187,p1ulv52187,144.879,6.478,provisional_for_scenario_only,0,0
527,4455,p1uhs22_1247--p1udt6863,p1uhs22_1247,load_p1ulv13678,p1ulv13678,39.257,30.452,provisional_for_scenario_only,0,0
531,2349,p3uhs0_1247--p3udt31121,p3uhs0_1247,load_p3ulv19887,p3ulv19887,34.549,16.797,provisional_for_scenario_only,0,0
533,2406,p3uhs15_1247--p3udt21571,p3uhs15_1247,load_p3ulv71273,p3ulv71273,25.169,27.247,provisional_for_scenario_only,0,0
534,2853,p3uhs2_1247--p3udt27289,p3uhs2_1247,load_p3ulv32345,p3ulv32345,71.9,43.862,provisional_for_scenario_only,0,0
535,4473,p1uhs9_1247--p1udt6854,p1uhs9_1247,load_p1ulv22543,p1ulv22543,29.683,38.399,provisional_for_scenario_only,0,0
538,1174,p1uhs9_1247--p1udt6854,p1uhs9_1247,load_p1ulv35309,p1ulv35309,155.939,29.932,provisional_for_scenario_only,0,0
539,1228,p1uhs6_1247--p1udt322,p1uhs6_1247,load_p1ulv17366,p1ulv17366,39.303,46.434,provisional_for_scenario_only,0,0
540,4534,p1uhs13_1247--p1udt12530,p1uhs13_1247,load_p1ulv46795,p1ulv46795,128.541,33.544,provisional_for_scenario_only,0,0
543,3067,p3uhs4_1247--p3udt14887,p3uhs4_1247,load_p3ulv61062,p3ulv61062,68.488,3.934,provisional_for_scenario_only,0,0
545,1799,p3uhs4_1247--p3udt10048,p3uhs4_1247,load_p3ulv51837,p3ulv51837,72.143,22.653,provisional_for_scenario_only,0,0
547,2533,p3uhs5_1247--p3udt17790,p3uhs5_1247,load_p3ulv44144,p3ulv44144,40.553,5.382,provisional_for_scenario_only,0,0
549,3429,p2uhs5_1247--p2udt7035,p2uhs5_1247,load_p2ulv15565,p2ulv15565,130.267,32.782,provisional_for_scenario_only,0,0
550,3435,p2uhs5_1247--p2udt7035,p2uhs5_1247,load_p2ulv9273,p2ulv9273,35.294,33.215,provisional_for_scenario_only,0,0
553,2884,p2uhs5_1247--p2udt7035,p2uhs5_1247,load_p2ulv23753,p2ulv23753,58.192,29.292,provisional_for_scenario_only,0,0
554,2304,p3uhs3_1247--p3udt31518,p3uhs3_1247,load_p3ulv57327,p3ulv57327,104.482,36.394,provisional_for_scenario_only,0,0
555,3176,p5uhs9_1247--p5udt20856,p5uhs9_1247,load_p5ulv70455,p5ulv70455,44.923,29.523,provisional_for_scenario_only,0,0
556,3395,p2uhs4_1247--p2udt7735,p2uhs4_1247,load_p2ulv6013,p2ulv6013,42.581,44.232,provisional_for_scenario_only,0,0
561,6418,p2uhs3_1247--p2udt8444,p2uhs3_1247,load_p2ulv16557,p2ulv16557,113.469,37.162,provisional_for_scenario_only,0,0
563,6579,p3uhs15_1247--p3udt10674,p3uhs15_1247,load_p3ulv10904,p3ulv10904,42.163,27.96,provisional_for_scenario_only,0,0
565,2919,p3uhs24_1247--p3udt10352,p3uhs24_1247,load_p3ulv66761,p3ulv66761,60.31,34.776,provisional_for_scenario_only,0,0
568,2801,p5uhs26_1247--p5udt22654,p5uhs26_1247,load_p5ulv47641,p5ulv47641,25.179,36.62,provisional_for_scenario_only,0,0
571,6632,p3uhs3_1247--p3udt31518,p3uhs3_1247,load_p3ulv21610,p3ulv21610,55.935,30.902,provisional_for_scenario_only,0,0
577,3649,p5uhs18_1247--p5udt29300,p5uhs18_1247,load_p5ulv55180,p5ulv55180,28.691,46.59,provisional_for_scenario_only,0,0
578,3734,p5uhs13_1247--p5udt27754,p5uhs13_1247,load_p5ulv39534,p5ulv39534,24.738,7.047,provisional_for_scenario_only,0,0
580,3745,p5uhs20_1247--p5udt22271,p5uhs20_1247,load_p5ulv20070,p5ulv20070,22.132,29.875,provisional_for_scenario_only,0,0
596,4411,p5uhs21_1247--p5udt24017,p5uhs21_1247,load_p5ulv59947,p5ulv59947,77.114,33.421,provisional_for_scenario_only,0,0
607,4960,p1uhs5_1247--p1udt19613,p1uhs5_1247,load_p1ulv40577,p1ulv40577,86.336,3.531,provisional_for_scenario_only,0,0
609,4952,p1uhs3_1247--p1udt13260,p1uhs3_1247,load_p1ulv2629,p1ulv2629,91.616,41.318,provisional_for_scenario_only,0,0
611,1160,p1uhs14_1247--p1udt9467,p1uhs14_1247,load_p1ulv12081,p1ulv12081,56.363,1.736,provisional_for_scenario_only,0,0
616,2893,p3uhs2_1247--p3umv14,p3uhs2_1247,load_p3ulv80588,p3ulv80588,57.545,41.682,provisional_for_scenario_only,0,0
624,5036,p1uhs2_1247--p1udt899,p1uhs2_1247,load_p1ulv22379,p1ulv22379,51.674,4.373,provisional_for_scenario_only,0,0
628,7248,p2uhs6_1247--p2udt6420,p2uhs6_1247,load_p2ulv11286,p2ulv11286,98.126,41.771,provisional_for_scenario_only,0,0
632,3995,p1uhs17_1247--p1udt19976,p1uhs17_1247,load_p1ulv17739,p1ulv17739,55.373,11.227,provisional_for_scenario_only,0,0
633,4966,p1uhs5_1247--p1udt19613,p1uhs5_1247,load_p1ulv41825,p1ulv41825,24.723,9.831,provisional_for_scenario_only,0,0
637,4177,p5uhs26_1247--p5udt22654,p5uhs26_1247,load_p5ulv57269,p5ulv57269,54.83,42.422,provisional_for_scenario_only,0,0
644,5906,p4uhs9_1247--p4udt20209,p4uhs9_1247,load_p4ulv25554,p4ulv25554,57.628,38.121,provisional_for_scenario_only,0,0
648,4159,p5uhs30_1247--p5udt30417,p5uhs30_1247,load_p5ulv31048,p5ulv31048,82.763,36.771,provisional_for_scenario_only,0,0
649,4168,p5uhs22_1247--p5udt12343,p5uhs22_1247,load_p5ulv56611,p5ulv56611,17.878,33.648,provisional_for_scenario_only,0,0
651,4312,p5uhs22_1247--p5udt18713,p5uhs22_1247,load_p5ulv58879,p5ulv58879,130.264,34.32,provisional_for_scenario_only,0,0
653,4258,p5uhs22_1247--p5udt18713,p5uhs22_1247,load_p5ulv65014,p5ulv65014,54.115,48.418,provisional_for_scenario_only,0,0
656,4255,p5uhs22_1247--p5udt18713,p5uhs22_1247,load_p5ulv40876,p5ulv40876,23.394,43.701,provisional_for_scenario_only,0,0
660,4216,p5uhs30_1247--p5udt30417,p5uhs30_1247,load_p5ulv41480,p5ulv41480,55.445,45.219,provisional_for_scenario_only,0,0
661,3940,p1uhs14_1247--p1udt21168,p1uhs14_1247,load_p1ulv40003,p1ulv40003,43.095,6.152,provisional_for_scenario_only,0,0
662,4333,p2uhs2_1247--p2udt106,p2uhs2_1247,load_p2ulv7607,p2ulv7607,41.651,25.902,provisional_for_scenario_only,0,0
664,4332,p5uhs30_1247--p5udt30417,p5uhs30_1247,load_p5ulv62860,p5ulv62860,27.477,44.928,provisional_for_scenario_only,0,0
678,4209,p5uhs30_1247--p5udt30417,p5uhs30_1247,load_p5ulv72852,p5ulv72852,49.796,38.116,provisional_for_scenario_only,0,0
684,2525,p3uhs11_1247--p3udt27353,p3uhs11_1247,load_p3ulv71782,p3ulv71782,181.767,48.099,provisional_for_scenario_only,0,0
689,2677,p5uhs27_1247--p5udt23432,p5uhs27_1247,load_p5ulv19944,p5ulv19944,101.401,34.192,provisional_for_scenario_only,0,0
694,3581,p5uhs17_1247--p5udt20156,p5uhs17_1247,load_p5ulv54787,p5ulv54787,92.17,26.473,provisional_for_scenario_only,0,0
698,4989,p1uhs3_1247--p1udt13260,p1uhs3_1247,load_p1ulv58061,p1ulv58061,46.241,17.772,provisional_for_scenario_only,0,0
702,2815,p2uhs11_1247--p2udt7967,p2uhs11_1247,load_p2ulv5974,p2ulv5974,40.116,37.401,provisional_for_scenario_only,0,0
705,2883,p1rhs3_1247--p1rdt3467,p1rhs3_1247,load_p1rlv3416,p1rlv3416,57.043,36.703,provisional_for_scenario_only,0,0
709,6275,p3uhs22_1247--p3udt29621,p3uhs22_1247,load_p3ulv37023,p3ulv37023,123.725,4.418,provisional_for_scenario_only,0,0
713,7261,p3uhs22_1247--p3udt29621,p3uhs22_1247,load_p3ulv357,p3ulv357,147.68,16.671,provisional_for_scenario_only,0,0
719,4481,p1uhs9_1247--p1udt22325,p1uhs9_1247,load_p1ulv41001,p1ulv41001,31.249,26.372,provisional_for_scenario_only,0,0
725,2806,p2uhs6_1247--p2udt1124,p2uhs6_1247,load_p2ulv10322,p2ulv10322,183.151,34.987,provisional_for_scenario_only,0,0
728,3965,p1uhs11_1247--p1udt12111,p1uhs11_1247,load_p1ulv39672,p1ulv39672,86.541,25.827,provisional_for_scenario_only,0,0
733,2229,p3uhs0_1247--p3udt31121,p3uhs0_1247,load_p3ulv33931,p3ulv33931,134.619,20.907,provisional_for_scenario_only,0,0
735,2993,p3uhs1_1247--p3udt16112,p3uhs1_1247,load_p3ulv4799,p3ulv4799,51.024,27.097,provisional_for_scenario_only,0,0
736,3663,p5uhs20_1247--p5udt30630,p5uhs20_1247,load_p5ulv49586,p5ulv49586,25.828,44.163,provisional_for_scenario_only,0,0
738,2932,p3uhs2_1247--p3udt24404,p3uhs2_1247,load_p3ulv33732,p3ulv33732,26.261,28.507,provisional_for_scenario_only,0,0
744,4691,p1uhs19_1247--p1udt17263,p1uhs19_1247,load_p1ulv62294,p1ulv62294,143.307,28.462,provisional_for_scenario_only,0,0
750,1788,p5uhs16_1247--p5udt746,p5uhs16_1247,load_p5ulv69862,p5ulv69862,140.909,28.49,provisional_for_scenario_only,0,0
751,3692,p5uhs16_1247--p5udt746,p5uhs16_1247,load_p5ulv2808,p5ulv2808,43.908,35.402,provisional_for_scenario_only,0,0
752,3671,p5uhs16_1247--p5udt385,p5uhs16_1247,load_p5ulv15251,p5ulv15251,20.641,44.737,provisional_for_scenario_only,0,0
753,3675,p5uhs16_1247--p5udt385,p5uhs16_1247,load_p5ulv21730,p5ulv21730,27.376,49.505,provisional_for_scenario_only,0,0
754,3614,p5uhs20_1247--p5udt30630,p5uhs20_1247,load_p5ulv29102,p5ulv29102,54.647,45.955,provisional_for_scenario_only,0,0
759,4144,p1uhs14_1247--p1udt21168,p1uhs14_1247,load_p1ulv51883,p1ulv51883,105.062,19.144,provisional_for_scenario_only,0,0
761,2414,p3uhs14_1247--p3udt2635,p3uhs14_1247,load_p3ulv54299,p3ulv54299,153.763,29.878,provisional_for_scenario_only,0,0
766,2427,p3uhs12_1247--p3udt23934,p3uhs12_1247,load_p3ulv11180,p3ulv11180,123.004,24.352,provisional_for_scenario_only,0,0
770,1231,p1uhs0_1247--p1udt2142,p1uhs0_1247,load_p1ulv49589,p1ulv49589,189.008,17.839,provisional_for_scenario_only,0,0
775,6227,p1uhs10_1247--p1udt20878,p1uhs10_1247,load_p1ulv19651,p1ulv19651,81.405,16.971,provisional_for_scenario_only,0,0
777,4436,p5uhs21_1247--p5udt24017,p5uhs21_1247,load_p5ulv38622,p5ulv38622,53.803,26.664,provisional_for_scenario_only,0,0
778,2421,p3uhs12_1247--p3udt23934,p3uhs12_1247,load_p3ulv52305,p3ulv52305,50.973,31.377,provisional_for_scenario_only,0,0
783,4511,p2uhs11_1247--p2udt7967,p2uhs11_1247,load_p2ulv6236,p2ulv6236,98.451,36.774,provisional_for_scenario_only,0,0
785,2803,p2uhs2_1247--p2udt106,p2uhs2_1247,load_p2ulv9685,p2ulv9685,197.267,14.635,provisional_for_scenario_only,0,0
789,2511,p3uhs11_1247--p3udt20683,p3uhs11_1247,load_p3ulv70235,p3ulv70235,161.73,12.395,provisional_for_scenario_only,0,0
790,2505,p3uhs11_1247--p3udt20683,p3uhs11_1247,load_p3ulv75502,p3ulv75502,87.603,7.432,provisional_for_scenario_only,0,0
794,2506,p3uhs11_1247--p3udt20683,p3uhs11_1247,load_p3ulv70235,p3ulv70235,94.762,25.178,provisional_for_scenario_only,0,0
800,6324,p2uhs6_1247--p2udt1124,p2uhs6_1247,load_p2ulv21562,p2ulv21562,58.382,48.575,provisional_for_scenario_only,0,0
804,1162,p1uhs14_1247--p1udt9467,p1uhs14_1247,load_p1ulv54433,p1ulv54433,60.773,8.366,provisional_for_scenario_only,0,0
808,3941,p1uhs14_1247--p1udt21168,p1uhs14_1247,load_p1ulv24781,p1ulv24781,57.456,8.328,provisional_for_scenario_only,0,0
811,3938,p1uhs17_1247--p1udt19976,p1uhs17_1247,load_p1ulv51252,p1ulv51252,79.811,9.16,provisional_for_scenario_only,0,0
814,2982,p3uhs2_1247--p3udt11804,p3uhs2_1247,load_p3ulv27509,p3ulv27509,35.211,22.193,provisional_for_scenario_only,0,0
817,2821,p2uhs6_1247--p2udt1124,p2uhs6_1247,load_p2ulv19334,p2ulv19334,96.551,31.418,provisional_for_scenario_only,0,0
818,2583,p5uhs25_1247--p5udt26874,p5uhs25_1247,load_p5ulv31851,p5ulv31851,129.013,6.951,provisional_for_scenario_only,0,0
823,3202,p3uhs8_1247--p3udt31404,p3uhs8_1247,load_p3ulv35282,p3ulv35282,40.086,26.953,provisional_for_scenario_only,0,0
827,2611,p4uhs19_1247--p4udt10279,p4uhs19_1247,load_p4ulv39743,p4ulv39743,147.365,44.002,provisional_for_scenario_only,0,0
828,2809,p1uhs9_1247--p1udt22325,p1uhs9_1247,load_p1ulv6859,p1ulv6859,49.583,27.098,provisional_for_scenario_only,0,0
839,2988,p3uhs26_1247--p3udt26126,p3uhs26_1247,load_p3ulv67679,p3ulv67679,121.802,31.359,provisional_for_scenario_only,0,0
840,3260,p5uhs3_1247--p5udt2481,p5uhs3_1247,load_p5ulv16300,p5ulv16300,21.825,19.435,provisional_for_scenario_only,0,0
841,3379,p5uhs0_1247--p5udt119,p5uhs0_1247,load_p5ulv5334,p5ulv5334,21.633,42.066,provisional_for_scenario_only,0,0
844,4089,p1uhs17_1247--p1udt19976,p1uhs17_1247,load_p1ulv19063,p1ulv19063,48.753,1.257,provisional_for_scenario_only,0,0
846,3997,p1uhs17_1247--p1udt19976,p1uhs17_1247,load_p1ulv764,p1ulv764,21.482,8.726,provisional_for_scenario_only,0,0
848,6200,p5uhs27_1247--p5udt23432,p5uhs27_1247,load_p5ulv55613,p5ulv55613,95.238,11.464,provisional_for_scenario_only,0,0
850,6204,p5uhs15_1247--p5udt31571,p5uhs15_1247,load_p5ulv48817,p5ulv48817,143.617,20.56,provisional_for_scenario_only,0,0
853,4115,p1uhs17_1247--p1udt19976,p1uhs17_1247,load_p1ulv7101,p1ulv7101,57.234,11.493,provisional_for_scenario_only,0,0
855,4090,p1uhs17_1247--p1udt19976,p1uhs17_1247,load_p1ulv8968,p1ulv8968,74.414,10.388,provisional_for_scenario_only,0,0
861,2679,p5uhs27_1247--p5udt16841,p5uhs27_1247,load_p5ulv20447,p5ulv20447,95.608,48.645,provisional_for_scenario_only,0,0
869,4725,p1uhs19_1247--p1udt14631,p1uhs19_1247,load_p1ulv22760,p1ulv22760,45.04,34.651,provisional_for_scenario_only,0,0
873,1154,p4uhs19_1247--p4udt10279,p4uhs19_1247,load_p4ulv9142,p4ulv9142,59.983,34.374,provisional_for_scenario_only,0,0
874,1120,p4uhs19_1247--p4udt10279,p4uhs19_1247,load_p4ulv2856,p4ulv2856,88.735,27.807,provisional_for_scenario_only,0,0
880,2891,p3uhs2_1247--p3umv14,p3uhs2_1247,load_p3ulv49955,p3ulv49955,112.225,21.848,provisional_for_scenario_only,0,0
881,2865,p3uhs2_1247--p3umv14,p3uhs2_1247,load_p3ulv63723,p3ulv63723,49.0,34.987,provisional_for_scenario_only,0,0
891,2464,p3uhs11_1247--p3udt20683,p3uhs11_1247,load_p3ulv69428,p3ulv69428,69.008,31.176,provisional_for_scenario_only,0,0
901,2548,p3uhs11_1247--p3udt20683,p3uhs11_1247,load_p3ulv39442,p3ulv39442,40.339,35.706,provisional_for_scenario_only,0,0
902,2530,p3uhs11_1247--p3udt27353,p3uhs11_1247,load_p3ulv19982,p3ulv19982,38.218,30.339,provisional_for_scenario_only,0,0
903,3896,p5uhs19_1247--p5udt30268,p5uhs19_1247,load_p5ulv40845,p5ulv40845,20.128,10.557,provisional_for_scenario_only,0,0
914,2620,p4uhs20_1247--p4udt13530,p4uhs20_1247,load_p4ulv15637,p4ulv15637,169.843,46.423,provisional_for_scenario_only,0,0
920,3599,p5uhs23_1247--p5udt18043,p5uhs23_1247,load_p5ulv50869,p5ulv50869,72.625,41.099,provisional_for_scenario_only,0,0
925,2921,p3uhs26_1247--p3udt26126,p3uhs26_1247,load_p3ulv10409,p3ulv10409,82.571,26.363,provisional_for_scenario_only,0,0
926,4460,p5uhs23_1247--p5udt23560,p5uhs23_1247,load_p5ulv43598,p5ulv43598,81.758,47.007,provisional_for_scenario_only,0,0
930,3181,p5uhs9_1247--p5udt20856,p5uhs9_1247,load_p5ulv35727,p5ulv35727,40.83,15.791,provisional_for_scenario_only,0,0
936,3915,p5uhs19_1247--p5udt17094,p5uhs19_1247,load_p5ulv57713,p5ulv57713,39.631,40.434,provisional_for_scenario_only,0,0
937,4204,p5uhs23_1247--p5udt18043,p5uhs23_1247,load_p5ulv28210,p5ulv28210,91.331,29.387,provisional_for_scenario_only,0,0
940,3933,p5uhs10_1247--p5udt14571,p5uhs10_1247,load_p5ulv73595,p5ulv73595,42.213,7.133,provisional_for_scenario_only,0,0
941,3935,p5uhs10_1247--p5udt14571,p5uhs10_1247,load_p5ulv64647,p5ulv64647,44.959,8.68,provisional_for_scenario_only,0,0
942,3521,p5uhs28_1247--p5udt12928,p5uhs28_1247,load_p5ulv73062,p5ulv73062,114.65,7.487,provisional_for_scenario_only,0,0
947,4260,p5uhs22_1247--p5udt18713,p5uhs22_1247,load_p5ulv73397,p5ulv73397,55.701,46.104,provisional_for_scenario_only,0,0
950,3059,p3uhs8_1247--p3umv17,p3uhs8_1247,load_p3ulv57221,p3ulv57221,24.778,32.372,provisional_for_scenario_only,0,0
952,3577,p5uhs23_1247--p5udt18043,p5uhs23_1247,load_p5ulv49190,p5ulv49190,116.477,42.796,provisional_for_scenario_only,0,0
953,3164,p5uhs1_1247--p5udt4788,p5uhs1_1247,load_p5ulv6024,p5ulv6024,48.575,41.784,provisional_for_scenario_only,0,0
959,3334,p5uhs3_1247--p5udt7453,p5uhs3_1247,load_p5ulv77421,p5ulv77421,54.624,38.495,provisional_for_scenario_only,0,0
961,4930,p1uhs0_1247--p1udt12703,p1uhs0_1247,load_p1ulv33893,p1ulv33893,61.434,35.73,provisional_for_scenario_only,0,0
986,2890,p5uhs0_1247--p5udt119,p5uhs0_1247,load_p5ulv16862,p5ulv16862,11.367,45.431,provisional_for_scenario_only,0,0
991,2682,p5uhs28_1247--p5udt30878,p5uhs28_1247,load_p5ulv33869,p5ulv33869,173.499,6.586,provisional_for_scenario_only,0,0
995,2500,p3uhs3_1247--p3udt31518,p3uhs3_1247,load_p3ulv31063,p3ulv31063,79.473,18.812,provisional_for_scenario_only,0,0
1013,3360,p5uhs3_1247--p5udt6002,p5uhs3_1247,load_p5ulv9471,p5ulv9471,50.537,46.281,provisional_for_scenario_only,0,0
1014,4154,p5uhs19_1247--p5udt8885,p5uhs19_1247,load_p5ulv71177,p5ulv71177,29.579,48.05,provisional_for_scenario_only,0,0
1020,1732,p5uhs25_1247--p5udt31077,p5uhs25_1247,load_p5ulv24044,p5ulv24044,89.373,2.614,provisional_for_scenario_only,0,0
1024,4241,p5uhs22_1247--p5udt18713,p5uhs22_1247,load_p5ulv62233,p5ulv62233,105.512,36.299,provisional_for_scenario_only,0,0
1025,3530,p5uhs21_1247--p5udt30121,p5uhs21_1247,load_p5ulv41349,p5ulv41349,33.02,31.473,provisional_for_scenario_only,0,0
1040,3252,p5uhs3_1247--p5udt2481,p5uhs3_1247,load_p5ulv10004,p5ulv10004,21.879,32.566,provisional_for_scenario_only,0,0
1042,3250,p5uhs3_1247--p5udt2481,p5uhs3_1247,load_p5ulv12285,p5ulv12285,18.792,27.508,provisional_for_scenario_only,0,0
1057,2942,p3uhs24_1247--p3udt7003,p3uhs24_1247,load_p3ulv31461,p3ulv31461,87.763,36.164,provisional_for_scenario_only,0,0
1062,2321,p3uhs14_1247--p3udt9594,p3uhs14_1247,load_p3ulv38769,p3ulv38769,40.833,9.955,provisional_for_scenario_only,0,0
1063,3276,p5uhs3_1247--p5udt2481,p5uhs3_1247,load_p5ulv9658,p5ulv9658,42.67,10.488,provisional_for_scenario_only,0,0
1088,3792,p5uhs4_1247--p5udt7236,p5uhs4_1247,load_p5ulv65110,p5ulv65110,113.351,27.209,provisional_for_scenario_only,0,0
1093,2396,p3uhs12_1247--p3udt23934,p3uhs12_1247,load_p3ulv10332,p3ulv10332,34.018,35.415,provisional_for_scenario_only,0,0
1103,4678,p4uhs9_1247--p4udt6157,p4uhs9_1247,load_p4ulv37247,p4ulv37247,46.512,39.408,provisional_for_scenario_only,0,0
1129,1803,p3uhs23_1247--p3udt10896,p3uhs23_1247,load_p3ulv3358,p3ulv3358,79.844,24.821,provisional_for_scenario_only,0,0
1139,2439,p3uhs6_1247--p3udt31726,p3uhs6_1247,load_p3ulv31290,p3ulv31290,37.409,27.215,provisional_for_scenario_only,0,0
1144,3433,p2uhs5_1247--p2udt7035,p2uhs5_1247,load_p2ulv22395,p2ulv22395,42.517,47.323,provisional_for_scenario_only,0,0
1150,3349,p5uhs3_1247--p5udt2481,p5uhs3_1247,load_p5ulv7119,p5ulv7119,33.89,47.753,provisional_for_scenario_only,0,0
1190,3039,p5uhs9_1247--p5udt20856,p5uhs9_1247,load_p5ulv7045,p5ulv7045,49.915,41.011,provisional_for_scenario_only,0,0
