substation_id,candidate_rank,road_node_id,longitude,latitude,distance_m,candidate_within_500m,actual_access_verified,mapping_kind
p2uhs6_1247,1,4196,-97.650264,30.311912,46.311,1,0,nearest_bidirectional_physical_node_not_verified_driveway
p2uhs6_1247,2,4197,-97.652307,30.308384,484.698,1,0,nearest_bidirectional_physical_node_not_verified_driveway
p2uhs6_1247,3,4337,-97.654129,30.309099,526.293,0,0,nearest_bidirectional_physical_node_not_verified_driveway
p2uhs0_1247,1,6644,-97.547187,30.329771,509.316,0,0,nearest_bidirectional_physical_node_not_verified_driveway
p2uhs0_1247,2,6643,-97.549335,30.333247,517.081,0,0,nearest_bidirectional_physical_node_not_verified_driveway
p2uhs0_1247,3,4504,-97.542135,30.343072,1089.418,0,0,nearest_bidirectional_physical_node_not_verified_driveway
p2uhs8_1247,1,6651,-97.613012,30.340957,388.245,1,0,nearest_bidirectional_physical_node_not_verified_driveway
p2uhs8_1247,2,6652,-97.612919,30.341855,486.414,1,0,nearest_bidirectional_physical_node_not_verified_driveway
p2uhs8_1247,3,7427,-97.614212,30.333003,527.849,0,0,nearest_bidirectional_physical_node_not_verified_driveway
p2uhs11_1247,1,4511,-97.627772,30.290951,577.21,0,0,nearest_bidirectional_physical_node_not_verified_driveway
p2uhs11_1247,2,6001,-97.62801,30.290576,586.28,0,0,nearest_bidirectional_physical_node_not_verified_driveway
p2uhs11_1247,3,6002,-97.628676,30.289525,630.452,0,0,nearest_bidirectional_physical_node_not_verified_driveway
p2uhs12_1247,1,6965,-97.536244,30.352148,613.799,0,0,nearest_bidirectional_physical_node_not_verified_driveway
p2uhs12_1247,2,6453,-97.537993,30.349435,926.254,0,0,nearest_bidirectional_physical_node_not_verified_driveway
p2uhs12_1247,3,6456,-97.53651,30.349157,945.919,0,0,nearest_bidirectional_physical_node_not_verified_driveway
p2uhs7_1247,1,6750,-97.466963,30.351281,411.775,1,0,nearest_bidirectional_physical_node_not_verified_driveway
p2uhs7_1247,2,6480,-97.461951,30.350981,567.748,0,0,nearest_bidirectional_physical_node_not_verified_driveway
p2uhs7_1247,3,7026,-97.462219,30.351374,579.423,0,0,nearest_bidirectional_physical_node_not_verified_driveway
p2uhs2_1247,1,2835,-97.673771,30.279302,234.159,1,0,nearest_bidirectional_physical_node_not_verified_driveway
p2uhs2_1247,2,4324,-97.671599,30.283689,416.782,1,0,nearest_bidirectional_physical_node_not_verified_driveway
p2uhs2_1247,3,6979,-97.666166,30.279468,509.969,0,0,nearest_bidirectional_physical_node_not_verified_driveway
p2uhs5_1247,1,3432,-97.694564,30.238179,266.985,1,0,nearest_bidirectional_physical_node_not_verified_driveway
p2uhs5_1247,2,3421,-97.689641,30.240805,296.842,1,0,nearest_bidirectional_physical_node_not_verified_driveway
p2uhs5_1247,3,3455,-97.690722,30.242031,302.544,1,0,nearest_bidirectional_physical_node_not_verified_driveway
p2uhs9_1247,1,3444,-97.689988,30.217802,166.793,1,0,nearest_bidirectional_physical_node_not_verified_driveway
p2uhs9_1247,2,3426,-97.69035,30.218036,210.159,1,0,nearest_bidirectional_physical_node_not_verified_driveway
p2uhs9_1247,3,3442,-97.689427,30.218938,233.703,1,0,nearest_bidirectional_physical_node_not_verified_driveway
p2uhs3_1247,1,7419,-97.669018,30.218239,372.302,1,0,nearest_bidirectional_physical_node_not_verified_driveway
p2uhs3_1247,2,7418,-97.668257,30.217253,391.364,1,0,nearest_bidirectional_physical_node_not_verified_driveway
p2uhs3_1247,3,2902,-97.665134,30.216178,430.665,1,0,nearest_bidirectional_physical_node_not_verified_driveway
p2uhs1_1247,1,6945,-97.601009,30.256608,236.505,1,0,nearest_bidirectional_physical_node_not_verified_driveway
p2uhs1_1247,2,6946,-97.601372,30.256804,277.16,1,0,nearest_bidirectional_physical_node_not_verified_driveway
p2uhs1_1247,3,6886,-97.602547,30.252891,414.73,1,0,nearest_bidirectional_physical_node_not_verified_driveway
p2uhs4_1247,1,6501,-97.663328,30.170031,980.524,0,0,nearest_bidirectional_physical_node_not_verified_driveway
p2uhs4_1247,2,2812,-97.64624,30.18045,1252.344,0,0,nearest_bidirectional_physical_node_not_verified_driveway
p2uhs4_1247,3,2813,-97.65984,30.166537,1277.233,0,0,nearest_bidirectional_physical_node_not_verified_driveway
p2uhs10_1247,1,2749,-97.615924,30.141786,959.892,0,0,nearest_bidirectional_physical_node_not_verified_driveway
p2uhs10_1247,2,1794,-97.624194,30.146457,997.892,0,0,nearest_bidirectional_physical_node_not_verified_driveway
p2uhs10_1247,3,6959,-97.631492,30.149977,1600.397,0,0,nearest_bidirectional_physical_node_not_verified_driveway
p2uhs13_1247,1,1136,-97.516594,30.231017,1554.953,0,0,nearest_bidirectional_physical_node_not_verified_driveway
p2uhs13_1247,2,1137,-97.520151,30.236316,2039.527,0,0,nearest_bidirectional_physical_node_not_verified_driveway
p2uhs13_1247,3,5601,-97.488372,30.221099,3330.384,0,0,nearest_bidirectional_physical_node_not_verified_driveway
p3uhs5_1247,1,1776,-97.781187,30.244055,179.221,1,0,nearest_bidirectional_physical_node_not_verified_driveway
p3uhs5_1247,2,2480,-97.782109,30.243412,246.541,1,0,nearest_bidirectional_physical_node_not_verified_driveway
p3uhs5_1247,3,1775,-97.777001,30.246641,445.94,1,0,nearest_bidirectional_physical_node_not_verified_driveway
p3uhs0_1247,1,2358,-97.8914,30.240407,369.694,1,0,nearest_bidirectional_physical_node_not_verified_driveway
p3uhs0_1247,2,6568,-97.888687,30.246958,429.29,1,0,nearest_bidirectional_physical_node_not_verified_driveway
p3uhs0_1247,3,7459,-97.888951,30.247466,465.695,1,0,nearest_bidirectional_physical_node_not_verified_driveway
p3uhs8_1247,1,3115,-97.757043,30.234048,327.688,1,0,nearest_bidirectional_physical_node_not_verified_driveway
p3uhs8_1247,2,3057,-97.750867,30.231102,408.602,1,0,nearest_bidirectional_physical_node_not_verified_driveway
p3uhs8_1247,3,3119,-97.755709,30.235642,448.98,1,0,nearest_bidirectional_physical_node_not_verified_driveway
p3uhs18_1247,1,2242,-97.962868,30.217079,185.976,1,0,nearest_bidirectional_physical_node_not_verified_driveway
p3uhs18_1247,2,2240,-97.964775,30.215089,290.657,1,0,nearest_bidirectional_physical_node_not_verified_driveway
p3uhs18_1247,3,6997,-97.968834,30.210701,871.068,0,0,nearest_bidirectional_physical_node_not_verified_driveway
p3uhs17_1247,1,2270,-97.928424,30.231228,494.212,1,0,nearest_bidirectional_physical_node_not_verified_driveway
p3uhs17_1247,2,2264,-97.931553,30.230666,563.795,0,0,nearest_bidirectional_physical_node_not_verified_driveway
p3uhs17_1247,3,2271,-97.918139,30.238639,1604.167,0,0,nearest_bidirectional_physical_node_not_verified_driveway
p3uhs20_1247,1,2336,-97.89214,30.188385,626.658,0,0,nearest_bidirectional_physical_node_not_verified_driveway
p3uhs20_1247,2,2335,-97.89058,30.190033,719.368,0,0,nearest_bidirectional_physical_node_not_verified_driveway
p3uhs20_1247,3,2206,-97.89988,30.182088,990.424,0,0,nearest_bidirectional_physical_node_not_verified_driveway
p3uhs16_1247,1,2221,-97.876244,30.282704,481.132,1,0,nearest_bidirectional_physical_node_not_verified_driveway
p3uhs16_1247,2,2223,-97.875022,30.284143,530.36,0,0,nearest_bidirectional_physical_node_not_verified_driveway
p3uhs16_1247,3,2606,-97.86919,30.289039,1054.896,0,0,nearest_bidirectional_physical_node_not_verified_driveway
p3uhs21_1247,1,2468,-97.82839,30.240218,1135.664,0,0,nearest_bidirectional_physical_node_not_verified_driveway
p3uhs21_1247,2,2300,-97.845201,30.245545,1208.156,0,0,nearest_bidirectional_physical_node_not_verified_driveway
p3uhs21_1247,3,2316,-97.831908,30.237141,1376.141,0,0,nearest_bidirectional_physical_node_not_verified_driveway
p3uhs7_1247,1,7442,-97.817871,30.274627,284.811,1,0,nearest_bidirectional_physical_node_not_verified_driveway
p3uhs7_1247,2,7441,-97.817679,30.274944,316.918,1,0,nearest_bidirectional_physical_node_not_verified_driveway
p3uhs7_1247,3,6181,-97.818425,30.27583,324.05,1,0,nearest_bidirectional_physical_node_not_verified_driveway
p3uhs19_1247,1,6631,-97.89344,30.217303,814.956,0,0,nearest_bidirectional_physical_node_not_verified_driveway
p3uhs19_1247,2,2295,-97.888666,30.208101,843.483,0,0,nearest_bidirectional_physical_node_not_verified_driveway
p3uhs19_1247,3,2208,-97.894051,30.218164,902.526,0,0,nearest_bidirectional_physical_node_not_verified_driveway
p3uhs22_1247,1,2347,-97.872836,30.227623,247.879,1,0,nearest_bidirectional_physical_node_not_verified_driveway
p3uhs22_1247,2,2370,-97.868584,30.225608,418.17,1,0,nearest_bidirectional_physical_node_not_verified_driveway
p3uhs22_1247,3,6277,-97.873868,30.232965,545.341,0,0,nearest_bidirectional_physical_node_not_verified_driveway
p3uhs3_1247,1,2312,-97.85483,30.224641,410.404,1,0,nearest_bidirectional_physical_node_not_verified_driveway
p3uhs3_1247,2,2380,-97.855347,30.223843,512.076,0,0,nearest_bidirectional_physical_node_not_verified_driveway
p3uhs3_1247,3,2374,-97.860449,30.227426,734.518,0,0,nearest_bidirectional_physical_node_not_verified_driveway
p3uhs11_1247,1,2520,-97.808527,30.227708,314.038,1,0,nearest_bidirectional_physical_node_not_verified_driveway
p3uhs11_1247,2,2461,-97.809223,30.22805,356.53,1,0,nearest_bidirectional_physical_node_not_verified_driveway
p3uhs11_1247,3,2460,-97.805243,30.222801,399.348,1,0,nearest_bidirectional_physical_node_not_verified_driveway
p3uhs13_1247,1,2399,-97.806668,30.202665,412.242,1,0,nearest_bidirectional_physical_node_not_verified_driveway
p3uhs13_1247,2,2319,-97.80447,30.208596,419.45,1,0,nearest_bidirectional_physical_node_not_verified_driveway
p3uhs13_1247,3,2445,-97.804482,30.202191,553.996,0,0,nearest_bidirectional_physical_node_not_verified_driveway
p3uhs4_1247,1,2855,-97.774575,30.21781,114.276,1,0,nearest_bidirectional_physical_node_not_verified_driveway
p3uhs4_1247,2,3090,-97.772887,30.220474,447.425,1,0,nearest_bidirectional_physical_node_not_verified_driveway
p3uhs4_1247,3,2848,-97.768502,30.214937,710.35,0,0,nearest_bidirectional_physical_node_not_verified_driveway
p3uhs14_1247,1,2322,-97.84541,30.206944,426.87,1,0,nearest_bidirectional_physical_node_not_verified_driveway
p3uhs14_1247,2,2293,-97.837208,30.202866,487.026,1,0,nearest_bidirectional_physical_node_not_verified_driveway
p3uhs14_1247,3,2413,-97.838303,30.201214,512.949,0,0,nearest_bidirectional_physical_node_not_verified_driveway
p3uhs10_1247,1,6398,-97.860066,30.161805,496.174,1,0,nearest_bidirectional_physical_node_not_verified_driveway
p3uhs10_1247,2,2339,-97.860279,30.165113,607.187,0,0,nearest_bidirectional_physical_node_not_verified_driveway
p3uhs10_1247,3,2338,-97.860619,30.16629,710.552,0,0,nearest_bidirectional_physical_node_not_verified_driveway
p3uhs15_1247,1,2406,-97.833872,30.176355,287.995,1,0,nearest_bidirectional_physical_node_not_verified_driveway
p3uhs15_1247,2,2302,-97.835481,30.176355,298.631,1,0,nearest_bidirectional_physical_node_not_verified_driveway
p3uhs15_1247,3,2390,-97.832375,30.176355,346.553,1,0,nearest_bidirectional_physical_node_not_verified_driveway
p3uhs23_1247,1,2180,-97.822986,30.140481,486.09,1,0,nearest_bidirectional_physical_node_not_verified_driveway
p3uhs23_1247,2,1709,-97.832826,30.140349,561.56,0,0,nearest_bidirectional_physical_node_not_verified_driveway
p3uhs23_1247,3,1708,-97.832825,30.149554,942.333,0,0,nearest_bidirectional_physical_node_not_verified_driveway
p3uhs6_1247,1,2456,-97.790864,30.198363,175.19,1,0,nearest_bidirectional_physical_node_not_verified_driveway
p3uhs6_1247,2,2437,-97.791851,30.198722,252.229,1,0,nearest_bidirectional_physical_node_not_verified_driveway
p3uhs6_1247,3,2440,-97.787501,30.19698,292.74,1,0,nearest_bidirectional_physical_node_not_verified_driveway
p3uhs12_1247,1,2422,-97.798642,30.173904,83.553,1,0,nearest_bidirectional_physical_node_not_verified_driveway
p3uhs12_1247,2,2420,-97.799273,30.172226,115.994,1,0,nearest_bidirectional_physical_node_not_verified_driveway
p3uhs12_1247,3,2403,-97.803448,30.177279,645.082,0,0,nearest_bidirectional_physical_node_not_verified_driveway
p3uhs1_1247,1,2989,-97.737524,30.194831,197.415,1,0,nearest_bidirectional_physical_node_not_verified_driveway
p3uhs1_1247,2,2990,-97.73521,30.198516,271.734,1,0,nearest_bidirectional_physical_node_not_verified_driveway
p3uhs1_1247,3,2992,-97.738624,30.193114,414.64,1,0,nearest_bidirectional_physical_node_not_verified_driveway
p3uhs24_1247,1,2938,-97.75661,30.179624,213.413,1,0,nearest_bidirectional_physical_node_not_verified_driveway
p3uhs24_1247,2,2939,-97.76206,30.180521,422.527,1,0,nearest_bidirectional_physical_node_not_verified_driveway
p3uhs24_1247,3,2961,-97.760827,30.182765,534.252,0,0,nearest_bidirectional_physical_node_not_verified_driveway
p3uhs2_1247,1,2931,-97.751597,30.201675,375.859,1,0,nearest_bidirectional_physical_node_not_verified_driveway
p3uhs2_1247,2,2998,-97.742026,30.201952,549.089,0,0,nearest_bidirectional_physical_node_not_verified_driveway
p3uhs2_1247,3,2927,-97.741997,30.200126,565.588,0,0,nearest_bidirectional_physical_node_not_verified_driveway
p3uhs25_1247,1,1714,-97.79128,30.149231,819.994,0,0,nearest_bidirectional_physical_node_not_verified_driveway
p3uhs25_1247,2,1717,-97.793334,30.145684,934.114,0,0,nearest_bidirectional_physical_node_not_verified_driveway
p3uhs25_1247,3,1715,-97.793174,30.144042,943.109,0,0,nearest_bidirectional_physical_node_not_verified_driveway
p3uhs26_1247,1,1771,-97.735082,30.154302,680.659,0,0,nearest_bidirectional_physical_node_not_verified_driveway
p3uhs26_1247,2,2921,-97.745726,30.158249,755.036,0,0,nearest_bidirectional_physical_node_not_verified_driveway
p3uhs26_1247,3,2985,-97.736012,30.159963,1011.257,0,0,nearest_bidirectional_physical_node_not_verified_driveway
p3uhs9_1247,1,6433,-97.70774,30.175929,217.31,1,0,nearest_bidirectional_physical_node_not_verified_driveway
p3uhs9_1247,2,2882,-97.700983,30.172365,544.235,0,0,nearest_bidirectional_physical_node_not_verified_driveway
p3uhs9_1247,3,6386,-97.696766,30.165848,1335.864,0,0,nearest_bidirectional_physical_node_not_verified_driveway
p3uhs27_1247,1,2708,-97.685891,30.069984,543.199,0,0,nearest_bidirectional_physical_node_not_verified_driveway
p3uhs27_1247,2,6070,-97.69251,30.073714,552.424,0,0,nearest_bidirectional_physical_node_not_verified_driveway
p3uhs27_1247,3,6071,-97.693138,30.074078,606.178,0,0,nearest_bidirectional_physical_node_not_verified_driveway
p3uhs28_1247,1,2709,-97.665963,30.081814,1936.688,0,0,nearest_bidirectional_physical_node_not_verified_driveway
p3uhs28_1247,2,2708,-97.685891,30.069984,2093.918,0,0,nearest_bidirectional_physical_node_not_verified_driveway
p3uhs28_1247,3,2710,-97.671268,30.08621,2495.216,0,0,nearest_bidirectional_physical_node_not_verified_driveway
p1uhs19_1247,1,4690,-97.800483,30.431549,521.317,0,0,nearest_bidirectional_physical_node_not_verified_driveway
p1uhs19_1247,2,4694,-97.802975,30.430501,786.664,0,0,nearest_bidirectional_physical_node_not_verified_driveway
p1uhs19_1247,3,4681,-97.805994,30.441085,1262.716,0,0,nearest_bidirectional_physical_node_not_verified_driveway
p1uhs0_1247,1,6223,-97.711722,30.423781,414.407,1,0,nearest_bidirectional_physical_node_not_verified_driveway
p1uhs0_1247,2,6221,-97.711585,30.424077,449.318,1,0,nearest_bidirectional_physical_node_not_verified_driveway
p1uhs0_1247,3,6222,-97.71355,30.424195,461.658,1,0,nearest_bidirectional_physical_node_not_verified_driveway
p1uhs5_1247,1,4980,-97.772972,30.420125,323.087,1,0,nearest_bidirectional_physical_node_not_verified_driveway
p1uhs5_1247,2,4962,-97.769131,30.424368,410.671,1,0,nearest_bidirectional_physical_node_not_verified_driveway
p1uhs5_1247,3,4964,-97.762609,30.42285,717.881,0,0,nearest_bidirectional_physical_node_not_verified_driveway
p1uhs10_1247,1,4959,-97.748686,30.424096,589.764,0,0,nearest_bidirectional_physical_node_not_verified_driveway
p1uhs10_1247,2,4958,-97.748784,30.423917,609.074,0,0,nearest_bidirectional_physical_node_not_verified_driveway
p1uhs10_1247,3,4953,-97.748743,30.42339,642.714,0,0,nearest_bidirectional_physical_node_not_verified_driveway
p1uhs3_1247,1,4959,-97.748686,30.424096,831.871,0,0,nearest_bidirectional_physical_node_not_verified_driveway
p1uhs3_1247,2,4958,-97.748784,30.423917,842.012,0,0,nearest_bidirectional_physical_node_not_verified_driveway
p1uhs3_1247,3,4953,-97.748743,30.42339,843.026,0,0,nearest_bidirectional_physical_node_not_verified_driveway
p1uhs14_1247,1,1160,-97.747856,30.407781,106.78,1,0,nearest_bidirectional_physical_node_not_verified_driveway
p1uhs14_1247,2,1162,-97.745632,30.407968,234.934,1,0,nearest_bidirectional_physical_node_not_verified_driveway
p1uhs14_1247,3,1164,-97.745455,30.405556,257.481,1,0,nearest_bidirectional_physical_node_not_verified_driveway
p1uhs17_1247,1,3992,-97.761161,30.40077,280.306,1,0,nearest_bidirectional_physical_node_not_verified_driveway
p1uhs17_1247,2,3999,-97.757812,30.39712,359.729,1,0,nearest_bidirectional_physical_node_not_verified_driveway
p1uhs17_1247,3,3997,-97.754694,30.39489,737.793,0,0,nearest_bidirectional_physical_node_not_verified_driveway
p1uhs1_1247,1,6349,-97.681121,30.463476,488.444,1,0,nearest_bidirectional_physical_node_not_verified_driveway
p1uhs1_1247,2,6391,-97.687933,30.466983,1016.546,0,0,nearest_bidirectional_physical_node_not_verified_driveway
p1uhs1_1247,3,5109,-97.69458,30.459963,1175.567,0,0,nearest_bidirectional_physical_node_not_verified_driveway
p1uhs20_1247,1,7453,-97.642391,30.468915,416.84,1,0,nearest_bidirectional_physical_node_not_verified_driveway
p1uhs20_1247,2,5372,-97.640545,30.472052,425.046,1,0,nearest_bidirectional_physical_node_not_verified_driveway
p1uhs20_1247,3,4851,-97.64422,30.465808,684.523,0,0,nearest_bidirectional_physical_node_not_verified_driveway
p1uhs8_1247,1,4850,-97.651139,30.456432,704.359,0,0,nearest_bidirectional_physical_node_not_verified_driveway
p1uhs8_1247,2,4879,-97.661463,30.448384,729.042,0,0,nearest_bidirectional_physical_node_not_verified_driveway
p1uhs8_1247,3,5134,-97.664785,30.451777,1005.344,0,0,nearest_bidirectional_physical_node_not_verified_driveway
p1uhs21_1247,1,6850,-97.584312,30.483934,429.998,1,0,nearest_bidirectional_physical_node_not_verified_driveway
p1uhs21_1247,2,6852,-97.58483,30.485832,437.357,1,0,nearest_bidirectional_physical_node_not_verified_driveway
p1uhs21_1247,3,6851,-97.584182,30.487674,438.855,1,0,nearest_bidirectional_physical_node_not_verified_driveway
p1uhs16_1247,1,5381,-97.584575,30.467614,667.414,0,0,nearest_bidirectional_physical_node_not_verified_driveway
p1uhs16_1247,2,5380,-97.574393,30.462814,709.752,0,0,nearest_bidirectional_physical_node_not_verified_driveway
p1uhs16_1247,3,6882,-97.592898,30.464663,1104.629,0,0,nearest_bidirectional_physical_node_not_verified_driveway
p1uhs12_1247,1,5386,-97.619696,30.439292,372.084,1,0,nearest_bidirectional_physical_node_not_verified_driveway
p1uhs12_1247,2,5387,-97.617447,30.447165,545.236,0,0,nearest_bidirectional_physical_node_not_verified_driveway
p1uhs12_1247,3,5388,-97.614374,30.436809,698.414,0,0,nearest_bidirectional_physical_node_not_verified_driveway
p1uhs2_1247,1,5043,-97.676866,30.434743,144.204,1,0,nearest_bidirectional_physical_node_not_verified_driveway
p1uhs2_1247,2,5123,-97.674878,30.429253,495.936,1,0,nearest_bidirectional_physical_node_not_verified_driveway
p1uhs2_1247,3,5118,-97.671,30.431371,580.155,0,0,nearest_bidirectional_physical_node_not_verified_driveway
p1uhs6_1247,1,5062,-97.689668,30.42594,263.547,1,0,nearest_bidirectional_physical_node_not_verified_driveway
p1uhs6_1247,2,5057,-97.687203,30.431209,414.052,1,0,nearest_bidirectional_physical_node_not_verified_driveway
p1uhs6_1247,3,6571,-97.684539,30.43062,575.129,0,0,nearest_bidirectional_physical_node_not_verified_driveway
p1uhs9_1247,1,4465,-97.670307,30.39548,484.234,1,0,nearest_bidirectional_physical_node_not_verified_driveway
p1uhs9_1247,2,4464,-97.67138,30.396128,580.712,0,0,nearest_bidirectional_physical_node_not_verified_driveway
p1uhs9_1247,3,4469,-97.66119,30.392208,594.447,0,0,nearest_bidirectional_physical_node_not_verified_driveway
p1uhs15_1247,1,4445,-97.698456,30.387461,709.882,0,0,nearest_bidirectional_physical_node_not_verified_driveway
p1uhs15_1247,2,4447,-97.704036,30.39811,785.799,0,0,nearest_bidirectional_physical_node_not_verified_driveway
p1uhs15_1247,3,4448,-97.702582,30.400335,872.84,0,0,nearest_bidirectional_physical_node_not_verified_driveway
p1uhs11_1247,1,6673,-97.724299,30.381276,104.666,1,0,nearest_bidirectional_physical_node_not_verified_driveway
p1uhs11_1247,2,4147,-97.723823,30.383302,176.959,1,0,nearest_bidirectional_physical_node_not_verified_driveway
p1uhs11_1247,3,3973,-97.724622,30.379902,239.345,1,0,nearest_bidirectional_physical_node_not_verified_driveway
p1uhs4_1247,1,4450,-97.709561,30.382191,213.584,1,0,nearest_bidirectional_physical_node_not_verified_driveway
p1uhs4_1247,2,3542,-97.710497,30.377865,276.656,1,0,nearest_bidirectional_physical_node_not_verified_driveway
p1uhs4_1247,3,4367,-97.709878,30.376973,368.101,1,0,nearest_bidirectional_physical_node_not_verified_driveway
p1uhs7_1247,1,4377,-97.686121,30.381612,570.102,0,0,nearest_bidirectional_physical_node_not_verified_driveway
p1uhs7_1247,2,4378,-97.69149,30.372053,612.174,0,0,nearest_bidirectional_physical_node_not_verified_driveway
p1uhs7_1247,3,4376,-97.682053,30.379405,675.241,0,0,nearest_bidirectional_physical_node_not_verified_driveway
p1uhs22_1247,1,4381,-97.68021,30.3722,80.151,1,0,nearest_bidirectional_physical_node_not_verified_driveway
p1uhs22_1247,2,4383,-97.678995,30.372571,183.915,1,0,nearest_bidirectional_physical_node_not_verified_driveway
p1uhs22_1247,3,4390,-97.677118,30.372525,340.673,1,0,nearest_bidirectional_physical_node_not_verified_driveway
p1uhs13_1247,1,5988,-97.639769,30.38162,878.684,0,0,nearest_bidirectional_physical_node_not_verified_driveway
p1uhs13_1247,2,5986,-97.629831,30.394808,900.813,0,0,nearest_bidirectional_physical_node_not_verified_driveway
p1uhs13_1247,3,5985,-97.628423,30.393899,935.611,0,0,nearest_bidirectional_physical_node_not_verified_driveway
p1uhs23_1247,1,4530,-97.635707,30.378277,1415.131,0,0,nearest_bidirectional_physical_node_not_verified_driveway
p1uhs23_1247,2,5989,-97.638521,30.380633,1501.035,0,0,nearest_bidirectional_physical_node_not_verified_driveway
p1uhs23_1247,3,5988,-97.639769,30.38162,1560.664,0,0,nearest_bidirectional_physical_node_not_verified_driveway
p1uhs18_1247,1,5391,-97.636435,30.426332,373.692,1,0,nearest_bidirectional_physical_node_not_verified_driveway
p1uhs18_1247,2,1234,-97.625593,30.42208,917.288,0,0,nearest_bidirectional_physical_node_not_verified_driveway
p1uhs18_1247,3,6664,-97.630988,30.414132,1079.989,0,0,nearest_bidirectional_physical_node_not_verified_driveway
p1uhs24_1247,1,4530,-97.635707,30.378277,304.454,1,0,nearest_bidirectional_physical_node_not_verified_driveway
p1uhs24_1247,2,5989,-97.638521,30.380633,316.275,1,0,nearest_bidirectional_physical_node_not_verified_driveway
p1uhs24_1247,3,5988,-97.639769,30.38162,434.009,1,0,nearest_bidirectional_physical_node_not_verified_driveway
p1rhs4_1247,1,1425,-98.067956,30.393322,866.665,0,0,nearest_bidirectional_physical_node_not_verified_driveway
p1rhs4_1247,2,1151,-98.058975,30.406921,1315.925,0,0,nearest_bidirectional_physical_node_not_verified_driveway
p1rhs4_1247,3,1150,-98.086011,30.385513,2243.283,0,0,nearest_bidirectional_physical_node_not_verified_driveway
p1rhs1_1247,1,4628,-97.945845,30.557239,2627.266,0,0,nearest_bidirectional_physical_node_not_verified_driveway
p1rhs1_1247,2,6624,-97.892095,30.538408,2950.306,0,0,nearest_bidirectional_physical_node_not_verified_driveway
p1rhs1_1247,3,4631,-97.907746,30.572379,3176.379,0,0,nearest_bidirectional_physical_node_not_verified_driveway
p1rhs7_1247,1,6670,-97.50215,30.471894,420.664,1,0,nearest_bidirectional_physical_node_not_verified_driveway
p1rhs7_1247,2,6639,-97.501189,30.477516,626.908,0,0,nearest_bidirectional_physical_node_not_verified_driveway
p1rhs7_1247,3,6640,-97.503768,30.462424,1272.211,0,0,nearest_bidirectional_physical_node_not_verified_driveway
p1rhs2_1247,1,4546,-97.528273,30.367369,1648.955,0,0,nearest_bidirectional_physical_node_not_verified_driveway
p1rhs2_1247,2,6464,-97.517736,30.349683,1710.337,0,0,nearest_bidirectional_physical_node_not_verified_driveway
p1rhs2_1247,3,6463,-97.517799,30.349374,1744.655,0,0,nearest_bidirectional_physical_node_not_verified_driveway
p1rhs0_1247,1,5607,-97.424792,30.370092,1994.922,0,0,nearest_bidirectional_physical_node_not_verified_driveway
p1rhs0_1247,2,6492,-97.442616,30.377096,2256.234,0,0,nearest_bidirectional_physical_node_not_verified_driveway
p1rhs0_1247,3,6493,-97.397909,30.373892,2848.734,0,0,nearest_bidirectional_physical_node_not_verified_driveway
p1rhs6_1247,1,5596,-97.46401,30.291006,1127.28,0,0,nearest_bidirectional_physical_node_not_verified_driveway
p1rhs6_1247,2,5611,-97.476401,30.296791,2178.907,0,0,nearest_bidirectional_physical_node_not_verified_driveway
p1rhs6_1247,3,5609,-97.453975,30.306721,3002.999,0,0,nearest_bidirectional_physical_node_not_verified_driveway
p1rhs5_1247,1,6515,-97.556311,30.186951,3104.241,0,0,nearest_bidirectional_physical_node_not_verified_driveway
p1rhs5_1247,2,6517,-97.58265,30.189352,3183.265,0,0,nearest_bidirectional_physical_node_not_verified_driveway
p1rhs5_1247,3,6516,-97.556569,30.18602,3197.152,0,0,nearest_bidirectional_physical_node_not_verified_driveway
p1rhs3_1247,1,2743,-97.694471,30.106856,1038.658,0,0,nearest_bidirectional_physical_node_not_verified_driveway
p1rhs3_1247,2,6430,-97.694182,30.106826,1063.751,0,0,nearest_bidirectional_physical_node_not_verified_driveway
p1rhs3_1247,3,6429,-97.695057,30.11189,1296.053,0,0,nearest_bidirectional_physical_node_not_verified_driveway
p4uhs3_1247,1,4628,-97.945845,30.557239,1237.62,0,0,nearest_bidirectional_physical_node_not_verified_driveway
p4uhs3_1247,2,4631,-97.907746,30.572379,3388.053,0,0,nearest_bidirectional_physical_node_not_verified_driveway
p4uhs3_1247,3,6624,-97.892095,30.538408,4324.252,0,0,nearest_bidirectional_physical_node_not_verified_driveway
p4uhs0_1247,1,6707,-97.974974,30.344271,583.69,0,0,nearest_bidirectional_physical_node_not_verified_driveway
p4uhs0_1247,2,2277,-97.978713,30.357365,974.055,0,0,nearest_bidirectional_physical_node_not_verified_driveway
p4uhs0_1247,3,6706,-97.967036,30.342613,1032.887,0,0,nearest_bidirectional_physical_node_not_verified_driveway
p4uhs4_1247,1,1118,-98.04384,30.43398,2305.925,0,0,nearest_bidirectional_physical_node_not_verified_driveway
p4uhs4_1247,2,1151,-98.058975,30.406921,3179.795,0,0,nearest_bidirectional_physical_node_not_verified_driveway
p4uhs4_1247,3,7334,-98.098789,30.445402,3202.545,0,0,nearest_bidirectional_physical_node_not_verified_driveway
p4uhs6_1247,1,4633,-97.901209,30.477924,734.56,0,0,nearest_bidirectional_physical_node_not_verified_driveway
p4uhs6_1247,2,4627,-97.904401,30.449426,3315.382,0,0,nearest_bidirectional_physical_node_not_verified_driveway
p4uhs6_1247,3,4629,-97.911433,30.511005,3567.593,0,0,nearest_bidirectional_physical_node_not_verified_driveway
p4uhs5_1247,1,4648,-97.986889,30.453639,740.14,0,0,nearest_bidirectional_physical_node_not_verified_driveway
p4uhs5_1247,2,4646,-97.979566,30.454777,1452.113,0,0,nearest_bidirectional_physical_node_not_verified_driveway
p4uhs5_1247,3,4647,-97.991415,30.472365,2291.507,0,0,nearest_bidirectional_physical_node_not_verified_driveway
p4uhs7_1247,1,4626,-97.911725,30.44215,1824.926,0,0,nearest_bidirectional_physical_node_not_verified_driveway
p4uhs7_1247,2,7287,-97.930203,30.420686,2384.213,0,0,nearest_bidirectional_physical_node_not_verified_driveway
p4uhs7_1247,3,4627,-97.904401,30.449426,2654.25,0,0,nearest_bidirectional_physical_node_not_verified_driveway
p4uhs8_1247,1,6648,-97.843518,30.467055,517.476,0,0,nearest_bidirectional_physical_node_not_verified_driveway
p4uhs8_1247,2,4652,-97.846112,30.473235,811.652,0,0,nearest_bidirectional_physical_node_not_verified_driveway
p4uhs8_1247,3,4651,-97.845607,30.456943,1088.893,0,0,nearest_bidirectional_physical_node_not_verified_driveway
p4uhs9_1247,1,4680,-97.810385,30.438159,1221.372,0,0,nearest_bidirectional_physical_node_not_verified_driveway
p4uhs9_1247,2,4655,-97.831847,30.445155,1314.704,0,0,nearest_bidirectional_physical_node_not_verified_driveway
p4uhs9_1247,3,4677,-97.819026,30.449621,1540.191,0,0,nearest_bidirectional_physical_node_not_verified_driveway
p4uhs10_1247,1,1251,-98.041928,30.37458,2349.395,0,0,nearest_bidirectional_physical_node_not_verified_driveway
p4uhs10_1247,2,1151,-98.058975,30.406921,3311.881,0,0,nearest_bidirectional_physical_node_not_verified_driveway
p4uhs10_1247,3,7353,-98.037949,30.363207,3364.855,0,0,nearest_bidirectional_physical_node_not_verified_driveway
p4uhs11_1247,1,1425,-98.067956,30.393322,145.902,1,0,nearest_bidirectional_physical_node_not_verified_driveway
p4uhs11_1247,2,1151,-98.058975,30.406921,1601.245,0,0,nearest_bidirectional_physical_node_not_verified_driveway
p4uhs11_1247,3,1150,-98.086011,30.385513,2032.937,0,0,nearest_bidirectional_physical_node_not_verified_driveway
p4uhs12_1247,1,6684,-97.987451,30.389098,244.453,1,0,nearest_bidirectional_physical_node_not_verified_driveway
p4uhs12_1247,2,6963,-97.981346,30.367302,2429.042,0,0,nearest_bidirectional_physical_node_not_verified_driveway
p4uhs12_1247,3,1119,-97.974328,30.4147,3316.774,0,0,nearest_bidirectional_physical_node_not_verified_driveway
p4uhs2_1247,1,7346,-97.929315,30.397364,460.529,1,0,nearest_bidirectional_physical_node_not_verified_driveway
p4uhs2_1247,2,2285,-97.937119,30.391435,557.423,0,0,nearest_bidirectional_physical_node_not_verified_driveway
p4uhs2_1247,3,7287,-97.930203,30.420686,2832.329,0,0,nearest_bidirectional_physical_node_not_verified_driveway
p4uhs13_1247,1,6963,-97.981346,30.367302,1139.734,0,0,nearest_bidirectional_physical_node_not_verified_driveway
p4uhs13_1247,2,2277,-97.978713,30.357365,1930.876,0,0,nearest_bidirectional_physical_node_not_verified_driveway
p4uhs13_1247,3,6684,-97.987451,30.389098,2249.639,0,0,nearest_bidirectional_physical_node_not_verified_driveway
p4uhs14_1247,1,2285,-97.937119,30.391435,1775.171,0,0,nearest_bidirectional_physical_node_not_verified_driveway
p4uhs14_1247,2,7346,-97.929315,30.397364,2095.209,0,0,nearest_bidirectional_physical_node_not_verified_driveway
p4uhs14_1247,3,2230,-97.903719,30.386976,2313.217,0,0,nearest_bidirectional_physical_node_not_verified_driveway
p4uhs15_1247,1,7266,-97.970426,30.336108,1737.285,0,0,nearest_bidirectional_physical_node_not_verified_driveway
p4uhs15_1247,2,7374,-97.969506,30.334174,1791.198,0,0,nearest_bidirectional_physical_node_not_verified_driveway
p4uhs15_1247,3,6707,-97.974974,30.344271,1800.424,0,0,nearest_bidirectional_physical_node_not_verified_driveway
p4uhs17_1247,1,6701,-97.926668,30.327907,1546.145,0,0,nearest_bidirectional_physical_node_not_verified_driveway
p4uhs17_1247,2,2213,-97.927441,30.307708,1908.41,0,0,nearest_bidirectional_physical_node_not_verified_driveway
p4uhs17_1247,3,6700,-97.919886,30.338148,2117.584,0,0,nearest_bidirectional_physical_node_not_verified_driveway
p4uhs18_1247,1,2281,-97.935671,30.304819,727.927,0,0,nearest_bidirectional_physical_node_not_verified_driveway
p4uhs18_1247,2,6561,-97.934953,30.304988,746.053,0,0,nearest_bidirectional_physical_node_not_verified_driveway
p4uhs18_1247,3,7466,-97.922855,30.293874,1286.203,0,0,nearest_bidirectional_physical_node_not_verified_driveway
p4uhs19_1247,1,2611,-97.845181,30.394252,482.536,1,0,nearest_bidirectional_physical_node_not_verified_driveway
p4uhs19_1247,2,2681,-97.838754,30.392014,914.202,0,0,nearest_bidirectional_physical_node_not_verified_driveway
p4uhs19_1247,3,7363,-97.850854,30.382586,945.009,0,0,nearest_bidirectional_physical_node_not_verified_driveway
p4uhs20_1247,1,7350,-97.894353,30.366422,461.822,1,0,nearest_bidirectional_physical_node_not_verified_driveway
p4uhs20_1247,2,2620,-97.884445,30.377304,1331.843,0,0,nearest_bidirectional_physical_node_not_verified_driveway
p4uhs20_1247,3,2621,-97.879879,30.377412,1713.749,0,0,nearest_bidirectional_physical_node_not_verified_driveway
p4uhs1_1247,1,2608,-97.864691,30.33747,541.245,0,0,nearest_bidirectional_physical_node_not_verified_driveway
p4uhs1_1247,2,2609,-97.881847,30.341261,1818.247,0,0,nearest_bidirectional_physical_node_not_verified_driveway
p4uhs1_1247,3,2619,-97.87288,30.322847,2343.627,0,0,nearest_bidirectional_physical_node_not_verified_driveway
p4uhs16_1247,1,2204,-98.020961,30.290398,201.882,1,0,nearest_bidirectional_physical_node_not_verified_driveway
p4uhs16_1247,2,1248,-98.034598,30.291368,1196.854,0,0,nearest_bidirectional_physical_node_not_verified_driveway
p4uhs16_1247,3,2272,-97.997469,30.303727,2895.954,0,0,nearest_bidirectional_physical_node_not_verified_driveway
p5uhs16_1247,1,3670,-97.769587,30.293801,242.939,1,0,nearest_bidirectional_physical_node_not_verified_driveway
p5uhs16_1247,2,3692,-97.771784,30.290384,382.608,1,0,nearest_bidirectional_physical_node_not_verified_driveway
p5uhs16_1247,3,3674,-97.764745,30.293738,389.662,1,0,nearest_bidirectional_physical_node_not_verified_driveway
p5uhs0_1247,1,2795,-97.72021,30.276829,152.102,1,0,nearest_bidirectional_physical_node_not_verified_driveway
p5uhs0_1247,2,2794,-97.720765,30.279509,157.869,1,0,nearest_bidirectional_physical_node_not_verified_driveway
p5uhs0_1247,3,3378,-97.72015,30.276541,183.983,1,0,nearest_bidirectional_physical_node_not_verified_driveway
p5uhs2_1247,1,3698,-97.757484,30.282583,266.526,1,0,nearest_bidirectional_physical_node_not_verified_driveway
p5uhs2_1247,2,3702,-97.751976,30.283513,336.463,1,0,nearest_bidirectional_physical_node_not_verified_driveway
p5uhs2_1247,3,3706,-97.750026,30.283717,518.211,0,0,nearest_bidirectional_physical_node_not_verified_driveway
p5uhs6_1247,1,3821,-97.737971,30.294558,176.795,1,0,nearest_bidirectional_physical_node_not_verified_driveway
p5uhs6_1247,2,3820,-97.741773,30.296367,255.07,1,0,nearest_bidirectional_physical_node_not_verified_driveway
p5uhs6_1247,3,3790,-97.737196,30.294173,259.348,1,0,nearest_bidirectional_physical_node_not_verified_driveway
p5uhs1_1247,1,2779,-97.743195,30.276069,107.129,1,0,nearest_bidirectional_physical_node_not_verified_driveway
p5uhs1_1247,2,3338,-97.743757,30.274555,112.764,1,0,nearest_bidirectional_physical_node_not_verified_driveway
p5uhs1_1247,3,3026,-97.745968,30.275151,182.846,1,0,nearest_bidirectional_physical_node_not_verified_driveway
p5uhs5_1247,1,3155,-97.751991,30.254656,365.007,1,0,nearest_bidirectional_physical_node_not_verified_driveway
p5uhs5_1247,2,3018,-97.748325,30.252084,642.551,0,0,nearest_bidirectional_physical_node_not_verified_driveway
p5uhs5_1247,3,3008,-97.756137,30.246369,705.342,0,0,nearest_bidirectional_physical_node_not_verified_driveway
p5uhs3_1247,1,3306,-97.739711,30.268034,58.638,1,0,nearest_bidirectional_physical_node_not_verified_driveway
p5uhs3_1247,2,3312,-97.738174,30.267616,102.777,1,0,nearest_bidirectional_physical_node_not_verified_driveway
p5uhs3_1247,3,3311,-97.740092,30.267027,150.448,1,0,nearest_bidirectional_physical_node_not_verified_driveway
p5uhs9_1247,1,3194,-97.725383,30.237507,171.449,1,0,nearest_bidirectional_physical_node_not_verified_driveway
p5uhs9_1247,2,3191,-97.728267,30.235904,194.561,1,0,nearest_bidirectional_physical_node_not_verified_driveway
p5uhs9_1247,3,3234,-97.725762,30.238597,274.549,1,0,nearest_bidirectional_physical_node_not_verified_driveway
p5uhs4_1247,1,3770,-97.731474,30.295394,308.87,1,0,nearest_bidirectional_physical_node_not_verified_driveway
p5uhs4_1247,2,3872,-97.726453,30.297134,344.949,1,0,nearest_bidirectional_physical_node_not_verified_driveway
p5uhs4_1247,3,3781,-97.726301,30.291758,369.503,1,0,nearest_bidirectional_physical_node_not_verified_driveway
p5uhs26_1247,1,4225,-97.701336,30.282635,68.476,1,0,nearest_bidirectional_physical_node_not_verified_driveway
p5uhs26_1247,2,4212,-97.699929,30.28288,74.503,1,0,nearest_bidirectional_physical_node_not_verified_driveway
p5uhs26_1247,3,4213,-97.70365,30.282283,292.367,1,0,nearest_bidirectional_physical_node_not_verified_driveway
p5uhs7_1247,1,3370,-97.718769,30.259281,100.307,1,0,nearest_bidirectional_physical_node_not_verified_driveway
p5uhs7_1247,2,2875,-97.717085,30.261275,282.739,1,0,nearest_bidirectional_physical_node_not_verified_driveway
p5uhs7_1247,3,2887,-97.718546,30.255881,333.652,1,0,nearest_bidirectional_physical_node_not_verified_driveway
p5uhs25_1247,1,2605,-97.786332,30.265011,56.94,1,0,nearest_bidirectional_physical_node_not_verified_driveway
p5uhs25_1247,2,2604,-97.784744,30.264583,117.739,1,0,nearest_bidirectional_physical_node_not_verified_driveway
p5uhs25_1247,3,2599,-97.78723,30.264663,121.211,1,0,nearest_bidirectional_physical_node_not_verified_driveway
p5uhs19_1247,1,3922,-97.718167,30.316155,70.129,1,0,nearest_bidirectional_physical_node_not_verified_driveway
p5uhs19_1247,2,3915,-97.719568,30.314016,221.388,1,0,nearest_bidirectional_physical_node_not_verified_driveway
p5uhs19_1247,3,3923,-97.716327,30.315284,250.663,1,0,nearest_bidirectional_physical_node_not_verified_driveway
p5uhs27_1247,1,2678,-97.796726,30.377974,636.114,0,0,nearest_bidirectional_physical_node_not_verified_driveway
p5uhs27_1247,2,7380,-97.788143,30.372769,656.913,0,0,nearest_bidirectional_physical_node_not_verified_driveway
p5uhs27_1247,3,7433,-97.788405,30.369521,710.225,0,0,nearest_bidirectional_physical_node_not_verified_driveway
p5uhs15_1247,1,3935,-97.755373,30.374388,497.997,1,0,nearest_bidirectional_physical_node_not_verified_driveway
p5uhs15_1247,2,3929,-97.764383,30.37734,536.806,0,0,nearest_bidirectional_physical_node_not_verified_driveway
p5uhs15_1247,3,3934,-97.753217,30.377409,537.561,0,0,nearest_bidirectional_physical_node_not_verified_driveway
p5uhs11_1247,1,2640,-97.839075,30.300892,452.185,1,0,nearest_bidirectional_physical_node_not_verified_driveway
p5uhs11_1247,2,2652,-97.840649,30.304314,591.979,0,0,nearest_bidirectional_physical_node_not_verified_driveway
p5uhs11_1247,3,2644,-97.827853,30.298267,824.019,0,0,nearest_bidirectional_physical_node_not_verified_driveway
p5uhs28_1247,1,3520,-97.77182,30.349399,252.223,1,0,nearest_bidirectional_physical_node_not_verified_driveway
p5uhs28_1247,2,3981,-97.77188,30.351867,497.997,1,0,nearest_bidirectional_physical_node_not_verified_driveway
p5uhs28_1247,3,3521,-97.76957,30.341347,784.704,0,0,nearest_bidirectional_physical_node_not_verified_driveway
p5uhs24_1247,1,6189,-97.808899,30.330321,375.644,1,0,nearest_bidirectional_physical_node_not_verified_driveway
p5uhs24_1247,2,7019,-97.809564,30.33023,429.429,1,0,nearest_bidirectional_physical_node_not_verified_driveway
p5uhs24_1247,3,6190,-97.80736,30.332983,503.898,0,0,nearest_bidirectional_physical_node_not_verified_driveway
p5uhs13_1247,1,3729,-97.760149,30.327292,161.252,1,0,nearest_bidirectional_physical_node_not_verified_driveway
p5uhs13_1247,2,3735,-97.758853,30.326857,286.158,1,0,nearest_bidirectional_physical_node_not_verified_driveway
p5uhs13_1247,3,3728,-97.7642,30.329318,301.449,1,0,nearest_bidirectional_physical_node_not_verified_driveway
p5uhs10_1247,1,3990,-97.753554,30.367775,358.774,1,0,nearest_bidirectional_physical_node_not_verified_driveway
p5uhs10_1247,2,3933,-97.75722,30.371596,414.237,1,0,nearest_bidirectional_physical_node_not_verified_driveway
p5uhs10_1247,3,3980,-97.763358,30.36485,671.98,0,0,nearest_bidirectional_physical_node_not_verified_driveway
p5uhs17_1247,1,4007,-97.725648,30.353656,254.353,1,0,nearest_bidirectional_physical_node_not_verified_driveway
p5uhs17_1247,2,4006,-97.730568,30.355995,300.895,1,0,nearest_bidirectional_physical_node_not_verified_driveway
p5uhs17_1247,3,4011,-97.72989,30.358546,430.04,1,0,nearest_bidirectional_physical_node_not_verified_driveway
p5uhs14_1247,1,3932,-97.748345,30.351614,277.533,1,0,nearest_bidirectional_physical_node_not_verified_driveway
p5uhs14_1247,2,3930,-97.748718,30.352045,293.676,1,0,nearest_bidirectional_physical_node_not_verified_driveway
p5uhs14_1247,3,3931,-97.746604,30.355305,295.682,1,0,nearest_bidirectional_physical_node_not_verified_driveway
p5uhs18_1247,1,3653,-97.745204,30.327789,167.37,1,0,nearest_bidirectional_physical_node_not_verified_driveway
p5uhs18_1247,2,3648,-97.744643,30.32521,211.166,1,0,nearest_bidirectional_physical_node_not_verified_driveway
p5uhs18_1247,3,3907,-97.743632,30.324701,250.192,1,0,nearest_bidirectional_physical_node_not_verified_driveway
p5uhs12_1247,1,2657,-97.797985,30.292344,318.783,1,0,nearest_bidirectional_physical_node_not_verified_driveway
p5uhs12_1247,2,2658,-97.790063,30.289988,493.116,1,0,nearest_bidirectional_physical_node_not_verified_driveway
p5uhs12_1247,3,2660,-97.801329,30.290906,600.84,0,0,nearest_bidirectional_physical_node_not_verified_driveway
p5uhs20_1247,1,3663,-97.766904,30.31321,603.921,0,0,nearest_bidirectional_physical_node_not_verified_driveway
p5uhs20_1247,2,3744,-97.756619,30.316265,661.325,0,0,nearest_bidirectional_physical_node_not_verified_driveway
p5uhs20_1247,3,3615,-97.763949,30.311536,684.788,0,0,nearest_bidirectional_physical_node_not_verified_driveway
p5uhs21_1247,1,4399,-97.704104,30.359423,267.198,1,0,nearest_bidirectional_physical_node_not_verified_driveway
p5uhs21_1247,2,4398,-97.709533,30.361855,338.939,1,0,nearest_bidirectional_physical_node_not_verified_driveway
p5uhs21_1247,3,4431,-97.707672,30.364905,563.864,0,0,nearest_bidirectional_physical_node_not_verified_driveway
p5uhs29_1247,1,3927,-97.722701,30.331677,349.314,1,0,nearest_bidirectional_physical_node_not_verified_driveway
p5uhs29_1247,2,3893,-97.723583,30.330256,350.026,1,0,nearest_bidirectional_physical_node_not_verified_driveway
p5uhs29_1247,3,3607,-97.715821,30.328501,420.321,1,0,nearest_bidirectional_physical_node_not_verified_driveway
p5uhs8_1247,1,4295,-97.703334,30.335612,281.646,1,0,nearest_bidirectional_physical_node_not_verified_driveway
p5uhs8_1247,2,4300,-97.701467,30.337165,400.039,1,0,nearest_bidirectional_physical_node_not_verified_driveway
p5uhs8_1247,3,4298,-97.703324,30.334184,400.581,1,0,nearest_bidirectional_physical_node_not_verified_driveway
p5uhs23_1247,1,4460,-97.677071,30.345585,147.156,1,0,nearest_bidirectional_physical_node_not_verified_driveway
p5uhs23_1247,2,4457,-97.674314,30.344808,317.879,1,0,nearest_bidirectional_physical_node_not_verified_driveway
p5uhs23_1247,3,3577,-97.678025,30.343706,374.614,1,0,nearest_bidirectional_physical_node_not_verified_driveway
p5uhs22_1247,1,4172,-97.684731,30.321047,174.455,1,0,nearest_bidirectional_physical_node_not_verified_driveway
p5uhs22_1247,2,4174,-97.684571,30.322481,187.431,1,0,nearest_bidirectional_physical_node_not_verified_driveway
p5uhs22_1247,3,4175,-97.681146,30.323653,298.239,1,0,nearest_bidirectional_physical_node_not_verified_driveway
p5uhs30_1247,1,4179,-97.681103,30.304233,219.886,1,0,nearest_bidirectional_physical_node_not_verified_driveway
p5uhs30_1247,2,4160,-97.685277,30.306617,298.833,1,0,nearest_bidirectional_physical_node_not_verified_driveway
p5uhs30_1247,3,4180,-97.684753,30.300804,430.74,1,0,nearest_bidirectional_physical_node_not_verified_driveway
